
  1D histogram 1: step size of primary track
 
 	     X 		     Y
  0	5.000000e-04	2.100000e+02
  1	1.500000e-03	1.920000e+02
  2	2.500000e-03	2.280000e+02
  3	3.500000e-03	2.080000e+02
  4	4.500000e-03	2.290000e+02
  5	5.500000e-03	2.100000e+02
  6	6.500000e-03	2.170000e+02
  7	7.500000e-03	1.990000e+02
  8	8.500000e-03	2.200000e+02
  9	9.500000e-03	2.130000e+02
  10	1.050000e-02	2.250000e+02
  11	1.150000e-02	1.740000e+02
  12	1.250000e-02	2.090000e+02
  13	1.350000e-02	1.870000e+02
  14	1.450000e-02	2.090000e+02
  15	1.550000e-02	1.950000e+02
  16	1.650000e-02	2.030000e+02
  17	1.750000e-02	2.030000e+02
  18	1.850000e-02	1.950000e+02
  19	1.950000e-02	2.200000e+02
  20	2.050000e-02	2.000000e+02
  21	2.150000e-02	2.050000e+02
  22	2.250000e-02	1.870000e+02
  23	2.350000e-02	2.070000e+02
  24	2.450000e-02	1.990000e+02
  25	2.550000e-02	2.170000e+02
  26	2.650000e-02	2.130000e+02
  27	2.750000e-02	2.160000e+02
  28	2.850000e-02	2.130000e+02
  29	2.950000e-02	2.340000e+02
  30	3.050000e-02	2.040000e+02
  31	3.150000e-02	2.260000e+02
  32	3.250000e-02	2.210000e+02
  33	3.350000e-02	2.010000e+02
  34	3.450000e-02	2.270000e+02
  35	3.550000e-02	2.040000e+02
  36	3.650000e-02	2.170000e+02
  37	3.750000e-02	2.110000e+02
  38	3.850000e-02	2.070000e+02
  39	3.950000e-02	2.000000e+02
  40	4.050000e-02	1.890000e+02
  41	4.150000e-02	2.150000e+02
  42	4.250000e-02	2.220000e+02
  43	4.350000e-02	1.960000e+02
  44	4.450000e-02	2.420000e+02
  45	4.550000e-02	2.070000e+02
  46	4.650000e-02	2.200000e+02
  47	4.750000e-02	2.290000e+02
  48	4.850000e-02	2.010000e+02
  49	4.950000e-02	2.020000e+02
  50	5.050000e-02	2.080000e+02
  51	5.150000e-02	2.160000e+02
  52	5.250000e-02	2.150000e+02
  53	5.350000e-02	1.910000e+02
  54	5.450000e-02	2.210000e+02
  55	5.550000e-02	2.040000e+02
  56	5.650000e-02	1.880000e+02
  57	5.750000e-02	1.940000e+02
  58	5.850000e-02	2.210000e+02
  59	5.950000e-02	2.150000e+02
  60	6.050000e-02	2.070000e+02
  61	6.150000e-02	2.160000e+02
  62	6.250000e-02	2.170000e+02
  63	6.350000e-02	2.110000e+02
  64	6.450000e-02	1.930000e+02
  65	6.550000e-02	2.150000e+02
  66	6.650000e-02	2.240000e+02
  67	6.750000e-02	2.200000e+02
  68	6.850000e-02	2.210000e+02
  69	6.950000e-02	2.380000e+02
  70	7.050000e-02	2.140000e+02
  71	7.150000e-02	2.040000e+02
  72	7.250000e-02	1.980000e+02
  73	7.350000e-02	1.950000e+02
  74	7.450000e-02	1.980000e+02
  75	7.550000e-02	1.940000e+02
  76	7.650000e-02	1.990000e+02
  77	7.750000e-02	2.090000e+02
  78	7.850000e-02	2.140000e+02
  79	7.950000e-02	2.010000e+02
  80	8.050000e-02	2.320000e+02
  81	8.150000e-02	2.060000e+02
  82	8.250000e-02	1.920000e+02
  83	8.350000e-02	2.060000e+02
  84	8.450000e-02	2.080000e+02
  85	8.550000e-02	2.340000e+02
  86	8.650000e-02	1.970000e+02
  87	8.750000e-02	2.170000e+02
  88	8.850000e-02	1.820000e+02
  89	8.950000e-02	2.060000e+02
  90	9.050000e-02	2.220000e+02
  91	9.150000e-02	2.100000e+02
  92	9.250000e-02	2.100000e+02
  93	9.350000e-02	1.990000e+02
  94	9.450000e-02	2.010000e+02
  95	9.550000e-02	1.940000e+02
  96	9.650000e-02	2.160000e+02
  97	9.750000e-02	2.000000e+02
  98	9.850000e-02	1.900000e+02
  99	9.950000e-02	1.980000e+02
  100	1.005000e-01	2.220000e+02
  101	1.015000e-01	2.150000e+02
  102	1.025000e-01	1.970000e+02
  103	1.035000e-01	1.890000e+02
  104	1.045000e-01	2.070000e+02
  105	1.055000e-01	2.020000e+02
  106	1.065000e-01	2.220000e+02
  107	1.075000e-01	2.280000e+02
  108	1.085000e-01	2.130000e+02
  109	1.095000e-01	2.140000e+02
  110	1.105000e-01	1.960000e+02
  111	1.115000e-01	2.260000e+02
  112	1.125000e-01	2.090000e+02
  113	1.135000e-01	2.120000e+02
  114	1.145000e-01	2.270000e+02
  115	1.155000e-01	2.310000e+02
  116	1.165000e-01	2.140000e+02
  117	1.175000e-01	1.890000e+02
  118	1.185000e-01	2.000000e+02
  119	1.195000e-01	2.160000e+02
  120	1.205000e-01	2.060000e+02
  121	1.215000e-01	2.080000e+02
  122	1.225000e-01	2.100000e+02
  123	1.235000e-01	2.160000e+02
  124	1.245000e-01	1.990000e+02
  125	1.255000e-01	2.090000e+02
  126	1.265000e-01	1.880000e+02
  127	1.275000e-01	2.040000e+02
  128	1.285000e-01	2.190000e+02
  129	1.295000e-01	2.350000e+02
  130	1.305000e-01	2.020000e+02
  131	1.315000e-01	1.940000e+02
  132	1.325000e-01	1.920000e+02
  133	1.335000e-01	2.150000e+02
  134	1.345000e-01	1.830000e+02
  135	1.355000e-01	2.250000e+02
  136	1.365000e-01	2.140000e+02
  137	1.375000e-01	1.770000e+02
  138	1.385000e-01	2.140000e+02
  139	1.395000e-01	2.030000e+02
  140	1.405000e-01	2.220000e+02
  141	1.415000e-01	1.900000e+02
  142	1.425000e-01	2.080000e+02
  143	1.435000e-01	2.020000e+02
  144	1.445000e-01	1.890000e+02
  145	1.455000e-01	2.130000e+02
  146	1.465000e-01	2.350000e+02
  147	1.475000e-01	2.150000e+02
  148	1.485000e-01	1.920000e+02
  149	1.495000e-01	2.000000e+02
  150	1.505000e-01	1.900000e+02
  151	1.515000e-01	2.100000e+02
  152	1.525000e-01	2.060000e+02
  153	1.535000e-01	1.800000e+02
  154	1.545000e-01	2.100000e+02
  155	1.555000e-01	1.750000e+02
  156	1.565000e-01	2.150000e+02
  157	1.575000e-01	2.030000e+02
  158	1.585000e-01	1.890000e+02
  159	1.595000e-01	2.100000e+02
  160	1.605000e-01	2.020000e+02
  161	1.615000e-01	2.280000e+02
  162	1.625000e-01	1.980000e+02
  163	1.635000e-01	2.270000e+02
  164	1.645000e-01	2.490000e+02
  165	1.655000e-01	2.110000e+02
  166	1.665000e-01	2.070000e+02
  167	1.675000e-01	2.070000e+02
  168	1.685000e-01	2.220000e+02
  169	1.695000e-01	1.990000e+02
  170	1.705000e-01	2.010000e+02
  171	1.715000e-01	2.120000e+02
  172	1.725000e-01	1.880000e+02
  173	1.735000e-01	1.930000e+02
  174	1.745000e-01	2.010000e+02
  175	1.755000e-01	2.150000e+02
  176	1.765000e-01	2.250000e+02
  177	1.775000e-01	2.080000e+02
  178	1.785000e-01	2.190000e+02
  179	1.795000e-01	2.090000e+02
  180	1.805000e-01	2.020000e+02
  181	1.815000e-01	1.980000e+02
  182	1.825000e-01	2.010000e+02
  183	1.835000e-01	2.260000e+02
  184	1.845000e-01	1.920000e+02
  185	1.855000e-01	2.100000e+02
  186	1.865000e-01	1.890000e+02
  187	1.875000e-01	1.930000e+02
  188	1.885000e-01	1.860000e+02
  189	1.895000e-01	1.900000e+02
  190	1.905000e-01	2.200000e+02
  191	1.915000e-01	2.270000e+02
  192	1.925000e-01	1.960000e+02
  193	1.935000e-01	1.900000e+02
  194	1.945000e-01	2.140000e+02
  195	1.955000e-01	1.970000e+02
  196	1.965000e-01	2.270000e+02
  197	1.975000e-01	1.930000e+02
  198	1.985000e-01	2.060000e+02
  199	1.995000e-01	2.120000e+02
  200	2.005000e-01	1.900000e+02
  201	2.015000e-01	1.870000e+02
  202	2.025000e-01	2.230000e+02
  203	2.035000e-01	2.310000e+02
  204	2.045000e-01	2.390000e+02
  205	2.055000e-01	2.000000e+02
  206	2.065000e-01	1.900000e+02
  207	2.075000e-01	2.160000e+02
  208	2.085000e-01	1.950000e+02
  209	2.095000e-01	2.240000e+02
  210	2.105000e-01	2.030000e+02
  211	2.115000e-01	2.170000e+02
  212	2.125000e-01	1.720000e+02
  213	2.135000e-01	1.880000e+02
  214	2.145000e-01	2.050000e+02
  215	2.155000e-01	1.950000e+02
  216	2.165000e-01	1.950000e+02
  217	2.175000e-01	2.020000e+02
  218	2.185000e-01	2.050000e+02
  219	2.195000e-01	1.960000e+02
  220	2.205000e-01	2.120000e+02
  221	2.215000e-01	2.010000e+02
  222	2.225000e-01	1.880000e+02
  223	2.235000e-01	2.130000e+02
  224	2.245000e-01	1.800000e+02
  225	2.255000e-01	1.930000e+02
  226	2.265000e-01	2.150000e+02
  227	2.275000e-01	2.130000e+02
  228	2.285000e-01	2.040000e+02
  229	2.295000e-01	2.010000e+02
  230	2.305000e-01	1.900000e+02
  231	2.315000e-01	2.020000e+02
  232	2.325000e-01	2.260000e+02
  233	2.335000e-01	2.060000e+02
  234	2.345000e-01	2.040000e+02
  235	2.355000e-01	2.050000e+02
  236	2.365000e-01	1.970000e+02
  237	2.375000e-01	1.970000e+02
  238	2.385000e-01	2.370000e+02
  239	2.395000e-01	2.130000e+02
  240	2.405000e-01	2.010000e+02
  241	2.415000e-01	2.090000e+02
  242	2.425000e-01	2.000000e+02
  243	2.435000e-01	2.060000e+02
  244	2.445000e-01	2.200000e+02
  245	2.455000e-01	2.000000e+02
  246	2.465000e-01	2.120000e+02
  247	2.475000e-01	2.090000e+02
  248	2.485000e-01	2.110000e+02
  249	2.495000e-01	2.100000e+02
  250	2.505000e-01	2.070000e+02
  251	2.515000e-01	1.960000e+02
  252	2.525000e-01	2.160000e+02
  253	2.535000e-01	1.870000e+02
  254	2.545000e-01	1.940000e+02
  255	2.555000e-01	2.050000e+02
  256	2.565000e-01	1.920000e+02
  257	2.575000e-01	2.380000e+02
  258	2.585000e-01	1.870000e+02
  259	2.595000e-01	2.160000e+02
  260	2.605000e-01	2.340000e+02
  261	2.615000e-01	2.080000e+02
  262	2.625000e-01	1.980000e+02
  263	2.635000e-01	2.070000e+02
  264	2.645000e-01	2.220000e+02
  265	2.655000e-01	1.910000e+02
  266	2.665000e-01	2.220000e+02
  267	2.675000e-01	1.860000e+02
  268	2.685000e-01	1.820000e+02
  269	2.695000e-01	1.960000e+02
  270	2.705000e-01	2.020000e+02
  271	2.715000e-01	2.070000e+02
  272	2.725000e-01	2.080000e+02
  273	2.735000e-01	2.140000e+02
  274	2.745000e-01	1.860000e+02
  275	2.755000e-01	1.940000e+02
  276	2.765000e-01	1.940000e+02
  277	2.775000e-01	1.950000e+02
  278	2.785000e-01	2.150000e+02
  279	2.795000e-01	1.650000e+02
  280	2.805000e-01	1.830000e+02
  281	2.815000e-01	1.870000e+02
  282	2.825000e-01	2.000000e+02
  283	2.835000e-01	2.020000e+02
  284	2.845000e-01	2.030000e+02
  285	2.855000e-01	2.180000e+02
  286	2.865000e-01	1.960000e+02
  287	2.875000e-01	2.330000e+02
  288	2.885000e-01	1.930000e+02
  289	2.895000e-01	1.900000e+02
  290	2.905000e-01	2.110000e+02
  291	2.915000e-01	1.980000e+02
  292	2.925000e-01	1.900000e+02
  293	2.935000e-01	2.160000e+02
  294	2.945000e-01	1.930000e+02
  295	2.955000e-01	2.000000e+02
  296	2.965000e-01	2.070000e+02
  297	2.975000e-01	2.040000e+02
  298	2.985000e-01	1.900000e+02
  299	2.995000e-01	2.090000e+02
  300	3.005000e-01	2.100000e+02
  301	3.015000e-01	2.240000e+02
  302	3.025000e-01	1.900000e+02
  303	3.035000e-01	2.130000e+02
  304	3.045000e-01	2.120000e+02
  305	3.055000e-01	1.980000e+02
  306	3.065000e-01	2.260000e+02
  307	3.075000e-01	1.940000e+02
  308	3.085000e-01	2.340000e+02
  309	3.095000e-01	1.920000e+02
  310	3.105000e-01	2.120000e+02
  311	3.115000e-01	1.830000e+02
  312	3.125000e-01	1.570000e+02
  313	3.135000e-01	1.960000e+02
  314	3.145000e-01	1.940000e+02
  315	3.155000e-01	1.960000e+02
  316	3.165000e-01	2.140000e+02
  317	3.175000e-01	1.680000e+02
  318	3.185000e-01	2.020000e+02
  319	3.195000e-01	2.010000e+02
  320	3.205000e-01	2.020000e+02
  321	3.215000e-01	1.970000e+02
  322	3.225000e-01	2.030000e+02
  323	3.235000e-01	1.780000e+02
  324	3.245000e-01	1.870000e+02
  325	3.255000e-01	2.270000e+02
  326	3.265000e-01	1.840000e+02
  327	3.275000e-01	1.740000e+02
  328	3.285000e-01	1.930000e+02
  329	3.295000e-01	1.800000e+02
  330	3.305000e-01	1.930000e+02
  331	3.315000e-01	2.050000e+02
  332	3.325000e-01	2.010000e+02
  333	3.335000e-01	1.750000e+02
  334	3.345000e-01	1.910000e+02
  335	3.355000e-01	1.950000e+02
  336	3.365000e-01	1.890000e+02
  337	3.375000e-01	1.970000e+02
  338	3.385000e-01	2.240000e+02
  339	3.395000e-01	2.060000e+02
  340	3.405000e-01	1.930000e+02
  341	3.415000e-01	1.900000e+02
  342	3.425000e-01	1.870000e+02
  343	3.435000e-01	2.090000e+02
  344	3.445000e-01	1.860000e+02
  345	3.455000e-01	1.840000e+02
  346	3.465000e-01	2.110000e+02
  347	3.475000e-01	1.880000e+02
  348	3.485000e-01	2.000000e+02
  349	3.495000e-01	2.070000e+02
  350	3.505000e-01	2.090000e+02
  351	3.515000e-01	1.780000e+02
  352	3.525000e-01	2.070000e+02
  353	3.535000e-01	2.040000e+02
  354	3.545000e-01	1.720000e+02
  355	3.555000e-01	2.100000e+02
  356	3.565000e-01	1.910000e+02
  357	3.575000e-01	2.170000e+02
  358	3.585000e-01	2.030000e+02
  359	3.595000e-01	1.940000e+02
  360	3.605000e-01	1.830000e+02
  361	3.615000e-01	2.170000e+02
  362	3.625000e-01	2.040000e+02
  363	3.635000e-01	1.990000e+02
  364	3.645000e-01	1.970000e+02
  365	3.655000e-01	1.970000e+02
  366	3.665000e-01	1.920000e+02
  367	3.675000e-01	1.830000e+02
  368	3.685000e-01	2.330000e+02
  369	3.695000e-01	2.120000e+02
  370	3.705000e-01	2.040000e+02
  371	3.715000e-01	2.000000e+02
  372	3.725000e-01	1.840000e+02
  373	3.735000e-01	1.870000e+02
  374	3.745000e-01	2.110000e+02
  375	3.755000e-01	1.960000e+02
  376	3.765000e-01	1.840000e+02
  377	3.775000e-01	2.190000e+02
  378	3.785000e-01	1.960000e+02
  379	3.795000e-01	1.950000e+02
  380	3.805000e-01	1.800000e+02
  381	3.815000e-01	2.340000e+02
  382	3.825000e-01	1.900000e+02
  383	3.835000e-01	1.870000e+02
  384	3.845000e-01	1.920000e+02
  385	3.855000e-01	2.090000e+02
  386	3.865000e-01	1.770000e+02
  387	3.875000e-01	2.230000e+02
  388	3.885000e-01	2.260000e+02
  389	3.895000e-01	2.280000e+02
  390	3.905000e-01	2.060000e+02
  391	3.915000e-01	1.900000e+02
  392	3.925000e-01	1.870000e+02
  393	3.935000e-01	1.810000e+02
  394	3.945000e-01	1.900000e+02
  395	3.955000e-01	1.880000e+02
  396	3.965000e-01	2.030000e+02
  397	3.975000e-01	2.190000e+02
  398	3.985000e-01	2.030000e+02
  399	3.995000e-01	1.890000e+02
  400	4.005000e-01	2.130000e+02
  401	4.015000e-01	1.990000e+02
  402	4.025000e-01	1.960000e+02
  403	4.035000e-01	1.860000e+02
  404	4.045000e-01	2.220000e+02
  405	4.055000e-01	2.010000e+02
  406	4.065000e-01	2.300000e+02
  407	4.075000e-01	2.060000e+02
  408	4.085000e-01	1.850000e+02
  409	4.095000e-01	1.850000e+02
  410	4.105000e-01	1.980000e+02
  411	4.115000e-01	2.090000e+02
  412	4.125000e-01	2.010000e+02
  413	4.135000e-01	2.060000e+02
  414	4.145000e-01	2.080000e+02
  415	4.155000e-01	2.040000e+02
  416	4.165000e-01	1.990000e+02
  417	4.175000e-01	2.000000e+02
  418	4.185000e-01	2.090000e+02
  419	4.195000e-01	2.120000e+02
  420	4.205000e-01	2.280000e+02
  421	4.215000e-01	2.110000e+02
  422	4.225000e-01	1.850000e+02
  423	4.235000e-01	2.000000e+02
  424	4.245000e-01	2.100000e+02
  425	4.255000e-01	2.060000e+02
  426	4.265000e-01	1.970000e+02
  427	4.275000e-01	2.110000e+02
  428	4.285000e-01	2.250000e+02
  429	4.295000e-01	1.900000e+02
  430	4.305000e-01	1.950000e+02
  431	4.315000e-01	2.250000e+02
  432	4.325000e-01	1.800000e+02
  433	4.335000e-01	1.880000e+02
  434	4.345000e-01	1.920000e+02
  435	4.355000e-01	1.750000e+02
  436	4.365000e-01	2.280000e+02
  437	4.375000e-01	2.200000e+02
  438	4.385000e-01	1.770000e+02
  439	4.395000e-01	2.140000e+02
  440	4.405000e-01	2.050000e+02
  441	4.415000e-01	1.790000e+02
  442	4.425000e-01	1.790000e+02
  443	4.435000e-01	2.110000e+02
  444	4.445000e-01	2.010000e+02
  445	4.455000e-01	1.880000e+02
  446	4.465000e-01	1.800000e+02
  447	4.475000e-01	1.940000e+02
  448	4.485000e-01	1.820000e+02
  449	4.495000e-01	2.060000e+02
  450	4.505000e-01	1.890000e+02
  451	4.515000e-01	1.960000e+02
  452	4.525000e-01	1.730000e+02
  453	4.535000e-01	1.960000e+02
  454	4.545000e-01	1.820000e+02
  455	4.555000e-01	1.810000e+02
  456	4.565000e-01	2.020000e+02
  457	4.575000e-01	1.840000e+02
  458	4.585000e-01	1.990000e+02
  459	4.595000e-01	2.040000e+02
  460	4.605000e-01	2.110000e+02
  461	4.615000e-01	2.120000e+02
  462	4.625000e-01	1.930000e+02
  463	4.635000e-01	1.890000e+02
  464	4.645000e-01	2.090000e+02
  465	4.655000e-01	1.910000e+02
  466	4.665000e-01	2.020000e+02
  467	4.675000e-01	1.800000e+02
  468	4.685000e-01	2.010000e+02
  469	4.695000e-01	1.750000e+02
  470	4.705000e-01	1.930000e+02
  471	4.715000e-01	2.100000e+02
  472	4.725000e-01	1.990000e+02
  473	4.735000e-01	2.100000e+02
  474	4.745000e-01	2.080000e+02
  475	4.755000e-01	2.050000e+02
  476	4.765000e-01	2.100000e+02
  477	4.775000e-01	2.230000e+02
  478	4.785000e-01	2.000000e+02
  479	4.795000e-01	2.070000e+02
  480	4.805000e-01	1.740000e+02
  481	4.815000e-01	2.070000e+02
  482	4.825000e-01	1.770000e+02
  483	4.835000e-01	1.920000e+02
  484	4.845000e-01	2.030000e+02
  485	4.855000e-01	2.030000e+02
  486	4.865000e-01	2.130000e+02
  487	4.875000e-01	2.010000e+02
  488	4.885000e-01	2.190000e+02
  489	4.895000e-01	1.900000e+02
  490	4.905000e-01	1.890000e+02
  491	4.915000e-01	1.790000e+02
  492	4.925000e-01	1.970000e+02
  493	4.935000e-01	1.780000e+02
  494	4.945000e-01	1.810000e+02
  495	4.955000e-01	1.800000e+02
  496	4.965000e-01	2.070000e+02
  497	4.975000e-01	1.790000e+02
  498	4.985000e-01	1.980000e+02
  499	4.995000e-01	2.030000e+02
  500	5.005000e-01	2.120000e+02
  501	5.015000e-01	1.850000e+02
  502	5.025000e-01	2.000000e+02
  503	5.035000e-01	2.080000e+02
  504	5.045000e-01	1.970000e+02
  505	5.055000e-01	1.930000e+02
  506	5.065000e-01	1.870000e+02
  507	5.075000e-01	1.990000e+02
  508	5.085000e-01	2.090000e+02
  509	5.095000e-01	2.180000e+02
  510	5.105000e-01	1.930000e+02
  511	5.115000e-01	1.970000e+02
  512	5.125000e-01	1.800000e+02
  513	5.135000e-01	1.750000e+02
  514	5.145000e-01	1.920000e+02
  515	5.155000e-01	1.840000e+02
  516	5.165000e-01	1.960000e+02
  517	5.175000e-01	1.960000e+02
  518	5.185000e-01	2.060000e+02
  519	5.195000e-01	1.840000e+02
  520	5.205000e-01	2.010000e+02
  521	5.215000e-01	2.040000e+02
  522	5.225000e-01	1.740000e+02
  523	5.235000e-01	1.720000e+02
  524	5.245000e-01	1.810000e+02
  525	5.255000e-01	2.040000e+02
  526	5.265000e-01	1.810000e+02
  527	5.275000e-01	2.130000e+02
  528	5.285000e-01	1.790000e+02
  529	5.295000e-01	1.940000e+02
  530	5.305000e-01	1.990000e+02
  531	5.315000e-01	1.860000e+02
  532	5.325000e-01	1.800000e+02
  533	5.335000e-01	1.650000e+02
  534	5.345000e-01	1.930000e+02
  535	5.355000e-01	1.790000e+02
  536	5.365000e-01	1.770000e+02
  537	5.375000e-01	1.580000e+02
  538	5.385000e-01	1.980000e+02
  539	5.395000e-01	1.940000e+02
  540	5.405000e-01	2.090000e+02
  541	5.415000e-01	1.940000e+02
  542	5.425000e-01	2.060000e+02
  543	5.435000e-01	2.020000e+02
  544	5.445000e-01	1.770000e+02
  545	5.455000e-01	1.840000e+02
  546	5.465000e-01	1.880000e+02
  547	5.475000e-01	1.730000e+02
  548	5.485000e-01	1.800000e+02
  549	5.495000e-01	1.870000e+02
  550	5.505000e-01	1.840000e+02
  551	5.515000e-01	1.950000e+02
  552	5.525000e-01	1.810000e+02
  553	5.535000e-01	1.950000e+02
  554	5.545000e-01	1.710000e+02
  555	5.555000e-01	2.000000e+02
  556	5.565000e-01	1.990000e+02
  557	5.575000e-01	1.600000e+02
  558	5.585000e-01	1.960000e+02
  559	5.595000e-01	1.770000e+02
  560	5.605000e-01	1.880000e+02
  561	5.615000e-01	1.960000e+02
  562	5.625000e-01	1.870000e+02
  563	5.635000e-01	2.100000e+02
  564	5.645000e-01	1.850000e+02
  565	5.655000e-01	1.990000e+02
  566	5.665000e-01	1.920000e+02
  567	5.675000e-01	1.810000e+02
  568	5.685000e-01	1.940000e+02
  569	5.695000e-01	1.950000e+02
  570	5.705000e-01	1.830000e+02
  571	5.715000e-01	1.940000e+02
  572	5.725000e-01	1.980000e+02
  573	5.735000e-01	2.050000e+02
  574	5.745000e-01	1.620000e+02
  575	5.755000e-01	1.830000e+02
  576	5.765000e-01	2.050000e+02
  577	5.775000e-01	2.180000e+02
  578	5.785000e-01	1.900000e+02
  579	5.795000e-01	1.850000e+02
  580	5.805000e-01	1.980000e+02
  581	5.815000e-01	1.920000e+02
  582	5.825000e-01	1.770000e+02
  583	5.835000e-01	2.060000e+02
  584	5.845000e-01	1.830000e+02
  585	5.855000e-01	1.580000e+02
  586	5.865000e-01	1.990000e+02
  587	5.875000e-01	2.030000e+02
  588	5.885000e-01	1.940000e+02
  589	5.895000e-01	1.830000e+02
  590	5.905000e-01	1.600000e+02
  591	5.915000e-01	1.850000e+02
  592	5.925000e-01	1.930000e+02
  593	5.935000e-01	2.000000e+02
  594	5.945000e-01	1.840000e+02
  595	5.955000e-01	2.050000e+02
  596	5.965000e-01	1.960000e+02
  597	5.975000e-01	1.740000e+02
  598	5.985000e-01	1.770000e+02
  599	5.995000e-01	2.040000e+02
  600	6.005000e-01	2.030000e+02
  601	6.015000e-01	1.840000e+02
  602	6.025000e-01	1.670000e+02
  603	6.035000e-01	2.000000e+02
  604	6.045000e-01	2.010000e+02
  605	6.055000e-01	1.900000e+02
  606	6.065000e-01	1.880000e+02
  607	6.075000e-01	1.910000e+02
  608	6.085000e-01	2.000000e+02
  609	6.095000e-01	2.020000e+02
  610	6.105000e-01	2.050000e+02
  611	6.115000e-01	1.930000e+02
  612	6.125000e-01	2.200000e+02
  613	6.135000e-01	1.770000e+02
  614	6.145000e-01	2.000000e+02
  615	6.155000e-01	1.830000e+02
  616	6.165000e-01	1.690000e+02
  617	6.175000e-01	2.000000e+02
  618	6.185000e-01	1.670000e+02
  619	6.195000e-01	1.930000e+02
  620	6.205000e-01	1.960000e+02
  621	6.215000e-01	2.190000e+02
  622	6.225000e-01	2.030000e+02
  623	6.235000e-01	1.880000e+02
  624	6.245000e-01	2.030000e+02
  625	6.255000e-01	2.200000e+02
  626	6.265000e-01	1.870000e+02
  627	6.275000e-01	2.090000e+02
  628	6.285000e-01	1.840000e+02
  629	6.295000e-01	1.820000e+02
  630	6.305000e-01	1.710000e+02
  631	6.315000e-01	1.690000e+02
  632	6.325000e-01	1.920000e+02
  633	6.335000e-01	1.930000e+02
  634	6.345000e-01	1.800000e+02
  635	6.355000e-01	1.860000e+02
  636	6.365000e-01	1.920000e+02
  637	6.375000e-01	2.030000e+02
  638	6.385000e-01	1.730000e+02
  639	6.395000e-01	2.160000e+02
  640	6.405000e-01	2.020000e+02
  641	6.415000e-01	1.820000e+02
  642	6.425000e-01	2.130000e+02
  643	6.435000e-01	2.050000e+02
  644	6.445000e-01	1.540000e+02
  645	6.455000e-01	2.020000e+02
  646	6.465000e-01	1.810000e+02
  647	6.475000e-01	1.910000e+02
  648	6.485000e-01	1.840000e+02
  649	6.495000e-01	2.040000e+02
  650	6.505000e-01	1.990000e+02
  651	6.515000e-01	1.900000e+02
  652	6.525000e-01	1.850000e+02
  653	6.535000e-01	2.060000e+02
  654	6.545000e-01	1.910000e+02
  655	6.555000e-01	1.980000e+02
  656	6.565000e-01	1.960000e+02
  657	6.575000e-01	1.810000e+02
  658	6.585000e-01	2.250000e+02
  659	6.595000e-01	2.180000e+02
  660	6.605000e-01	1.890000e+02
  661	6.615000e-01	1.840000e+02
  662	6.625000e-01	1.950000e+02
  663	6.635000e-01	2.040000e+02
  664	6.645000e-01	1.830000e+02
  665	6.655000e-01	2.010000e+02
  666	6.665000e-01	2.070000e+02
  667	6.675000e-01	1.920000e+02
  668	6.685000e-01	1.760000e+02
  669	6.695000e-01	1.930000e+02
  670	6.705000e-01	2.030000e+02
  671	6.715000e-01	1.900000e+02
  672	6.725000e-01	1.650000e+02
  673	6.735000e-01	1.910000e+02
  674	6.745000e-01	1.810000e+02
  675	6.755000e-01	1.860000e+02
  676	6.765000e-01	1.860000e+02
  677	6.775000e-01	1.910000e+02
  678	6.785000e-01	1.970000e+02
  679	6.795000e-01	1.810000e+02
  680	6.805000e-01	2.170000e+02
  681	6.815000e-01	1.720000e+02
  682	6.825000e-01	1.820000e+02
  683	6.835000e-01	1.690000e+02
  684	6.845000e-01	1.830000e+02
  685	6.855000e-01	1.600000e+02
  686	6.865000e-01	2.000000e+02
  687	6.875000e-01	1.580000e+02
  688	6.885000e-01	1.820000e+02
  689	6.895000e-01	1.870000e+02
  690	6.905000e-01	2.090000e+02
  691	6.915000e-01	1.670000e+02
  692	6.925000e-01	1.790000e+02
  693	6.935000e-01	2.030000e+02
  694	6.945000e-01	1.870000e+02
  695	6.955000e-01	1.540000e+02
  696	6.965000e-01	1.850000e+02
  697	6.975000e-01	1.850000e+02
  698	6.985000e-01	1.680000e+02
  699	6.995000e-01	1.860000e+02
  700	7.005000e-01	1.920000e+02
  701	7.015000e-01	2.010000e+02
  702	7.025000e-01	2.080000e+02
  703	7.035000e-01	1.910000e+02
  704	7.045000e-01	1.800000e+02
  705	7.055000e-01	2.230000e+02
  706	7.065000e-01	1.670000e+02
  707	7.075000e-01	2.060000e+02
  708	7.085000e-01	1.560000e+02
  709	7.095000e-01	1.940000e+02
  710	7.105000e-01	1.670000e+02
  711	7.115000e-01	1.920000e+02
  712	7.125000e-01	1.930000e+02
  713	7.135000e-01	2.000000e+02
  714	7.145000e-01	1.710000e+02
  715	7.155000e-01	1.780000e+02
  716	7.165000e-01	1.970000e+02
  717	7.175000e-01	2.030000e+02
  718	7.185000e-01	2.070000e+02
  719	7.195000e-01	1.860000e+02
  720	7.205000e-01	1.870000e+02
  721	7.215000e-01	2.000000e+02
  722	7.225000e-01	1.860000e+02
  723	7.235000e-01	1.940000e+02
  724	7.245000e-01	1.840000e+02
  725	7.255000e-01	2.050000e+02
  726	7.265000e-01	1.700000e+02
  727	7.275000e-01	2.050000e+02
  728	7.285000e-01	1.680000e+02
  729	7.295000e-01	2.010000e+02
  730	7.305000e-01	1.890000e+02
  731	7.315000e-01	1.950000e+02
  732	7.325000e-01	1.870000e+02
  733	7.335000e-01	1.930000e+02
  734	7.345000e-01	1.960000e+02
  735	7.355000e-01	1.700000e+02
  736	7.365000e-01	1.740000e+02
  737	7.375000e-01	1.620000e+02
  738	7.385000e-01	1.930000e+02
  739	7.395000e-01	1.630000e+02
  740	7.405000e-01	1.780000e+02
  741	7.415000e-01	1.960000e+02
  742	7.425000e-01	1.610000e+02
  743	7.435000e-01	1.570000e+02
  744	7.445000e-01	1.860000e+02
  745	7.455000e-01	1.810000e+02
  746	7.465000e-01	1.610000e+02
  747	7.475000e-01	1.760000e+02
  748	7.485000e-01	1.960000e+02
  749	7.495000e-01	1.800000e+02
  750	7.505000e-01	1.780000e+02
  751	7.515000e-01	2.070000e+02
  752	7.525000e-01	1.790000e+02
  753	7.535000e-01	1.920000e+02
  754	7.545000e-01	1.750000e+02
  755	7.555000e-01	1.750000e+02
  756	7.565000e-01	1.850000e+02
  757	7.575000e-01	2.030000e+02
  758	7.585000e-01	1.750000e+02
  759	7.595000e-01	1.660000e+02
  760	7.605000e-01	1.630000e+02
  761	7.615000e-01	2.000000e+02
  762	7.625000e-01	1.840000e+02
  763	7.635000e-01	2.010000e+02
  764	7.645000e-01	1.920000e+02
  765	7.655000e-01	1.660000e+02
  766	7.665000e-01	1.750000e+02
  767	7.675000e-01	1.900000e+02
  768	7.685000e-01	1.560000e+02
  769	7.695000e-01	2.020000e+02
  770	7.705000e-01	2.110000e+02
  771	7.715000e-01	2.120000e+02
  772	7.725000e-01	1.970000e+02
  773	7.735000e-01	1.920000e+02
  774	7.745000e-01	1.820000e+02
  775	7.755000e-01	2.080000e+02
  776	7.765000e-01	1.910000e+02
  777	7.775000e-01	2.050000e+02
  778	7.785000e-01	1.650000e+02
  779	7.795000e-01	1.870000e+02
  780	7.805000e-01	2.070000e+02
  781	7.815000e-01	1.840000e+02
  782	7.825000e-01	1.670000e+02
  783	7.835000e-01	1.700000e+02
  784	7.845000e-01	1.830000e+02
  785	7.855000e-01	2.050000e+02
  786	7.865000e-01	2.100000e+02
  787	7.875000e-01	1.900000e+02
  788	7.885000e-01	1.680000e+02
  789	7.895000e-01	1.760000e+02
  790	7.905000e-01	1.800000e+02
  791	7.915000e-01	1.840000e+02
  792	7.925000e-01	1.940000e+02
  793	7.935000e-01	1.790000e+02
  794	7.945000e-01	1.810000e+02
  795	7.955000e-01	2.170000e+02
  796	7.965000e-01	1.760000e+02
  797	7.975000e-01	1.780000e+02
  798	7.985000e-01	1.720000e+02
  799	7.995000e-01	1.780000e+02
  800	8.005000e-01	1.770000e+02
  801	8.015000e-01	2.040000e+02
  802	8.025000e-01	1.970000e+02
  803	8.035000e-01	1.580000e+02
  804	8.045000e-01	1.880000e+02
  805	8.055000e-01	1.970000e+02
  806	8.065000e-01	1.720000e+02
  807	8.075000e-01	1.860000e+02
  808	8.085000e-01	1.910000e+02
  809	8.095000e-01	1.940000e+02
  810	8.105000e-01	1.790000e+02
  811	8.115000e-01	1.960000e+02
  812	8.125000e-01	1.740000e+02
  813	8.135000e-01	1.670000e+02
  814	8.145000e-01	1.750000e+02
  815	8.155000e-01	1.840000e+02
  816	8.165000e-01	1.930000e+02
  817	8.175000e-01	1.830000e+02
  818	8.185000e-01	1.910000e+02
  819	8.195000e-01	1.870000e+02
  820	8.205000e-01	1.980000e+02
  821	8.215000e-01	1.890000e+02
  822	8.225000e-01	1.710000e+02
  823	8.235000e-01	1.870000e+02
  824	8.245000e-01	2.000000e+02
  825	8.255000e-01	1.920000e+02
  826	8.265000e-01	1.810000e+02
  827	8.275000e-01	1.740000e+02
  828	8.285000e-01	1.700000e+02
  829	8.295000e-01	1.830000e+02
  830	8.305000e-01	1.840000e+02
  831	8.315000e-01	1.830000e+02
  832	8.325000e-01	1.790000e+02
  833	8.335000e-01	1.850000e+02
  834	8.345000e-01	1.850000e+02
  835	8.355000e-01	1.850000e+02
  836	8.365000e-01	1.990000e+02
  837	8.375000e-01	1.780000e+02
  838	8.385000e-01	1.830000e+02
  839	8.395000e-01	1.960000e+02
  840	8.405000e-01	1.920000e+02
  841	8.415000e-01	1.710000e+02
  842	8.425000e-01	1.670000e+02
  843	8.435000e-01	1.920000e+02
  844	8.445000e-01	1.740000e+02
  845	8.455000e-01	1.920000e+02
  846	8.465000e-01	1.770000e+02
  847	8.475000e-01	1.630000e+02
  848	8.485000e-01	1.860000e+02
  849	8.495000e-01	1.790000e+02
  850	8.505000e-01	1.890000e+02
  851	8.515000e-01	1.980000e+02
  852	8.525000e-01	2.050000e+02
  853	8.535000e-01	1.880000e+02
  854	8.545000e-01	1.760000e+02
  855	8.555000e-01	1.810000e+02
  856	8.565000e-01	1.950000e+02
  857	8.575000e-01	1.870000e+02
  858	8.585000e-01	1.850000e+02
  859	8.595000e-01	1.730000e+02
  860	8.605000e-01	1.790000e+02
  861	8.615000e-01	1.970000e+02
  862	8.625000e-01	1.530000e+02
  863	8.635000e-01	1.690000e+02
  864	8.645000e-01	2.010000e+02
  865	8.655000e-01	1.780000e+02
  866	8.665000e-01	2.050000e+02
  867	8.675000e-01	1.740000e+02
  868	8.685000e-01	1.940000e+02
  869	8.695000e-01	1.590000e+02
  870	8.705000e-01	1.830000e+02
  871	8.715000e-01	2.030000e+02
  872	8.725000e-01	1.940000e+02
  873	8.735000e-01	1.500000e+02
  874	8.745000e-01	1.740000e+02
  875	8.755000e-01	1.870000e+02
  876	8.765000e-01	1.780000e+02
  877	8.775000e-01	1.560000e+02
  878	8.785000e-01	1.830000e+02
  879	8.795000e-01	1.980000e+02
  880	8.805000e-01	1.930000e+02
  881	8.815000e-01	1.770000e+02
  882	8.825000e-01	1.760000e+02
  883	8.835000e-01	1.690000e+02
  884	8.845000e-01	1.860000e+02
  885	8.855000e-01	1.840000e+02
  886	8.865000e-01	1.880000e+02
  887	8.875000e-01	1.910000e+02
  888	8.885000e-01	1.580000e+02
  889	8.895000e-01	1.970000e+02
  890	8.905000e-01	1.770000e+02
  891	8.915000e-01	1.770000e+02
  892	8.925000e-01	2.080000e+02
  893	8.935000e-01	1.980000e+02
  894	8.945000e-01	1.660000e+02
  895	8.955000e-01	1.750000e+02
  896	8.965000e-01	1.990000e+02
  897	8.975000e-01	2.050000e+02
  898	8.985000e-01	1.820000e+02
  899	8.995000e-01	2.100000e+02
  900	9.005000e-01	1.910000e+02
  901	9.015000e-01	1.810000e+02
  902	9.025000e-01	1.720000e+02
  903	9.035000e-01	1.990000e+02
  904	9.045000e-01	1.750000e+02
  905	9.055000e-01	1.970000e+02
  906	9.065000e-01	1.910000e+02
  907	9.075000e-01	1.720000e+02
  908	9.085000e-01	1.850000e+02
  909	9.095000e-01	1.940000e+02
  910	9.105000e-01	1.900000e+02
  911	9.115000e-01	1.870000e+02
  912	9.125000e-01	1.880000e+02
  913	9.135000e-01	1.800000e+02
  914	9.145000e-01	1.720000e+02
  915	9.155000e-01	1.680000e+02
  916	9.165000e-01	1.760000e+02
  917	9.175000e-01	2.010000e+02
  918	9.185000e-01	1.740000e+02
  919	9.195000e-01	1.620000e+02
  920	9.205000e-01	1.980000e+02
  921	9.215000e-01	1.940000e+02
  922	9.225000e-01	1.830000e+02
  923	9.235000e-01	1.810000e+02
  924	9.245000e-01	1.790000e+02
  925	9.255000e-01	1.980000e+02
  926	9.265000e-01	1.830000e+02
  927	9.275000e-01	1.910000e+02
  928	9.285000e-01	1.960000e+02
  929	9.295000e-01	1.910000e+02
  930	9.305000e-01	2.000000e+02
  931	9.315000e-01	1.700000e+02
  932	9.325000e-01	1.730000e+02
  933	9.335000e-01	1.750000e+02
  934	9.345000e-01	1.850000e+02
  935	9.355000e-01	1.720000e+02
  936	9.365000e-01	1.690000e+02
  937	9.375000e-01	1.710000e+02
  938	9.385000e-01	1.600000e+02
  939	9.395000e-01	1.740000e+02
  940	9.405000e-01	1.930000e+02
  941	9.415000e-01	1.790000e+02
  942	9.425000e-01	2.090000e+02
  943	9.435000e-01	1.970000e+02
  944	9.445000e-01	1.890000e+02
  945	9.455000e-01	1.740000e+02
  946	9.465000e-01	1.950000e+02
  947	9.475000e-01	1.680000e+02
  948	9.485000e-01	1.800000e+02
  949	9.495000e-01	1.670000e+02
  950	9.505000e-01	1.950000e+02
  951	9.515000e-01	1.470000e+02
  952	9.525000e-01	1.720000e+02
  953	9.535000e-01	1.820000e+02
  954	9.545000e-01	1.580000e+02
  955	9.555000e-01	1.950000e+02
  956	9.565000e-01	1.810000e+02
  957	9.575000e-01	1.700000e+02
  958	9.585000e-01	1.550000e+02
  959	9.595000e-01	1.840000e+02
  960	9.605000e-01	1.720000e+02
  961	9.615000e-01	1.940000e+02
  962	9.625000e-01	1.810000e+02
  963	9.635000e-01	1.780000e+02
  964	9.645000e-01	1.730000e+02
  965	9.655000e-01	1.720000e+02
  966	9.665000e-01	1.700000e+02
  967	9.675000e-01	1.790000e+02
  968	9.685000e-01	1.610000e+02
  969	9.695000e-01	1.790000e+02
  970	9.705000e-01	1.910000e+02
  971	9.715000e-01	1.930000e+02
  972	9.725000e-01	1.950000e+02
  973	9.735000e-01	1.920000e+02
  974	9.745000e-01	1.890000e+02
  975	9.755000e-01	1.840000e+02
  976	9.765000e-01	1.620000e+02
  977	9.775000e-01	1.640000e+02
  978	9.785000e-01	1.820000e+02
  979	9.795000e-01	1.650000e+02
  980	9.805000e-01	1.660000e+02
  981	9.815000e-01	1.850000e+02
  982	9.825000e-01	1.580000e+02
  983	9.835000e-01	1.660000e+02
  984	9.845000e-01	1.790000e+02
  985	9.855000e-01	1.730000e+02
  986	9.865000e-01	1.660000e+02
  987	9.875000e-01	1.680000e+02
  988	9.885000e-01	1.790000e+02
  989	9.895000e-01	1.800000e+02
  990	9.905000e-01	2.020000e+02
  991	9.915000e-01	1.800000e+02
  992	9.925000e-01	1.730000e+02
  993	9.935000e-01	1.660000e+02
  994	9.945000e-01	1.760000e+02
  995	9.955000e-01	1.680000e+02
  996	9.965000e-01	1.740000e+02
  997	9.975000e-01	1.800000e+02
  998	9.985000e-01	1.750000e+02
  999	9.995000e-01	1.830000e+02
  1000	1.000500e+00	1.680000e+02
  1001	1.001500e+00	2.030000e+02
  1002	1.002500e+00	1.500000e+02
  1003	1.003500e+00	1.980000e+02
  1004	1.004500e+00	1.830000e+02
  1005	1.005500e+00	1.660000e+02
  1006	1.006500e+00	1.870000e+02
  1007	1.007500e+00	1.840000e+02
  1008	1.008500e+00	1.660000e+02
  1009	1.009500e+00	1.610000e+02
  1010	1.010500e+00	1.660000e+02
  1011	1.011500e+00	1.670000e+02
  1012	1.012500e+00	1.860000e+02
  1013	1.013500e+00	1.710000e+02
  1014	1.014500e+00	1.770000e+02
  1015	1.015500e+00	1.950000e+02
  1016	1.016500e+00	1.870000e+02
  1017	1.017500e+00	1.730000e+02
  1018	1.018500e+00	1.840000e+02
  1019	1.019500e+00	1.870000e+02
  1020	1.020500e+00	1.560000e+02
  1021	1.021500e+00	1.900000e+02
  1022	1.022500e+00	1.720000e+02
  1023	1.023500e+00	1.550000e+02
  1024	1.024500e+00	1.830000e+02
  1025	1.025500e+00	1.780000e+02
  1026	1.026500e+00	1.950000e+02
  1027	1.027500e+00	1.600000e+02
  1028	1.028500e+00	2.010000e+02
  1029	1.029500e+00	1.650000e+02
  1030	1.030500e+00	1.950000e+02
  1031	1.031500e+00	1.800000e+02
  1032	1.032500e+00	2.030000e+02
  1033	1.033500e+00	1.590000e+02
  1034	1.034500e+00	1.840000e+02
  1035	1.035500e+00	1.530000e+02
  1036	1.036500e+00	1.860000e+02
  1037	1.037500e+00	1.710000e+02
  1038	1.038500e+00	2.010000e+02
  1039	1.039500e+00	1.860000e+02
  1040	1.040500e+00	1.850000e+02
  1041	1.041500e+00	1.790000e+02
  1042	1.042500e+00	1.720000e+02
  1043	1.043500e+00	1.820000e+02
  1044	1.044500e+00	1.630000e+02
  1045	1.045500e+00	1.980000e+02
  1046	1.046500e+00	1.680000e+02
  1047	1.047500e+00	1.760000e+02
  1048	1.048500e+00	2.050000e+02
  1049	1.049500e+00	1.630000e+02
  1050	1.050500e+00	1.980000e+02
  1051	1.051500e+00	1.940000e+02
  1052	1.052500e+00	1.940000e+02
  1053	1.053500e+00	1.780000e+02
  1054	1.054500e+00	1.800000e+02
  1055	1.055500e+00	1.930000e+02
  1056	1.056500e+00	1.740000e+02
  1057	1.057500e+00	1.650000e+02
  1058	1.058500e+00	1.660000e+02
  1059	1.059500e+00	1.820000e+02
  1060	1.060500e+00	1.970000e+02
  1061	1.061500e+00	1.770000e+02
  1062	1.062500e+00	1.470000e+02
  1063	1.063500e+00	1.930000e+02
  1064	1.064500e+00	1.960000e+02
  1065	1.065500e+00	1.890000e+02
  1066	1.066500e+00	1.960000e+02
  1067	1.067500e+00	1.730000e+02
  1068	1.068500e+00	1.730000e+02
  1069	1.069500e+00	2.000000e+02
  1070	1.070500e+00	1.740000e+02
  1071	1.071500e+00	1.890000e+02
  1072	1.072500e+00	1.750000e+02
  1073	1.073500e+00	1.850000e+02
  1074	1.074500e+00	1.650000e+02
  1075	1.075500e+00	1.530000e+02
  1076	1.076500e+00	1.890000e+02
  1077	1.077500e+00	1.850000e+02
  1078	1.078500e+00	1.830000e+02
  1079	1.079500e+00	1.560000e+02
  1080	1.080500e+00	1.570000e+02
  1081	1.081500e+00	2.050000e+02
  1082	1.082500e+00	1.680000e+02
  1083	1.083500e+00	1.760000e+02
  1084	1.084500e+00	1.770000e+02
  1085	1.085500e+00	2.230000e+02
  1086	1.086500e+00	1.840000e+02
  1087	1.087500e+00	1.600000e+02
  1088	1.088500e+00	1.770000e+02
  1089	1.089500e+00	1.510000e+02
  1090	1.090500e+00	1.760000e+02
  1091	1.091500e+00	1.800000e+02
  1092	1.092500e+00	1.580000e+02
  1093	1.093500e+00	1.780000e+02
  1094	1.094500e+00	1.910000e+02
  1095	1.095500e+00	1.810000e+02
  1096	1.096500e+00	1.610000e+02
  1097	1.097500e+00	1.710000e+02
  1098	1.098500e+00	1.590000e+02
  1099	1.099500e+00	1.680000e+02
  1100	1.100500e+00	1.710000e+02
  1101	1.101500e+00	1.730000e+02
  1102	1.102500e+00	1.580000e+02
  1103	1.103500e+00	1.510000e+02
  1104	1.104500e+00	1.470000e+02
  1105	1.105500e+00	1.540000e+02
  1106	1.106500e+00	1.500000e+02
  1107	1.107500e+00	1.770000e+02
  1108	1.108500e+00	1.640000e+02
  1109	1.109500e+00	1.820000e+02
  1110	1.110500e+00	1.650000e+02
  1111	1.111500e+00	1.980000e+02
  1112	1.112500e+00	1.670000e+02
  1113	1.113500e+00	1.750000e+02
  1114	1.114500e+00	1.800000e+02
  1115	1.115500e+00	1.990000e+02
  1116	1.116500e+00	1.840000e+02
  1117	1.117500e+00	1.520000e+02
  1118	1.118500e+00	1.760000e+02
  1119	1.119500e+00	1.720000e+02
  1120	1.120500e+00	1.560000e+02
  1121	1.121500e+00	1.930000e+02
  1122	1.122500e+00	1.690000e+02
  1123	1.123500e+00	2.050000e+02
  1124	1.124500e+00	1.860000e+02
  1125	1.125500e+00	1.890000e+02
  1126	1.126500e+00	1.470000e+02
  1127	1.127500e+00	1.840000e+02
  1128	1.128500e+00	1.740000e+02
  1129	1.129500e+00	1.840000e+02
  1130	1.130500e+00	1.710000e+02
  1131	1.131500e+00	1.640000e+02
  1132	1.132500e+00	1.680000e+02
  1133	1.133500e+00	1.880000e+02
  1134	1.134500e+00	1.890000e+02
  1135	1.135500e+00	2.050000e+02
  1136	1.136500e+00	1.830000e+02
  1137	1.137500e+00	1.730000e+02
  1138	1.138500e+00	1.730000e+02
  1139	1.139500e+00	1.790000e+02
  1140	1.140500e+00	1.770000e+02
  1141	1.141500e+00	2.040000e+02
  1142	1.142500e+00	1.810000e+02
  1143	1.143500e+00	1.850000e+02
  1144	1.144500e+00	1.790000e+02
  1145	1.145500e+00	1.750000e+02
  1146	1.146500e+00	1.610000e+02
  1147	1.147500e+00	1.760000e+02
  1148	1.148500e+00	2.070000e+02
  1149	1.149500e+00	1.670000e+02
  1150	1.150500e+00	1.850000e+02
  1151	1.151500e+00	2.020000e+02
  1152	1.152500e+00	1.940000e+02
  1153	1.153500e+00	1.610000e+02
  1154	1.154500e+00	1.830000e+02
  1155	1.155500e+00	1.660000e+02
  1156	1.156500e+00	1.680000e+02
  1157	1.157500e+00	1.670000e+02
  1158	1.158500e+00	1.520000e+02
  1159	1.159500e+00	2.170000e+02
  1160	1.160500e+00	1.660000e+02
  1161	1.161500e+00	1.790000e+02
  1162	1.162500e+00	1.950000e+02
  1163	1.163500e+00	1.600000e+02
  1164	1.164500e+00	1.920000e+02
  1165	1.165500e+00	1.830000e+02
  1166	1.166500e+00	1.600000e+02
  1167	1.167500e+00	1.690000e+02
  1168	1.168500e+00	1.580000e+02
  1169	1.169500e+00	1.820000e+02
  1170	1.170500e+00	1.620000e+02
  1171	1.171500e+00	1.690000e+02
  1172	1.172500e+00	1.600000e+02
  1173	1.173500e+00	1.920000e+02
  1174	1.174500e+00	1.760000e+02
  1175	1.175500e+00	1.690000e+02
  1176	1.176500e+00	1.690000e+02
  1177	1.177500e+00	1.820000e+02
  1178	1.178500e+00	1.720000e+02
  1179	1.179500e+00	1.680000e+02
  1180	1.180500e+00	1.820000e+02
  1181	1.181500e+00	1.670000e+02
  1182	1.182500e+00	1.860000e+02
  1183	1.183500e+00	1.730000e+02
  1184	1.184500e+00	1.830000e+02
  1185	1.185500e+00	1.780000e+02
  1186	1.186500e+00	1.750000e+02
  1187	1.187500e+00	1.830000e+02
  1188	1.188500e+00	1.670000e+02
  1189	1.189500e+00	1.760000e+02
  1190	1.190500e+00	1.700000e+02
  1191	1.191500e+00	1.910000e+02
  1192	1.192500e+00	1.890000e+02
  1193	1.193500e+00	1.750000e+02
  1194	1.194500e+00	1.840000e+02
  1195	1.195500e+00	1.840000e+02
  1196	1.196500e+00	1.330000e+02
  1197	1.197500e+00	1.760000e+02
  1198	1.198500e+00	1.880000e+02
  1199	1.199500e+00	1.680000e+02
  1200	1.200500e+00	1.540000e+02
  1201	1.201500e+00	1.950000e+02
  1202	1.202500e+00	1.760000e+02
  1203	1.203500e+00	1.780000e+02
  1204	1.204500e+00	1.840000e+02
  1205	1.205500e+00	1.730000e+02
  1206	1.206500e+00	1.750000e+02
  1207	1.207500e+00	1.510000e+02
  1208	1.208500e+00	1.690000e+02
  1209	1.209500e+00	1.580000e+02
  1210	1.210500e+00	1.920000e+02
  1211	1.211500e+00	1.530000e+02
  1212	1.212500e+00	1.710000e+02
  1213	1.213500e+00	1.720000e+02
  1214	1.214500e+00	1.490000e+02
  1215	1.215500e+00	1.870000e+02
  1216	1.216500e+00	1.810000e+02
  1217	1.217500e+00	1.810000e+02
  1218	1.218500e+00	1.960000e+02
  1219	1.219500e+00	1.550000e+02
  1220	1.220500e+00	1.780000e+02
  1221	1.221500e+00	1.850000e+02
  1222	1.222500e+00	1.810000e+02
  1223	1.223500e+00	1.730000e+02
  1224	1.224500e+00	1.680000e+02
  1225	1.225500e+00	1.680000e+02
  1226	1.226500e+00	1.470000e+02
  1227	1.227500e+00	1.620000e+02
  1228	1.228500e+00	1.650000e+02
  1229	1.229500e+00	1.590000e+02
  1230	1.230500e+00	1.730000e+02
  1231	1.231500e+00	1.760000e+02
  1232	1.232500e+00	1.830000e+02
  1233	1.233500e+00	1.590000e+02
  1234	1.234500e+00	1.780000e+02
  1235	1.235500e+00	1.970000e+02
  1236	1.236500e+00	1.760000e+02
  1237	1.237500e+00	1.740000e+02
  1238	1.238500e+00	1.850000e+02
  1239	1.239500e+00	1.580000e+02
  1240	1.240500e+00	1.810000e+02
  1241	1.241500e+00	1.760000e+02
  1242	1.242500e+00	1.760000e+02
  1243	1.243500e+00	1.580000e+02
  1244	1.244500e+00	1.790000e+02
  1245	1.245500e+00	1.870000e+02
  1246	1.246500e+00	1.630000e+02
  1247	1.247500e+00	1.750000e+02
  1248	1.248500e+00	1.700000e+02
  1249	1.249500e+00	1.640000e+02
  1250	1.250500e+00	1.800000e+02
  1251	1.251500e+00	1.900000e+02
  1252	1.252500e+00	1.700000e+02
  1253	1.253500e+00	1.700000e+02
  1254	1.254500e+00	1.730000e+02
  1255	1.255500e+00	1.660000e+02
  1256	1.256500e+00	1.740000e+02
  1257	1.257500e+00	1.780000e+02
  1258	1.258500e+00	1.760000e+02
  1259	1.259500e+00	1.750000e+02
  1260	1.260500e+00	1.700000e+02
  1261	1.261500e+00	1.620000e+02
  1262	1.262500e+00	1.590000e+02
  1263	1.263500e+00	2.000000e+02
  1264	1.264500e+00	1.700000e+02
  1265	1.265500e+00	1.980000e+02
  1266	1.266500e+00	1.680000e+02
  1267	1.267500e+00	1.860000e+02
  1268	1.268500e+00	1.890000e+02
  1269	1.269500e+00	1.720000e+02
  1270	1.270500e+00	1.620000e+02
  1271	1.271500e+00	1.510000e+02
  1272	1.272500e+00	1.710000e+02
  1273	1.273500e+00	1.600000e+02
  1274	1.274500e+00	1.920000e+02
  1275	1.275500e+00	1.800000e+02
  1276	1.276500e+00	1.650000e+02
  1277	1.277500e+00	1.600000e+02
  1278	1.278500e+00	1.660000e+02
  1279	1.279500e+00	1.510000e+02
  1280	1.280500e+00	1.540000e+02
  1281	1.281500e+00	1.590000e+02
  1282	1.282500e+00	1.730000e+02
  1283	1.283500e+00	1.820000e+02
  1284	1.284500e+00	1.580000e+02
  1285	1.285500e+00	1.660000e+02
  1286	1.286500e+00	1.580000e+02
  1287	1.287500e+00	1.580000e+02
  1288	1.288500e+00	1.900000e+02
  1289	1.289500e+00	1.820000e+02
  1290	1.290500e+00	1.710000e+02
  1291	1.291500e+00	1.720000e+02
  1292	1.292500e+00	1.830000e+02
  1293	1.293500e+00	1.730000e+02
  1294	1.294500e+00	1.790000e+02
  1295	1.295500e+00	1.770000e+02
  1296	1.296500e+00	1.760000e+02
  1297	1.297500e+00	1.850000e+02
  1298	1.298500e+00	1.780000e+02
  1299	1.299500e+00	1.740000e+02
  1300	1.300500e+00	1.710000e+02
  1301	1.301500e+00	1.470000e+02
  1302	1.302500e+00	1.700000e+02
  1303	1.303500e+00	1.870000e+02
  1304	1.304500e+00	1.460000e+02
  1305	1.305500e+00	1.660000e+02
  1306	1.306500e+00	1.500000e+02
  1307	1.307500e+00	1.610000e+02
  1308	1.308500e+00	1.650000e+02
  1309	1.309500e+00	1.660000e+02
  1310	1.310500e+00	1.620000e+02
  1311	1.311500e+00	1.880000e+02
  1312	1.312500e+00	1.760000e+02
  1313	1.313500e+00	1.620000e+02
  1314	1.314500e+00	1.750000e+02
  1315	1.315500e+00	1.530000e+02
  1316	1.316500e+00	1.690000e+02
  1317	1.317500e+00	1.630000e+02
  1318	1.318500e+00	1.580000e+02
  1319	1.319500e+00	1.470000e+02
  1320	1.320500e+00	1.670000e+02
  1321	1.321500e+00	1.660000e+02
  1322	1.322500e+00	1.630000e+02
  1323	1.323500e+00	1.620000e+02
  1324	1.324500e+00	1.600000e+02
  1325	1.325500e+00	1.430000e+02
  1326	1.326500e+00	1.470000e+02
  1327	1.327500e+00	1.630000e+02
  1328	1.328500e+00	1.670000e+02
  1329	1.329500e+00	1.810000e+02
  1330	1.330500e+00	1.870000e+02
  1331	1.331500e+00	1.810000e+02
  1332	1.332500e+00	1.560000e+02
  1333	1.333500e+00	1.510000e+02
  1334	1.334500e+00	1.750000e+02
  1335	1.335500e+00	1.710000e+02
  1336	1.336500e+00	1.710000e+02
  1337	1.337500e+00	1.860000e+02
  1338	1.338500e+00	1.440000e+02
  1339	1.339500e+00	1.600000e+02
  1340	1.340500e+00	1.650000e+02
  1341	1.341500e+00	1.720000e+02
  1342	1.342500e+00	1.600000e+02
  1343	1.343500e+00	1.870000e+02
  1344	1.344500e+00	1.780000e+02
  1345	1.345500e+00	1.570000e+02
  1346	1.346500e+00	1.590000e+02
  1347	1.347500e+00	1.600000e+02
  1348	1.348500e+00	1.650000e+02
  1349	1.349500e+00	1.800000e+02
  1350	1.350500e+00	1.850000e+02
  1351	1.351500e+00	1.660000e+02
  1352	1.352500e+00	1.870000e+02
  1353	1.353500e+00	1.780000e+02
  1354	1.354500e+00	1.650000e+02
  1355	1.355500e+00	1.730000e+02
  1356	1.356500e+00	1.620000e+02
  1357	1.357500e+00	1.540000e+02
  1358	1.358500e+00	1.560000e+02
  1359	1.359500e+00	1.690000e+02
  1360	1.360500e+00	1.610000e+02
  1361	1.361500e+00	1.810000e+02
  1362	1.362500e+00	1.760000e+02
  1363	1.363500e+00	1.740000e+02
  1364	1.364500e+00	1.680000e+02
  1365	1.365500e+00	1.600000e+02
  1366	1.366500e+00	1.490000e+02
  1367	1.367500e+00	1.530000e+02
  1368	1.368500e+00	1.590000e+02
  1369	1.369500e+00	1.690000e+02
  1370	1.370500e+00	1.700000e+02
  1371	1.371500e+00	1.720000e+02
  1372	1.372500e+00	1.630000e+02
  1373	1.373500e+00	1.690000e+02
  1374	1.374500e+00	1.840000e+02
  1375	1.375500e+00	1.480000e+02
  1376	1.376500e+00	1.720000e+02
  1377	1.377500e+00	1.610000e+02
  1378	1.378500e+00	1.650000e+02
  1379	1.379500e+00	1.750000e+02
  1380	1.380500e+00	1.620000e+02
  1381	1.381500e+00	1.790000e+02
  1382	1.382500e+00	1.560000e+02
  1383	1.383500e+00	1.740000e+02
  1384	1.384500e+00	1.650000e+02
  1385	1.385500e+00	1.890000e+02
  1386	1.386500e+00	1.430000e+02
  1387	1.387500e+00	1.550000e+02
  1388	1.388500e+00	1.750000e+02
  1389	1.389500e+00	1.510000e+02
  1390	1.390500e+00	1.840000e+02
  1391	1.391500e+00	1.540000e+02
  1392	1.392500e+00	1.580000e+02
  1393	1.393500e+00	1.630000e+02
  1394	1.394500e+00	2.020000e+02
  1395	1.395500e+00	1.940000e+02
  1396	1.396500e+00	1.540000e+02
  1397	1.397500e+00	1.680000e+02
  1398	1.398500e+00	1.570000e+02
  1399	1.399500e+00	1.720000e+02
  1400	1.400500e+00	1.780000e+02
  1401	1.401500e+00	1.680000e+02
  1402	1.402500e+00	1.520000e+02
  1403	1.403500e+00	1.700000e+02
  1404	1.404500e+00	1.710000e+02
  1405	1.405500e+00	1.550000e+02
  1406	1.406500e+00	1.760000e+02
  1407	1.407500e+00	1.750000e+02
  1408	1.408500e+00	1.500000e+02
  1409	1.409500e+00	1.610000e+02
  1410	1.410500e+00	1.600000e+02
  1411	1.411500e+00	1.870000e+02
  1412	1.412500e+00	1.790000e+02
  1413	1.413500e+00	1.730000e+02
  1414	1.414500e+00	1.650000e+02
  1415	1.415500e+00	1.620000e+02
  1416	1.416500e+00	1.600000e+02
  1417	1.417500e+00	1.730000e+02
  1418	1.418500e+00	1.670000e+02
  1419	1.419500e+00	1.690000e+02
  1420	1.420500e+00	1.460000e+02
  1421	1.421500e+00	1.690000e+02
  1422	1.422500e+00	1.500000e+02
  1423	1.423500e+00	1.520000e+02
  1424	1.424500e+00	1.670000e+02
  1425	1.425500e+00	1.820000e+02
  1426	1.426500e+00	1.620000e+02
  1427	1.427500e+00	1.710000e+02
  1428	1.428500e+00	1.760000e+02
  1429	1.429500e+00	1.680000e+02
  1430	1.430500e+00	1.710000e+02
  1431	1.431500e+00	1.490000e+02
  1432	1.432500e+00	1.540000e+02
  1433	1.433500e+00	1.560000e+02
  1434	1.434500e+00	1.400000e+02
  1435	1.435500e+00	1.830000e+02
  1436	1.436500e+00	1.380000e+02
  1437	1.437500e+00	1.530000e+02
  1438	1.438500e+00	1.660000e+02
  1439	1.439500e+00	1.710000e+02
  1440	1.440500e+00	1.620000e+02
  1441	1.441500e+00	1.730000e+02
  1442	1.442500e+00	1.840000e+02
  1443	1.443500e+00	1.650000e+02
  1444	1.444500e+00	1.830000e+02
  1445	1.445500e+00	1.720000e+02
  1446	1.446500e+00	1.630000e+02
  1447	1.447500e+00	1.550000e+02
  1448	1.448500e+00	1.590000e+02
  1449	1.449500e+00	1.500000e+02
  1450	1.450500e+00	1.600000e+02
  1451	1.451500e+00	1.810000e+02
  1452	1.452500e+00	1.750000e+02
  1453	1.453500e+00	1.760000e+02
  1454	1.454500e+00	1.590000e+02
  1455	1.455500e+00	1.560000e+02
  1456	1.456500e+00	1.570000e+02
  1457	1.457500e+00	1.520000e+02
  1458	1.458500e+00	1.530000e+02
  1459	1.459500e+00	1.700000e+02
  1460	1.460500e+00	1.640000e+02
  1461	1.461500e+00	1.750000e+02
  1462	1.462500e+00	1.880000e+02
  1463	1.463500e+00	1.590000e+02
  1464	1.464500e+00	1.580000e+02
  1465	1.465500e+00	1.910000e+02
  1466	1.466500e+00	1.720000e+02
  1467	1.467500e+00	1.720000e+02
  1468	1.468500e+00	1.800000e+02
  1469	1.469500e+00	1.460000e+02
  1470	1.470500e+00	1.610000e+02
  1471	1.471500e+00	1.500000e+02
  1472	1.472500e+00	1.780000e+02
  1473	1.473500e+00	1.610000e+02
  1474	1.474500e+00	1.930000e+02
  1475	1.475500e+00	1.500000e+02
  1476	1.476500e+00	1.590000e+02
  1477	1.477500e+00	1.670000e+02
  1478	1.478500e+00	1.560000e+02
  1479	1.479500e+00	1.760000e+02
  1480	1.480500e+00	1.510000e+02
  1481	1.481500e+00	1.420000e+02
  1482	1.482500e+00	1.690000e+02
  1483	1.483500e+00	1.360000e+02
  1484	1.484500e+00	1.740000e+02
  1485	1.485500e+00	1.460000e+02
  1486	1.486500e+00	1.490000e+02
  1487	1.487500e+00	1.610000e+02
  1488	1.488500e+00	1.590000e+02
  1489	1.489500e+00	1.890000e+02
  1490	1.490500e+00	1.600000e+02
  1491	1.491500e+00	1.700000e+02
  1492	1.492500e+00	1.680000e+02
  1493	1.493500e+00	1.920000e+02
  1494	1.494500e+00	1.390000e+02
  1495	1.495500e+00	1.510000e+02
  1496	1.496500e+00	1.460000e+02
  1497	1.497500e+00	1.610000e+02
  1498	1.498500e+00	1.700000e+02
  1499	1.499500e+00	1.650000e+02
  1500	1.500500e+00	1.590000e+02
  1501	1.501500e+00	1.580000e+02
  1502	1.502500e+00	1.790000e+02
  1503	1.503500e+00	1.770000e+02
  1504	1.504500e+00	1.570000e+02
  1505	1.505500e+00	1.620000e+02
  1506	1.506500e+00	1.680000e+02
  1507	1.507500e+00	1.590000e+02
  1508	1.508500e+00	1.680000e+02
  1509	1.509500e+00	1.670000e+02
  1510	1.510500e+00	1.580000e+02
  1511	1.511500e+00	1.520000e+02
  1512	1.512500e+00	1.550000e+02
  1513	1.513500e+00	1.610000e+02
  1514	1.514500e+00	1.670000e+02
  1515	1.515500e+00	1.750000e+02
  1516	1.516500e+00	1.620000e+02
  1517	1.517500e+00	1.810000e+02
  1518	1.518500e+00	1.420000e+02
  1519	1.519500e+00	1.420000e+02
  1520	1.520500e+00	1.510000e+02
  1521	1.521500e+00	1.540000e+02
  1522	1.522500e+00	1.650000e+02
  1523	1.523500e+00	1.440000e+02
  1524	1.524500e+00	1.830000e+02
  1525	1.525500e+00	1.540000e+02
  1526	1.526500e+00	1.680000e+02
  1527	1.527500e+00	1.550000e+02
  1528	1.528500e+00	1.660000e+02
  1529	1.529500e+00	1.810000e+02
  1530	1.530500e+00	1.600000e+02
  1531	1.531500e+00	1.550000e+02
  1532	1.532500e+00	1.590000e+02
  1533	1.533500e+00	1.710000e+02
  1534	1.534500e+00	1.660000e+02
  1535	1.535500e+00	1.510000e+02
  1536	1.536500e+00	1.770000e+02
  1537	1.537500e+00	1.710000e+02
  1538	1.538500e+00	1.630000e+02
  1539	1.539500e+00	1.610000e+02
  1540	1.540500e+00	1.570000e+02
  1541	1.541500e+00	1.740000e+02
  1542	1.542500e+00	1.340000e+02
  1543	1.543500e+00	1.600000e+02
  1544	1.544500e+00	1.440000e+02
  1545	1.545500e+00	1.460000e+02
  1546	1.546500e+00	1.730000e+02
  1547	1.547500e+00	1.660000e+02
  1548	1.548500e+00	1.400000e+02
  1549	1.549500e+00	1.430000e+02
  1550	1.550500e+00	1.520000e+02
  1551	1.551500e+00	1.530000e+02
  1552	1.552500e+00	1.370000e+02
  1553	1.553500e+00	1.520000e+02
  1554	1.554500e+00	1.560000e+02
  1555	1.555500e+00	1.770000e+02
  1556	1.556500e+00	1.560000e+02
  1557	1.557500e+00	1.650000e+02
  1558	1.558500e+00	1.630000e+02
  1559	1.559500e+00	1.770000e+02
  1560	1.560500e+00	1.680000e+02
  1561	1.561500e+00	1.540000e+02
  1562	1.562500e+00	1.720000e+02
  1563	1.563500e+00	1.710000e+02
  1564	1.564500e+00	1.790000e+02
  1565	1.565500e+00	1.520000e+02
  1566	1.566500e+00	1.440000e+02
  1567	1.567500e+00	1.520000e+02
  1568	1.568500e+00	1.810000e+02
  1569	1.569500e+00	1.630000e+02
  1570	1.570500e+00	1.690000e+02
  1571	1.571500e+00	1.530000e+02
  1572	1.572500e+00	1.570000e+02
  1573	1.573500e+00	1.570000e+02
  1574	1.574500e+00	1.650000e+02
  1575	1.575500e+00	1.880000e+02
  1576	1.576500e+00	1.580000e+02
  1577	1.577500e+00	1.300000e+02
  1578	1.578500e+00	1.700000e+02
  1579	1.579500e+00	1.500000e+02
  1580	1.580500e+00	1.560000e+02
  1581	1.581500e+00	1.570000e+02
  1582	1.582500e+00	1.560000e+02
  1583	1.583500e+00	1.680000e+02
  1584	1.584500e+00	1.710000e+02
  1585	1.585500e+00	1.500000e+02
  1586	1.586500e+00	1.730000e+02
  1587	1.587500e+00	1.600000e+02
  1588	1.588500e+00	1.630000e+02
  1589	1.589500e+00	1.670000e+02
  1590	1.590500e+00	1.430000e+02
  1591	1.591500e+00	1.580000e+02
  1592	1.592500e+00	1.670000e+02
  1593	1.593500e+00	1.430000e+02
  1594	1.594500e+00	1.680000e+02
  1595	1.595500e+00	1.740000e+02
  1596	1.596500e+00	1.470000e+02
  1597	1.597500e+00	1.860000e+02
  1598	1.598500e+00	1.610000e+02
  1599	1.599500e+00	1.310000e+02
  1600	1.600500e+00	1.750000e+02
  1601	1.601500e+00	1.360000e+02
  1602	1.602500e+00	1.770000e+02
  1603	1.603500e+00	1.710000e+02
  1604	1.604500e+00	1.320000e+02
  1605	1.605500e+00	1.500000e+02
  1606	1.606500e+00	1.630000e+02
  1607	1.607500e+00	1.610000e+02
  1608	1.608500e+00	1.590000e+02
  1609	1.609500e+00	1.600000e+02
  1610	1.610500e+00	1.450000e+02
  1611	1.611500e+00	1.550000e+02
  1612	1.612500e+00	1.530000e+02
  1613	1.613500e+00	1.660000e+02
  1614	1.614500e+00	1.450000e+02
  1615	1.615500e+00	1.540000e+02
  1616	1.616500e+00	1.670000e+02
  1617	1.617500e+00	1.570000e+02
  1618	1.618500e+00	1.500000e+02
  1619	1.619500e+00	1.610000e+02
  1620	1.620500e+00	1.650000e+02
  1621	1.621500e+00	1.570000e+02
  1622	1.622500e+00	1.440000e+02
  1623	1.623500e+00	1.590000e+02
  1624	1.624500e+00	1.620000e+02
  1625	1.625500e+00	1.630000e+02
  1626	1.626500e+00	1.630000e+02
  1627	1.627500e+00	1.580000e+02
  1628	1.628500e+00	1.330000e+02
  1629	1.629500e+00	1.730000e+02
  1630	1.630500e+00	1.520000e+02
  1631	1.631500e+00	1.630000e+02
  1632	1.632500e+00	1.670000e+02
  1633	1.633500e+00	1.610000e+02
  1634	1.634500e+00	1.580000e+02
  1635	1.635500e+00	1.630000e+02
  1636	1.636500e+00	1.660000e+02
  1637	1.637500e+00	1.410000e+02
  1638	1.638500e+00	1.640000e+02
  1639	1.639500e+00	1.550000e+02
  1640	1.640500e+00	1.450000e+02
  1641	1.641500e+00	1.510000e+02
  1642	1.642500e+00	1.540000e+02
  1643	1.643500e+00	1.960000e+02
  1644	1.644500e+00	1.590000e+02
  1645	1.645500e+00	1.570000e+02
  1646	1.646500e+00	1.500000e+02
  1647	1.647500e+00	1.640000e+02
  1648	1.648500e+00	1.350000e+02
  1649	1.649500e+00	1.580000e+02
  1650	1.650500e+00	1.400000e+02
  1651	1.651500e+00	1.630000e+02
  1652	1.652500e+00	1.400000e+02
  1653	1.653500e+00	1.680000e+02
  1654	1.654500e+00	1.690000e+02
  1655	1.655500e+00	1.610000e+02
  1656	1.656500e+00	1.510000e+02
  1657	1.657500e+00	1.650000e+02
  1658	1.658500e+00	1.580000e+02
  1659	1.659500e+00	1.500000e+02
  1660	1.660500e+00	1.630000e+02
  1661	1.661500e+00	1.390000e+02
  1662	1.662500e+00	1.540000e+02
  1663	1.663500e+00	1.580000e+02
  1664	1.664500e+00	1.610000e+02
  1665	1.665500e+00	1.250000e+02
  1666	1.666500e+00	1.600000e+02
  1667	1.667500e+00	1.500000e+02
  1668	1.668500e+00	1.710000e+02
  1669	1.669500e+00	1.500000e+02
  1670	1.670500e+00	1.780000e+02
  1671	1.671500e+00	1.580000e+02
  1672	1.672500e+00	1.380000e+02
  1673	1.673500e+00	1.680000e+02
  1674	1.674500e+00	1.520000e+02
  1675	1.675500e+00	1.760000e+02
  1676	1.676500e+00	1.660000e+02
  1677	1.677500e+00	1.540000e+02
  1678	1.678500e+00	1.640000e+02
  1679	1.679500e+00	1.540000e+02
  1680	1.680500e+00	1.540000e+02
  1681	1.681500e+00	1.480000e+02
  1682	1.682500e+00	1.940000e+02
  1683	1.683500e+00	1.480000e+02
  1684	1.684500e+00	1.670000e+02
  1685	1.685500e+00	1.570000e+02
  1686	1.686500e+00	1.650000e+02
  1687	1.687500e+00	1.660000e+02
  1688	1.688500e+00	1.420000e+02
  1689	1.689500e+00	1.530000e+02
  1690	1.690500e+00	1.770000e+02
  1691	1.691500e+00	1.760000e+02
  1692	1.692500e+00	1.380000e+02
  1693	1.693500e+00	1.490000e+02
  1694	1.694500e+00	1.470000e+02
  1695	1.695500e+00	1.530000e+02
  1696	1.696500e+00	1.760000e+02
  1697	1.697500e+00	1.620000e+02
  1698	1.698500e+00	1.660000e+02
  1699	1.699500e+00	1.540000e+02
  1700	1.700500e+00	1.730000e+02
  1701	1.701500e+00	1.370000e+02
  1702	1.702500e+00	1.460000e+02
  1703	1.703500e+00	1.620000e+02
  1704	1.704500e+00	1.680000e+02
  1705	1.705500e+00	1.530000e+02
  1706	1.706500e+00	1.470000e+02
  1707	1.707500e+00	1.760000e+02
  1708	1.708500e+00	1.530000e+02
  1709	1.709500e+00	1.740000e+02
  1710	1.710500e+00	1.450000e+02
  1711	1.711500e+00	1.540000e+02
  1712	1.712500e+00	1.410000e+02
  1713	1.713500e+00	1.550000e+02
  1714	1.714500e+00	1.630000e+02
  1715	1.715500e+00	1.650000e+02
  1716	1.716500e+00	1.450000e+02
  1717	1.717500e+00	1.630000e+02
  1718	1.718500e+00	1.680000e+02
  1719	1.719500e+00	1.730000e+02
  1720	1.720500e+00	1.610000e+02
  1721	1.721500e+00	1.810000e+02
  1722	1.722500e+00	1.650000e+02
  1723	1.723500e+00	1.500000e+02
  1724	1.724500e+00	1.430000e+02
  1725	1.725500e+00	1.600000e+02
  1726	1.726500e+00	1.380000e+02
  1727	1.727500e+00	1.680000e+02
  1728	1.728500e+00	1.490000e+02
  1729	1.729500e+00	1.550000e+02
  1730	1.730500e+00	1.450000e+02
  1731	1.731500e+00	1.410000e+02
  1732	1.732500e+00	1.410000e+02
  1733	1.733500e+00	1.570000e+02
  1734	1.734500e+00	1.800000e+02
  1735	1.735500e+00	1.470000e+02
  1736	1.736500e+00	1.400000e+02
  1737	1.737500e+00	1.760000e+02
  1738	1.738500e+00	1.780000e+02
  1739	1.739500e+00	1.670000e+02
  1740	1.740500e+00	1.620000e+02
  1741	1.741500e+00	1.680000e+02
  1742	1.742500e+00	1.690000e+02
  1743	1.743500e+00	1.490000e+02
  1744	1.744500e+00	1.490000e+02
  1745	1.745500e+00	1.470000e+02
  1746	1.746500e+00	1.460000e+02
  1747	1.747500e+00	1.490000e+02
  1748	1.748500e+00	1.590000e+02
  1749	1.749500e+00	1.540000e+02
  1750	1.750500e+00	1.830000e+02
  1751	1.751500e+00	1.620000e+02
  1752	1.752500e+00	1.560000e+02
  1753	1.753500e+00	1.470000e+02
  1754	1.754500e+00	1.530000e+02
  1755	1.755500e+00	1.640000e+02
  1756	1.756500e+00	1.360000e+02
  1757	1.757500e+00	1.480000e+02
  1758	1.758500e+00	1.400000e+02
  1759	1.759500e+00	1.480000e+02
  1760	1.760500e+00	1.630000e+02
  1761	1.761500e+00	1.650000e+02
  1762	1.762500e+00	1.430000e+02
  1763	1.763500e+00	1.540000e+02
  1764	1.764500e+00	1.520000e+02
  1765	1.765500e+00	1.730000e+02
  1766	1.766500e+00	1.400000e+02
  1767	1.767500e+00	1.360000e+02
  1768	1.768500e+00	1.440000e+02
  1769	1.769500e+00	1.800000e+02
  1770	1.770500e+00	1.390000e+02
  1771	1.771500e+00	1.360000e+02
  1772	1.772500e+00	1.700000e+02
  1773	1.773500e+00	1.490000e+02
  1774	1.774500e+00	1.680000e+02
  1775	1.775500e+00	1.600000e+02
  1776	1.776500e+00	1.470000e+02
  1777	1.777500e+00	1.710000e+02
  1778	1.778500e+00	1.630000e+02
  1779	1.779500e+00	1.390000e+02
  1780	1.780500e+00	1.600000e+02
  1781	1.781500e+00	1.560000e+02
  1782	1.782500e+00	1.570000e+02
  1783	1.783500e+00	1.510000e+02
  1784	1.784500e+00	1.530000e+02
  1785	1.785500e+00	1.670000e+02
  1786	1.786500e+00	1.510000e+02
  1787	1.787500e+00	1.650000e+02
  1788	1.788500e+00	1.470000e+02
  1789	1.789500e+00	1.420000e+02
  1790	1.790500e+00	1.470000e+02
  1791	1.791500e+00	1.390000e+02
  1792	1.792500e+00	1.570000e+02
  1793	1.793500e+00	1.550000e+02
  1794	1.794500e+00	1.620000e+02
  1795	1.795500e+00	1.600000e+02
  1796	1.796500e+00	1.450000e+02
  1797	1.797500e+00	1.730000e+02
  1798	1.798500e+00	1.710000e+02
  1799	1.799500e+00	1.710000e+02
  1800	1.800500e+00	1.340000e+02
  1801	1.801500e+00	1.440000e+02
  1802	1.802500e+00	1.610000e+02
  1803	1.803500e+00	1.580000e+02
  1804	1.804500e+00	1.530000e+02
  1805	1.805500e+00	1.750000e+02
  1806	1.806500e+00	1.260000e+02
  1807	1.807500e+00	1.500000e+02
  1808	1.808500e+00	1.740000e+02
  1809	1.809500e+00	1.430000e+02
  1810	1.810500e+00	1.670000e+02
  1811	1.811500e+00	1.620000e+02
  1812	1.812500e+00	1.450000e+02
  1813	1.813500e+00	1.770000e+02
  1814	1.814500e+00	1.410000e+02
  1815	1.815500e+00	1.640000e+02
  1816	1.816500e+00	1.620000e+02
  1817	1.817500e+00	1.450000e+02
  1818	1.818500e+00	1.730000e+02
  1819	1.819500e+00	1.620000e+02
  1820	1.820500e+00	1.620000e+02
  1821	1.821500e+00	1.460000e+02
  1822	1.822500e+00	1.650000e+02
  1823	1.823500e+00	1.310000e+02
  1824	1.824500e+00	1.200000e+02
  1825	1.825500e+00	1.660000e+02
  1826	1.826500e+00	1.530000e+02
  1827	1.827500e+00	1.520000e+02
  1828	1.828500e+00	1.420000e+02
  1829	1.829500e+00	1.420000e+02
  1830	1.830500e+00	1.390000e+02
  1831	1.831500e+00	1.630000e+02
  1832	1.832500e+00	1.510000e+02
  1833	1.833500e+00	1.620000e+02
  1834	1.834500e+00	1.430000e+02
  1835	1.835500e+00	1.530000e+02
  1836	1.836500e+00	1.720000e+02
  1837	1.837500e+00	1.690000e+02
  1838	1.838500e+00	1.520000e+02
  1839	1.839500e+00	1.670000e+02
  1840	1.840500e+00	1.440000e+02
  1841	1.841500e+00	1.410000e+02
  1842	1.842500e+00	1.470000e+02
  1843	1.843500e+00	1.530000e+02
  1844	1.844500e+00	1.420000e+02
  1845	1.845500e+00	1.370000e+02
  1846	1.846500e+00	1.640000e+02
  1847	1.847500e+00	1.380000e+02
  1848	1.848500e+00	1.840000e+02
  1849	1.849500e+00	1.400000e+02
  1850	1.850500e+00	1.530000e+02
  1851	1.851500e+00	1.530000e+02
  1852	1.852500e+00	1.470000e+02
  1853	1.853500e+00	1.780000e+02
  1854	1.854500e+00	1.580000e+02
  1855	1.855500e+00	1.330000e+02
  1856	1.856500e+00	1.590000e+02
  1857	1.857500e+00	1.570000e+02
  1858	1.858500e+00	1.420000e+02
  1859	1.859500e+00	1.420000e+02
  1860	1.860500e+00	1.700000e+02
  1861	1.861500e+00	1.440000e+02
  1862	1.862500e+00	1.690000e+02
  1863	1.863500e+00	1.780000e+02
  1864	1.864500e+00	1.380000e+02
  1865	1.865500e+00	1.650000e+02
  1866	1.866500e+00	1.530000e+02
  1867	1.867500e+00	1.340000e+02
  1868	1.868500e+00	1.550000e+02
  1869	1.869500e+00	1.300000e+02
  1870	1.870500e+00	1.440000e+02
  1871	1.871500e+00	1.420000e+02
  1872	1.872500e+00	1.440000e+02
  1873	1.873500e+00	1.470000e+02
  1874	1.874500e+00	1.610000e+02
  1875	1.875500e+00	1.450000e+02
  1876	1.876500e+00	1.450000e+02
  1877	1.877500e+00	1.580000e+02
  1878	1.878500e+00	1.270000e+02
  1879	1.879500e+00	1.520000e+02
  1880	1.880500e+00	1.350000e+02
  1881	1.881500e+00	1.480000e+02
  1882	1.882500e+00	1.420000e+02
  1883	1.883500e+00	1.510000e+02
  1884	1.884500e+00	1.590000e+02
  1885	1.885500e+00	1.610000e+02
  1886	1.886500e+00	1.590000e+02
  1887	1.887500e+00	1.540000e+02
  1888	1.888500e+00	1.570000e+02
  1889	1.889500e+00	1.490000e+02
  1890	1.890500e+00	1.660000e+02
  1891	1.891500e+00	1.460000e+02
  1892	1.892500e+00	1.660000e+02
  1893	1.893500e+00	1.370000e+02
  1894	1.894500e+00	1.420000e+02
  1895	1.895500e+00	1.310000e+02
  1896	1.896500e+00	1.390000e+02
  1897	1.897500e+00	1.470000e+02
  1898	1.898500e+00	1.500000e+02
  1899	1.899500e+00	1.350000e+02
  1900	1.900500e+00	1.500000e+02
  1901	1.901500e+00	1.330000e+02
  1902	1.902500e+00	1.420000e+02
  1903	1.903500e+00	1.720000e+02
  1904	1.904500e+00	1.530000e+02
  1905	1.905500e+00	1.450000e+02
  1906	1.906500e+00	1.540000e+02
  1907	1.907500e+00	1.590000e+02
  1908	1.908500e+00	1.680000e+02
  1909	1.909500e+00	1.330000e+02
  1910	1.910500e+00	1.420000e+02
  1911	1.911500e+00	1.500000e+02
  1912	1.912500e+00	1.650000e+02
  1913	1.913500e+00	1.710000e+02
  1914	1.914500e+00	1.560000e+02
  1915	1.915500e+00	1.530000e+02
  1916	1.916500e+00	1.590000e+02
  1917	1.917500e+00	1.500000e+02
  1918	1.918500e+00	1.440000e+02
  1919	1.919500e+00	1.670000e+02
  1920	1.920500e+00	1.380000e+02
  1921	1.921500e+00	1.480000e+02
  1922	1.922500e+00	1.510000e+02
  1923	1.923500e+00	1.920000e+02
  1924	1.924500e+00	1.440000e+02
  1925	1.925500e+00	1.450000e+02
  1926	1.926500e+00	1.580000e+02
  1927	1.927500e+00	1.730000e+02
  1928	1.928500e+00	1.500000e+02
  1929	1.929500e+00	1.350000e+02
  1930	1.930500e+00	1.400000e+02
  1931	1.931500e+00	1.620000e+02
  1932	1.932500e+00	1.400000e+02
  1933	1.933500e+00	1.480000e+02
  1934	1.934500e+00	1.620000e+02
  1935	1.935500e+00	1.350000e+02
  1936	1.936500e+00	1.560000e+02
  1937	1.937500e+00	1.830000e+02
  1938	1.938500e+00	1.720000e+02
  1939	1.939500e+00	1.430000e+02
  1940	1.940500e+00	1.640000e+02
  1941	1.941500e+00	1.580000e+02
  1942	1.942500e+00	1.370000e+02
  1943	1.943500e+00	1.560000e+02
  1944	1.944500e+00	1.380000e+02
  1945	1.945500e+00	1.470000e+02
  1946	1.946500e+00	1.430000e+02
  1947	1.947500e+00	1.400000e+02
  1948	1.948500e+00	1.550000e+02
  1949	1.949500e+00	1.950000e+02
  1950	1.950500e+00	1.630000e+02
  1951	1.951500e+00	1.400000e+02
  1952	1.952500e+00	1.450000e+02
  1953	1.953500e+00	1.390000e+02
  1954	1.954500e+00	1.740000e+02
  1955	1.955500e+00	1.570000e+02
  1956	1.956500e+00	1.570000e+02
  1957	1.957500e+00	1.650000e+02
  1958	1.958500e+00	1.620000e+02
  1959	1.959500e+00	1.400000e+02
  1960	1.960500e+00	1.610000e+02
  1961	1.961500e+00	1.280000e+02
  1962	1.962500e+00	1.660000e+02
  1963	1.963500e+00	1.370000e+02
  1964	1.964500e+00	1.550000e+02
  1965	1.965500e+00	1.410000e+02
  1966	1.966500e+00	1.500000e+02
  1967	1.967500e+00	1.760000e+02
  1968	1.968500e+00	1.660000e+02
  1969	1.969500e+00	1.660000e+02
  1970	1.970500e+00	1.340000e+02
  1971	1.971500e+00	1.690000e+02
  1972	1.972500e+00	1.690000e+02
  1973	1.973500e+00	1.500000e+02
  1974	1.974500e+00	1.620000e+02
  1975	1.975500e+00	1.490000e+02
  1976	1.976500e+00	1.560000e+02
  1977	1.977500e+00	1.610000e+02
  1978	1.978500e+00	1.570000e+02
  1979	1.979500e+00	1.410000e+02
  1980	1.980500e+00	1.490000e+02
  1981	1.981500e+00	1.550000e+02
  1982	1.982500e+00	1.250000e+02
  1983	1.983500e+00	1.290000e+02
  1984	1.984500e+00	1.640000e+02
  1985	1.985500e+00	1.520000e+02
  1986	1.986500e+00	1.560000e+02
  1987	1.987500e+00	1.400000e+02
  1988	1.988500e+00	1.380000e+02
  1989	1.989500e+00	1.470000e+02
  1990	1.990500e+00	1.580000e+02
  1991	1.991500e+00	1.470000e+02
  1992	1.992500e+00	1.570000e+02
  1993	1.993500e+00	1.390000e+02
  1994	1.994500e+00	1.610000e+02
  1995	1.995500e+00	1.430000e+02
  1996	1.996500e+00	1.520000e+02
  1997	1.997500e+00	1.570000e+02
  1998	1.998500e+00	1.540000e+02
  1999	1.999500e+00	1.510000e+02
  2000	2.000500e+00	1.590000e+02
  2001	2.001500e+00	1.350000e+02
  2002	2.002500e+00	1.410000e+02
  2003	2.003500e+00	1.370000e+02
  2004	2.004500e+00	1.320000e+02
  2005	2.005500e+00	1.400000e+02
  2006	2.006500e+00	1.470000e+02
  2007	2.007500e+00	1.490000e+02
  2008	2.008500e+00	1.500000e+02
  2009	2.009500e+00	1.390000e+02
  2010	2.010500e+00	1.510000e+02
  2011	2.011500e+00	1.760000e+02
  2012	2.012500e+00	1.380000e+02
  2013	2.013500e+00	1.590000e+02
  2014	2.014500e+00	1.580000e+02
  2015	2.015500e+00	1.500000e+02
  2016	2.016500e+00	1.510000e+02
  2017	2.017500e+00	1.450000e+02
  2018	2.018500e+00	1.240000e+02
  2019	2.019500e+00	1.480000e+02
  2020	2.020500e+00	1.780000e+02
  2021	2.021500e+00	1.660000e+02
  2022	2.022500e+00	1.470000e+02
  2023	2.023500e+00	1.400000e+02
  2024	2.024500e+00	1.550000e+02
  2025	2.025500e+00	1.390000e+02
  2026	2.026500e+00	1.450000e+02
  2027	2.027500e+00	1.920000e+02
  2028	2.028500e+00	1.500000e+02
  2029	2.029500e+00	1.520000e+02
  2030	2.030500e+00	1.440000e+02
  2031	2.031500e+00	1.410000e+02
  2032	2.032500e+00	1.660000e+02
  2033	2.033500e+00	1.520000e+02
  2034	2.034500e+00	1.490000e+02
  2035	2.035500e+00	1.500000e+02
  2036	2.036500e+00	1.650000e+02
  2037	2.037500e+00	1.470000e+02
  2038	2.038500e+00	1.470000e+02
  2039	2.039500e+00	1.580000e+02
  2040	2.040500e+00	1.500000e+02
  2041	2.041500e+00	1.080000e+02
  2042	2.042500e+00	1.440000e+02
  2043	2.043500e+00	1.560000e+02
  2044	2.044500e+00	1.610000e+02
  2045	2.045500e+00	1.450000e+02
  2046	2.046500e+00	1.670000e+02
  2047	2.047500e+00	1.300000e+02
  2048	2.048500e+00	1.530000e+02
  2049	2.049500e+00	1.300000e+02
  2050	2.050500e+00	1.340000e+02
  2051	2.051500e+00	1.420000e+02
  2052	2.052500e+00	1.410000e+02
  2053	2.053500e+00	1.630000e+02
  2054	2.054500e+00	1.590000e+02
  2055	2.055500e+00	1.810000e+02
  2056	2.056500e+00	1.410000e+02
  2057	2.057500e+00	1.540000e+02
  2058	2.058500e+00	1.310000e+02
  2059	2.059500e+00	1.790000e+02
  2060	2.060500e+00	1.640000e+02
  2061	2.061500e+00	1.480000e+02
  2062	2.062500e+00	1.690000e+02
  2063	2.063500e+00	1.470000e+02
  2064	2.064500e+00	1.320000e+02
  2065	2.065500e+00	1.580000e+02
  2066	2.066500e+00	1.380000e+02
  2067	2.067500e+00	1.590000e+02
  2068	2.068500e+00	1.370000e+02
  2069	2.069500e+00	1.500000e+02
  2070	2.070500e+00	1.640000e+02
  2071	2.071500e+00	1.600000e+02
  2072	2.072500e+00	1.370000e+02
  2073	2.073500e+00	1.390000e+02
  2074	2.074500e+00	1.630000e+02
  2075	2.075500e+00	1.380000e+02
  2076	2.076500e+00	1.430000e+02
  2077	2.077500e+00	1.440000e+02
  2078	2.078500e+00	1.370000e+02
  2079	2.079500e+00	1.480000e+02
  2080	2.080500e+00	1.550000e+02
  2081	2.081500e+00	1.480000e+02
  2082	2.082500e+00	1.220000e+02
  2083	2.083500e+00	1.530000e+02
  2084	2.084500e+00	1.390000e+02
  2085	2.085500e+00	1.400000e+02
  2086	2.086500e+00	1.550000e+02
  2087	2.087500e+00	1.500000e+02
  2088	2.088500e+00	1.560000e+02
  2089	2.089500e+00	1.540000e+02
  2090	2.090500e+00	1.560000e+02
  2091	2.091500e+00	1.530000e+02
  2092	2.092500e+00	1.290000e+02
  2093	2.093500e+00	1.440000e+02
  2094	2.094500e+00	1.770000e+02
  2095	2.095500e+00	1.370000e+02
  2096	2.096500e+00	1.520000e+02
  2097	2.097500e+00	1.480000e+02
  2098	2.098500e+00	1.610000e+02
  2099	2.099500e+00	1.570000e+02
  2100	2.100500e+00	1.340000e+02
  2101	2.101500e+00	1.360000e+02
  2102	2.102500e+00	1.410000e+02
  2103	2.103500e+00	1.620000e+02
  2104	2.104500e+00	1.440000e+02
  2105	2.105500e+00	1.400000e+02
  2106	2.106500e+00	1.570000e+02
  2107	2.107500e+00	1.250000e+02
  2108	2.108500e+00	1.530000e+02
  2109	2.109500e+00	1.580000e+02
  2110	2.110500e+00	1.540000e+02
  2111	2.111500e+00	1.600000e+02
  2112	2.112500e+00	1.410000e+02
  2113	2.113500e+00	1.380000e+02
  2114	2.114500e+00	1.360000e+02
  2115	2.115500e+00	1.440000e+02
  2116	2.116500e+00	1.660000e+02
  2117	2.117500e+00	1.470000e+02
  2118	2.118500e+00	1.450000e+02
  2119	2.119500e+00	1.590000e+02
  2120	2.120500e+00	1.500000e+02
  2121	2.121500e+00	1.310000e+02
  2122	2.122500e+00	1.390000e+02
  2123	2.123500e+00	1.600000e+02
  2124	2.124500e+00	1.380000e+02
  2125	2.125500e+00	1.470000e+02
  2126	2.126500e+00	1.530000e+02
  2127	2.127500e+00	1.450000e+02
  2128	2.128500e+00	1.500000e+02
  2129	2.129500e+00	1.360000e+02
  2130	2.130500e+00	1.650000e+02
  2131	2.131500e+00	1.570000e+02
  2132	2.132500e+00	1.310000e+02
  2133	2.133500e+00	1.260000e+02
  2134	2.134500e+00	1.450000e+02
  2135	2.135500e+00	1.220000e+02
  2136	2.136500e+00	1.220000e+02
  2137	2.137500e+00	1.200000e+02
  2138	2.138500e+00	1.410000e+02
  2139	2.139500e+00	1.400000e+02
  2140	2.140500e+00	1.320000e+02
  2141	2.141500e+00	1.580000e+02
  2142	2.142500e+00	1.480000e+02
  2143	2.143500e+00	1.620000e+02
  2144	2.144500e+00	1.480000e+02
  2145	2.145500e+00	1.610000e+02
  2146	2.146500e+00	1.430000e+02
  2147	2.147500e+00	1.400000e+02
  2148	2.148500e+00	1.470000e+02
  2149	2.149500e+00	1.550000e+02
  2150	2.150500e+00	1.490000e+02
  2151	2.151500e+00	1.490000e+02
  2152	2.152500e+00	1.310000e+02
  2153	2.153500e+00	1.360000e+02
  2154	2.154500e+00	1.270000e+02
  2155	2.155500e+00	1.560000e+02
  2156	2.156500e+00	1.380000e+02
  2157	2.157500e+00	1.470000e+02
  2158	2.158500e+00	1.430000e+02
  2159	2.159500e+00	1.350000e+02
  2160	2.160500e+00	1.400000e+02
  2161	2.161500e+00	1.630000e+02
  2162	2.162500e+00	1.620000e+02
  2163	2.163500e+00	1.540000e+02
  2164	2.164500e+00	1.310000e+02
  2165	2.165500e+00	1.490000e+02
  2166	2.166500e+00	1.540000e+02
  2167	2.167500e+00	1.500000e+02
  2168	2.168500e+00	1.540000e+02
  2169	2.169500e+00	1.520000e+02
  2170	2.170500e+00	1.360000e+02
  2171	2.171500e+00	1.580000e+02
  2172	2.172500e+00	1.410000e+02
  2173	2.173500e+00	1.400000e+02
  2174	2.174500e+00	1.670000e+02
  2175	2.175500e+00	1.420000e+02
  2176	2.176500e+00	1.160000e+02
  2177	2.177500e+00	1.430000e+02
  2178	2.178500e+00	1.550000e+02
  2179	2.179500e+00	1.290000e+02
  2180	2.180500e+00	1.300000e+02
  2181	2.181500e+00	1.400000e+02
  2182	2.182500e+00	1.530000e+02
  2183	2.183500e+00	1.430000e+02
  2184	2.184500e+00	1.410000e+02
  2185	2.185500e+00	1.370000e+02
  2186	2.186500e+00	1.650000e+02
  2187	2.187500e+00	1.570000e+02
  2188	2.188500e+00	1.320000e+02
  2189	2.189500e+00	1.380000e+02
  2190	2.190500e+00	1.710000e+02
  2191	2.191500e+00	1.250000e+02
  2192	2.192500e+00	1.180000e+02
  2193	2.193500e+00	1.480000e+02
  2194	2.194500e+00	1.380000e+02
  2195	2.195500e+00	1.490000e+02
  2196	2.196500e+00	1.410000e+02
  2197	2.197500e+00	1.600000e+02
  2198	2.198500e+00	1.260000e+02
  2199	2.199500e+00	1.450000e+02
  2200	2.200500e+00	1.420000e+02
  2201	2.201500e+00	1.420000e+02
  2202	2.202500e+00	1.520000e+02
  2203	2.203500e+00	1.460000e+02
  2204	2.204500e+00	1.430000e+02
  2205	2.205500e+00	1.460000e+02
  2206	2.206500e+00	1.330000e+02
  2207	2.207500e+00	1.160000e+02
  2208	2.208500e+00	1.560000e+02
  2209	2.209500e+00	1.360000e+02
  2210	2.210500e+00	1.440000e+02
  2211	2.211500e+00	1.380000e+02
  2212	2.212500e+00	1.410000e+02
  2213	2.213500e+00	1.420000e+02
  2214	2.214500e+00	1.400000e+02
  2215	2.215500e+00	1.400000e+02
  2216	2.216500e+00	1.330000e+02
  2217	2.217500e+00	1.400000e+02
  2218	2.218500e+00	1.380000e+02
  2219	2.219500e+00	1.540000e+02
  2220	2.220500e+00	1.440000e+02
  2221	2.221500e+00	1.520000e+02
  2222	2.222500e+00	1.420000e+02
  2223	2.223500e+00	1.550000e+02
  2224	2.224500e+00	1.410000e+02
  2225	2.225500e+00	1.440000e+02
  2226	2.226500e+00	1.330000e+02
  2227	2.227500e+00	1.300000e+02
  2228	2.228500e+00	1.650000e+02
  2229	2.229500e+00	1.600000e+02
  2230	2.230500e+00	1.380000e+02
  2231	2.231500e+00	1.490000e+02
  2232	2.232500e+00	1.440000e+02
  2233	2.233500e+00	1.480000e+02
  2234	2.234500e+00	1.630000e+02
  2235	2.235500e+00	1.080000e+02
  2236	2.236500e+00	1.520000e+02
  2237	2.237500e+00	1.420000e+02
  2238	2.238500e+00	1.160000e+02
  2239	2.239500e+00	1.650000e+02
  2240	2.240500e+00	1.540000e+02
  2241	2.241500e+00	1.290000e+02
  2242	2.242500e+00	1.290000e+02
  2243	2.243500e+00	1.500000e+02
  2244	2.244500e+00	1.480000e+02
  2245	2.245500e+00	1.400000e+02
  2246	2.246500e+00	1.390000e+02
  2247	2.247500e+00	1.440000e+02
  2248	2.248500e+00	1.420000e+02
  2249	2.249500e+00	1.240000e+02
  2250	2.250500e+00	1.470000e+02
  2251	2.251500e+00	1.460000e+02
  2252	2.252500e+00	1.450000e+02
  2253	2.253500e+00	1.540000e+02
  2254	2.254500e+00	1.250000e+02
  2255	2.255500e+00	1.310000e+02
  2256	2.256500e+00	1.330000e+02
  2257	2.257500e+00	1.470000e+02
  2258	2.258500e+00	1.420000e+02
  2259	2.259500e+00	1.300000e+02
  2260	2.260500e+00	1.310000e+02
  2261	2.261500e+00	1.630000e+02
  2262	2.262500e+00	1.410000e+02
  2263	2.263500e+00	1.580000e+02
  2264	2.264500e+00	1.230000e+02
  2265	2.265500e+00	1.420000e+02
  2266	2.266500e+00	1.610000e+02
  2267	2.267500e+00	1.450000e+02
  2268	2.268500e+00	1.280000e+02
  2269	2.269500e+00	1.430000e+02
  2270	2.270500e+00	1.440000e+02
  2271	2.271500e+00	1.500000e+02
  2272	2.272500e+00	1.340000e+02
  2273	2.273500e+00	1.260000e+02
  2274	2.274500e+00	1.320000e+02
  2275	2.275500e+00	1.380000e+02
  2276	2.276500e+00	1.500000e+02
  2277	2.277500e+00	1.560000e+02
  2278	2.278500e+00	1.530000e+02
  2279	2.279500e+00	1.480000e+02
  2280	2.280500e+00	1.290000e+02
  2281	2.281500e+00	1.570000e+02
  2282	2.282500e+00	1.410000e+02
  2283	2.283500e+00	1.570000e+02
  2284	2.284500e+00	1.390000e+02
  2285	2.285500e+00	1.330000e+02
  2286	2.286500e+00	1.330000e+02
  2287	2.287500e+00	1.550000e+02
  2288	2.288500e+00	1.450000e+02
  2289	2.289500e+00	1.330000e+02
  2290	2.290500e+00	1.250000e+02
  2291	2.291500e+00	1.550000e+02
  2292	2.292500e+00	1.500000e+02
  2293	2.293500e+00	1.480000e+02
  2294	2.294500e+00	1.400000e+02
  2295	2.295500e+00	1.410000e+02
  2296	2.296500e+00	1.210000e+02
  2297	2.297500e+00	1.390000e+02
  2298	2.298500e+00	1.480000e+02
  2299	2.299500e+00	1.180000e+02
  2300	2.300500e+00	1.340000e+02
  2301	2.301500e+00	1.540000e+02
  2302	2.302500e+00	1.510000e+02
  2303	2.303500e+00	1.640000e+02
  2304	2.304500e+00	1.250000e+02
  2305	2.305500e+00	1.330000e+02
  2306	2.306500e+00	1.520000e+02
  2307	2.307500e+00	1.480000e+02
  2308	2.308500e+00	1.130000e+02
  2309	2.309500e+00	1.360000e+02
  2310	2.310500e+00	1.640000e+02
  2311	2.311500e+00	1.290000e+02
  2312	2.312500e+00	1.220000e+02
  2313	2.313500e+00	1.560000e+02
  2314	2.314500e+00	1.410000e+02
  2315	2.315500e+00	1.520000e+02
  2316	2.316500e+00	1.340000e+02
  2317	2.317500e+00	1.470000e+02
  2318	2.318500e+00	1.340000e+02
  2319	2.319500e+00	1.320000e+02
  2320	2.320500e+00	1.430000e+02
  2321	2.321500e+00	1.610000e+02
  2322	2.322500e+00	1.100000e+02
  2323	2.323500e+00	1.490000e+02
  2324	2.324500e+00	1.500000e+02
  2325	2.325500e+00	1.440000e+02
  2326	2.326500e+00	1.310000e+02
  2327	2.327500e+00	1.220000e+02
  2328	2.328500e+00	1.310000e+02
  2329	2.329500e+00	1.420000e+02
  2330	2.330500e+00	1.330000e+02
  2331	2.331500e+00	1.360000e+02
  2332	2.332500e+00	1.460000e+02
  2333	2.333500e+00	1.350000e+02
  2334	2.334500e+00	1.550000e+02
  2335	2.335500e+00	1.660000e+02
  2336	2.336500e+00	1.420000e+02
  2337	2.337500e+00	1.440000e+02
  2338	2.338500e+00	1.320000e+02
  2339	2.339500e+00	1.580000e+02
  2340	2.340500e+00	1.440000e+02
  2341	2.341500e+00	1.670000e+02
  2342	2.342500e+00	1.190000e+02
  2343	2.343500e+00	1.380000e+02
  2344	2.344500e+00	1.520000e+02
  2345	2.345500e+00	1.270000e+02
  2346	2.346500e+00	1.410000e+02
  2347	2.347500e+00	1.170000e+02
  2348	2.348500e+00	1.370000e+02
  2349	2.349500e+00	1.380000e+02
  2350	2.350500e+00	1.410000e+02
  2351	2.351500e+00	1.550000e+02
  2352	2.352500e+00	1.420000e+02
  2353	2.353500e+00	1.460000e+02
  2354	2.354500e+00	1.190000e+02
  2355	2.355500e+00	1.510000e+02
  2356	2.356500e+00	1.440000e+02
  2357	2.357500e+00	1.370000e+02
  2358	2.358500e+00	1.380000e+02
  2359	2.359500e+00	1.420000e+02
  2360	2.360500e+00	1.250000e+02
  2361	2.361500e+00	1.250000e+02
  2362	2.362500e+00	1.580000e+02
  2363	2.363500e+00	1.680000e+02
  2364	2.364500e+00	1.420000e+02
  2365	2.365500e+00	1.490000e+02
  2366	2.366500e+00	1.490000e+02
  2367	2.367500e+00	1.280000e+02
  2368	2.368500e+00	1.360000e+02
  2369	2.369500e+00	1.520000e+02
  2370	2.370500e+00	1.170000e+02
  2371	2.371500e+00	1.420000e+02
  2372	2.372500e+00	1.460000e+02
  2373	2.373500e+00	1.300000e+02
  2374	2.374500e+00	1.350000e+02
  2375	2.375500e+00	1.290000e+02
  2376	2.376500e+00	1.230000e+02
  2377	2.377500e+00	1.550000e+02
  2378	2.378500e+00	1.430000e+02
  2379	2.379500e+00	1.360000e+02
  2380	2.380500e+00	1.350000e+02
  2381	2.381500e+00	1.460000e+02
  2382	2.382500e+00	1.340000e+02
  2383	2.383500e+00	1.360000e+02
  2384	2.384500e+00	1.580000e+02
  2385	2.385500e+00	1.430000e+02
  2386	2.386500e+00	1.380000e+02
  2387	2.387500e+00	1.540000e+02
  2388	2.388500e+00	1.350000e+02
  2389	2.389500e+00	1.170000e+02
  2390	2.390500e+00	1.490000e+02
  2391	2.391500e+00	1.290000e+02
  2392	2.392500e+00	1.310000e+02
  2393	2.393500e+00	1.360000e+02
  2394	2.394500e+00	1.370000e+02
  2395	2.395500e+00	1.300000e+02
  2396	2.396500e+00	1.340000e+02
  2397	2.397500e+00	1.360000e+02
  2398	2.398500e+00	1.360000e+02
  2399	2.399500e+00	1.270000e+02
  2400	2.400500e+00	1.500000e+02
  2401	2.401500e+00	1.360000e+02
  2402	2.402500e+00	1.440000e+02
  2403	2.403500e+00	1.540000e+02
  2404	2.404500e+00	1.570000e+02
  2405	2.405500e+00	1.330000e+02
  2406	2.406500e+00	1.250000e+02
  2407	2.407500e+00	1.340000e+02
  2408	2.408500e+00	1.300000e+02
  2409	2.409500e+00	1.370000e+02
  2410	2.410500e+00	1.340000e+02
  2411	2.411500e+00	1.260000e+02
  2412	2.412500e+00	1.510000e+02
  2413	2.413500e+00	1.230000e+02
  2414	2.414500e+00	1.380000e+02
  2415	2.415500e+00	1.260000e+02
  2416	2.416500e+00	1.550000e+02
  2417	2.417500e+00	1.390000e+02
  2418	2.418500e+00	1.540000e+02
  2419	2.419500e+00	1.470000e+02
  2420	2.420500e+00	1.300000e+02
  2421	2.421500e+00	1.190000e+02
  2422	2.422500e+00	1.500000e+02
  2423	2.423500e+00	1.200000e+02
  2424	2.424500e+00	1.350000e+02
  2425	2.425500e+00	1.480000e+02
  2426	2.426500e+00	1.400000e+02
  2427	2.427500e+00	1.440000e+02
  2428	2.428500e+00	1.240000e+02
  2429	2.429500e+00	1.400000e+02
  2430	2.430500e+00	1.400000e+02
  2431	2.431500e+00	1.240000e+02
  2432	2.432500e+00	1.560000e+02
  2433	2.433500e+00	1.300000e+02
  2434	2.434500e+00	1.200000e+02
  2435	2.435500e+00	1.270000e+02
  2436	2.436500e+00	1.470000e+02
  2437	2.437500e+00	1.460000e+02
  2438	2.438500e+00	1.320000e+02
  2439	2.439500e+00	1.260000e+02
  2440	2.440500e+00	1.400000e+02
  2441	2.441500e+00	1.400000e+02
  2442	2.442500e+00	1.520000e+02
  2443	2.443500e+00	1.330000e+02
  2444	2.444500e+00	1.490000e+02
  2445	2.445500e+00	1.640000e+02
  2446	2.446500e+00	1.430000e+02
  2447	2.447500e+00	1.320000e+02
  2448	2.448500e+00	1.400000e+02
  2449	2.449500e+00	1.450000e+02
  2450	2.450500e+00	1.320000e+02
  2451	2.451500e+00	1.400000e+02
  2452	2.452500e+00	1.220000e+02
  2453	2.453500e+00	1.330000e+02
  2454	2.454500e+00	1.280000e+02
  2455	2.455500e+00	1.480000e+02
  2456	2.456500e+00	1.400000e+02
  2457	2.457500e+00	1.680000e+02
  2458	2.458500e+00	1.140000e+02
  2459	2.459500e+00	1.380000e+02
  2460	2.460500e+00	1.530000e+02
  2461	2.461500e+00	1.530000e+02
  2462	2.462500e+00	1.270000e+02
  2463	2.463500e+00	1.430000e+02
  2464	2.464500e+00	1.410000e+02
  2465	2.465500e+00	1.200000e+02
  2466	2.466500e+00	1.430000e+02
  2467	2.467500e+00	1.200000e+02
  2468	2.468500e+00	1.180000e+02
  2469	2.469500e+00	1.180000e+02
  2470	2.470500e+00	1.230000e+02
  2471	2.471500e+00	1.190000e+02
  2472	2.472500e+00	1.270000e+02
  2473	2.473500e+00	1.270000e+02
  2474	2.474500e+00	1.360000e+02
  2475	2.475500e+00	1.320000e+02
  2476	2.476500e+00	1.390000e+02
  2477	2.477500e+00	1.490000e+02
  2478	2.478500e+00	1.390000e+02
  2479	2.479500e+00	1.370000e+02
  2480	2.480500e+00	1.290000e+02
  2481	2.481500e+00	1.510000e+02
  2482	2.482500e+00	1.430000e+02
  2483	2.483500e+00	1.550000e+02
  2484	2.484500e+00	1.540000e+02
  2485	2.485500e+00	1.510000e+02
  2486	2.486500e+00	1.440000e+02
  2487	2.487500e+00	1.240000e+02
  2488	2.488500e+00	1.240000e+02
  2489	2.489500e+00	1.460000e+02
  2490	2.490500e+00	1.140000e+02
  2491	2.491500e+00	1.220000e+02
  2492	2.492500e+00	1.350000e+02
  2493	2.493500e+00	1.640000e+02
  2494	2.494500e+00	1.380000e+02
  2495	2.495500e+00	1.550000e+02
  2496	2.496500e+00	1.350000e+02
  2497	2.497500e+00	1.340000e+02
  2498	2.498500e+00	1.670000e+02
  2499	2.499500e+00	1.540000e+02
  2500	2.500500e+00	1.330000e+02
  2501	2.501500e+00	1.390000e+02
  2502	2.502500e+00	1.500000e+02
  2503	2.503500e+00	1.260000e+02
  2504	2.504500e+00	1.500000e+02
  2505	2.505500e+00	1.390000e+02
  2506	2.506500e+00	1.490000e+02
  2507	2.507500e+00	1.500000e+02
  2508	2.508500e+00	1.670000e+02
  2509	2.509500e+00	1.350000e+02
  2510	2.510500e+00	1.350000e+02
  2511	2.511500e+00	1.570000e+02
  2512	2.512500e+00	1.300000e+02
  2513	2.513500e+00	1.270000e+02
  2514	2.514500e+00	1.140000e+02
  2515	2.515500e+00	1.380000e+02
  2516	2.516500e+00	1.290000e+02
  2517	2.517500e+00	1.370000e+02
  2518	2.518500e+00	1.400000e+02
  2519	2.519500e+00	1.310000e+02
  2520	2.520500e+00	1.370000e+02
  2521	2.521500e+00	1.360000e+02
  2522	2.522500e+00	1.450000e+02
  2523	2.523500e+00	1.230000e+02
  2524	2.524500e+00	1.490000e+02
  2525	2.525500e+00	1.320000e+02
  2526	2.526500e+00	1.340000e+02
  2527	2.527500e+00	1.250000e+02
  2528	2.528500e+00	1.250000e+02
  2529	2.529500e+00	1.380000e+02
  2530	2.530500e+00	1.470000e+02
  2531	2.531500e+00	1.310000e+02
  2532	2.532500e+00	1.220000e+02
  2533	2.533500e+00	1.270000e+02
  2534	2.534500e+00	1.500000e+02
  2535	2.535500e+00	1.560000e+02
  2536	2.536500e+00	1.340000e+02
  2537	2.537500e+00	1.330000e+02
  2538	2.538500e+00	1.250000e+02
  2539	2.539500e+00	1.310000e+02
  2540	2.540500e+00	1.450000e+02
  2541	2.541500e+00	1.300000e+02
  2542	2.542500e+00	1.340000e+02
  2543	2.543500e+00	1.330000e+02
  2544	2.544500e+00	1.550000e+02
  2545	2.545500e+00	1.610000e+02
  2546	2.546500e+00	1.320000e+02
  2547	2.547500e+00	1.410000e+02
  2548	2.548500e+00	1.150000e+02
  2549	2.549500e+00	1.470000e+02
  2550	2.550500e+00	1.350000e+02
  2551	2.551500e+00	1.510000e+02
  2552	2.552500e+00	1.280000e+02
  2553	2.553500e+00	1.210000e+02
  2554	2.554500e+00	1.400000e+02
  2555	2.555500e+00	1.460000e+02
  2556	2.556500e+00	1.220000e+02
  2557	2.557500e+00	1.320000e+02
  2558	2.558500e+00	1.130000e+02
  2559	2.559500e+00	1.490000e+02
  2560	2.560500e+00	1.410000e+02
  2561	2.561500e+00	1.430000e+02
  2562	2.562500e+00	1.310000e+02
  2563	2.563500e+00	1.330000e+02
  2564	2.564500e+00	1.200000e+02
  2565	2.565500e+00	1.300000e+02
  2566	2.566500e+00	1.230000e+02
  2567	2.567500e+00	1.420000e+02
  2568	2.568500e+00	1.140000e+02
  2569	2.569500e+00	1.370000e+02
  2570	2.570500e+00	1.340000e+02
  2571	2.571500e+00	1.290000e+02
  2572	2.572500e+00	1.230000e+02
  2573	2.573500e+00	1.510000e+02
  2574	2.574500e+00	1.370000e+02
  2575	2.575500e+00	1.190000e+02
  2576	2.576500e+00	1.150000e+02
  2577	2.577500e+00	1.250000e+02
  2578	2.578500e+00	1.260000e+02
  2579	2.579500e+00	1.440000e+02
  2580	2.580500e+00	1.490000e+02
  2581	2.581500e+00	1.460000e+02
  2582	2.582500e+00	1.400000e+02
  2583	2.583500e+00	1.430000e+02
  2584	2.584500e+00	1.460000e+02
  2585	2.585500e+00	1.330000e+02
  2586	2.586500e+00	1.280000e+02
  2587	2.587500e+00	1.390000e+02
  2588	2.588500e+00	1.200000e+02
  2589	2.589500e+00	1.350000e+02
  2590	2.590500e+00	1.270000e+02
  2591	2.591500e+00	1.370000e+02
  2592	2.592500e+00	1.340000e+02
  2593	2.593500e+00	1.220000e+02
  2594	2.594500e+00	1.440000e+02
  2595	2.595500e+00	1.420000e+02
  2596	2.596500e+00	1.450000e+02
  2597	2.597500e+00	1.610000e+02
  2598	2.598500e+00	1.330000e+02
  2599	2.599500e+00	1.440000e+02
  2600	2.600500e+00	1.370000e+02
  2601	2.601500e+00	1.360000e+02
  2602	2.602500e+00	1.250000e+02
  2603	2.603500e+00	1.300000e+02
  2604	2.604500e+00	1.490000e+02
  2605	2.605500e+00	1.260000e+02
  2606	2.606500e+00	1.400000e+02
  2607	2.607500e+00	1.330000e+02
  2608	2.608500e+00	1.460000e+02
  2609	2.609500e+00	1.390000e+02
  2610	2.610500e+00	1.390000e+02
  2611	2.611500e+00	1.340000e+02
  2612	2.612500e+00	1.270000e+02
  2613	2.613500e+00	1.320000e+02
  2614	2.614500e+00	1.370000e+02
  2615	2.615500e+00	1.220000e+02
  2616	2.616500e+00	1.470000e+02
  2617	2.617500e+00	1.300000e+02
  2618	2.618500e+00	1.320000e+02
  2619	2.619500e+00	1.420000e+02
  2620	2.620500e+00	1.430000e+02
  2621	2.621500e+00	1.210000e+02
  2622	2.622500e+00	1.480000e+02
  2623	2.623500e+00	1.300000e+02
  2624	2.624500e+00	1.270000e+02
  2625	2.625500e+00	1.220000e+02
  2626	2.626500e+00	1.300000e+02
  2627	2.627500e+00	1.440000e+02
  2628	2.628500e+00	1.200000e+02
  2629	2.629500e+00	1.250000e+02
  2630	2.630500e+00	1.320000e+02
  2631	2.631500e+00	1.300000e+02
  2632	2.632500e+00	1.410000e+02
  2633	2.633500e+00	1.160000e+02
  2634	2.634500e+00	1.410000e+02
  2635	2.635500e+00	1.330000e+02
  2636	2.636500e+00	1.380000e+02
  2637	2.637500e+00	1.460000e+02
  2638	2.638500e+00	1.350000e+02
  2639	2.639500e+00	1.370000e+02
  2640	2.640500e+00	1.400000e+02
  2641	2.641500e+00	1.320000e+02
  2642	2.642500e+00	1.390000e+02
  2643	2.643500e+00	1.270000e+02
  2644	2.644500e+00	1.370000e+02
  2645	2.645500e+00	1.510000e+02
  2646	2.646500e+00	1.310000e+02
  2647	2.647500e+00	1.440000e+02
  2648	2.648500e+00	1.110000e+02
  2649	2.649500e+00	1.330000e+02
  2650	2.650500e+00	1.300000e+02
  2651	2.651500e+00	1.490000e+02
  2652	2.652500e+00	1.190000e+02
  2653	2.653500e+00	1.070000e+02
  2654	2.654500e+00	1.320000e+02
  2655	2.655500e+00	1.170000e+02
  2656	2.656500e+00	1.360000e+02
  2657	2.657500e+00	1.280000e+02
  2658	2.658500e+00	1.250000e+02
  2659	2.659500e+00	1.280000e+02
  2660	2.660500e+00	1.090000e+02
  2661	2.661500e+00	1.220000e+02
  2662	2.662500e+00	1.150000e+02
  2663	2.663500e+00	1.220000e+02
  2664	2.664500e+00	1.350000e+02
  2665	2.665500e+00	1.270000e+02
  2666	2.666500e+00	1.450000e+02
  2667	2.667500e+00	1.440000e+02
  2668	2.668500e+00	1.280000e+02
  2669	2.669500e+00	1.290000e+02
  2670	2.670500e+00	1.480000e+02
  2671	2.671500e+00	1.420000e+02
  2672	2.672500e+00	1.410000e+02
  2673	2.673500e+00	1.250000e+02
  2674	2.674500e+00	1.550000e+02
  2675	2.675500e+00	1.300000e+02
  2676	2.676500e+00	1.250000e+02
  2677	2.677500e+00	1.320000e+02
  2678	2.678500e+00	1.340000e+02
  2679	2.679500e+00	1.250000e+02
  2680	2.680500e+00	1.260000e+02
  2681	2.681500e+00	1.270000e+02
  2682	2.682500e+00	1.190000e+02
  2683	2.683500e+00	1.420000e+02
  2684	2.684500e+00	1.420000e+02
  2685	2.685500e+00	1.220000e+02
  2686	2.686500e+00	1.460000e+02
  2687	2.687500e+00	1.380000e+02
  2688	2.688500e+00	1.210000e+02
  2689	2.689500e+00	1.420000e+02
  2690	2.690500e+00	1.240000e+02
  2691	2.691500e+00	1.370000e+02
  2692	2.692500e+00	1.250000e+02
  2693	2.693500e+00	1.310000e+02
  2694	2.694500e+00	1.310000e+02
  2695	2.695500e+00	1.300000e+02
  2696	2.696500e+00	1.330000e+02
  2697	2.697500e+00	1.250000e+02
  2698	2.698500e+00	1.260000e+02
  2699	2.699500e+00	1.210000e+02
  2700	2.700500e+00	1.460000e+02
  2701	2.701500e+00	1.270000e+02
  2702	2.702500e+00	1.280000e+02
  2703	2.703500e+00	1.270000e+02
  2704	2.704500e+00	1.300000e+02
  2705	2.705500e+00	1.460000e+02
  2706	2.706500e+00	1.550000e+02
  2707	2.707500e+00	1.330000e+02
  2708	2.708500e+00	1.440000e+02
  2709	2.709500e+00	1.540000e+02
  2710	2.710500e+00	1.220000e+02
  2711	2.711500e+00	1.220000e+02
  2712	2.712500e+00	1.440000e+02
  2713	2.713500e+00	1.450000e+02
  2714	2.714500e+00	1.370000e+02
  2715	2.715500e+00	1.260000e+02
  2716	2.716500e+00	1.290000e+02
  2717	2.717500e+00	1.380000e+02
  2718	2.718500e+00	1.140000e+02
  2719	2.719500e+00	1.350000e+02
  2720	2.720500e+00	1.160000e+02
  2721	2.721500e+00	1.140000e+02
  2722	2.722500e+00	1.500000e+02
  2723	2.723500e+00	1.220000e+02
  2724	2.724500e+00	1.510000e+02
  2725	2.725500e+00	1.320000e+02
  2726	2.726500e+00	1.380000e+02
  2727	2.727500e+00	1.400000e+02
  2728	2.728500e+00	1.080000e+02
  2729	2.729500e+00	1.280000e+02
  2730	2.730500e+00	1.240000e+02
  2731	2.731500e+00	1.430000e+02
  2732	2.732500e+00	1.450000e+02
  2733	2.733500e+00	1.230000e+02
  2734	2.734500e+00	1.020000e+02
  2735	2.735500e+00	1.440000e+02
  2736	2.736500e+00	1.210000e+02
  2737	2.737500e+00	1.290000e+02
  2738	2.738500e+00	1.460000e+02
  2739	2.739500e+00	1.470000e+02
  2740	2.740500e+00	1.350000e+02
  2741	2.741500e+00	1.320000e+02
  2742	2.742500e+00	1.430000e+02
  2743	2.743500e+00	1.310000e+02
  2744	2.744500e+00	1.270000e+02
  2745	2.745500e+00	1.250000e+02
  2746	2.746500e+00	1.220000e+02
  2747	2.747500e+00	1.300000e+02
  2748	2.748500e+00	1.320000e+02
  2749	2.749500e+00	1.190000e+02
  2750	2.750500e+00	1.340000e+02
  2751	2.751500e+00	1.290000e+02
  2752	2.752500e+00	1.310000e+02
  2753	2.753500e+00	1.320000e+02
  2754	2.754500e+00	1.380000e+02
  2755	2.755500e+00	1.340000e+02
  2756	2.756500e+00	1.320000e+02
  2757	2.757500e+00	1.460000e+02
  2758	2.758500e+00	1.290000e+02
  2759	2.759500e+00	1.240000e+02
  2760	2.760500e+00	1.270000e+02
  2761	2.761500e+00	1.280000e+02
  2762	2.762500e+00	1.380000e+02
  2763	2.763500e+00	1.300000e+02
  2764	2.764500e+00	1.410000e+02
  2765	2.765500e+00	1.270000e+02
  2766	2.766500e+00	1.470000e+02
  2767	2.767500e+00	1.420000e+02
  2768	2.768500e+00	1.280000e+02
  2769	2.769500e+00	1.220000e+02
  2770	2.770500e+00	1.420000e+02
  2771	2.771500e+00	1.160000e+02
  2772	2.772500e+00	1.270000e+02
  2773	2.773500e+00	1.150000e+02
  2774	2.774500e+00	1.320000e+02
  2775	2.775500e+00	1.180000e+02
  2776	2.776500e+00	1.360000e+02
  2777	2.777500e+00	1.230000e+02
  2778	2.778500e+00	1.220000e+02
  2779	2.779500e+00	1.440000e+02
  2780	2.780500e+00	1.270000e+02
  2781	2.781500e+00	1.410000e+02
  2782	2.782500e+00	1.580000e+02
  2783	2.783500e+00	1.250000e+02
  2784	2.784500e+00	1.320000e+02
  2785	2.785500e+00	1.620000e+02
  2786	2.786500e+00	1.040000e+02
  2787	2.787500e+00	1.290000e+02
  2788	2.788500e+00	1.160000e+02
  2789	2.789500e+00	1.200000e+02
  2790	2.790500e+00	1.240000e+02
  2791	2.791500e+00	1.340000e+02
  2792	2.792500e+00	1.510000e+02
  2793	2.793500e+00	1.190000e+02
  2794	2.794500e+00	1.300000e+02
  2795	2.795500e+00	1.180000e+02
  2796	2.796500e+00	1.390000e+02
  2797	2.797500e+00	1.250000e+02
  2798	2.798500e+00	1.440000e+02
  2799	2.799500e+00	1.180000e+02
  2800	2.800500e+00	1.010000e+02
  2801	2.801500e+00	1.140000e+02
  2802	2.802500e+00	1.340000e+02
  2803	2.803500e+00	1.100000e+02
  2804	2.804500e+00	1.440000e+02
  2805	2.805500e+00	1.260000e+02
  2806	2.806500e+00	1.410000e+02
  2807	2.807500e+00	1.250000e+02
  2808	2.808500e+00	1.490000e+02
  2809	2.809500e+00	1.100000e+02
  2810	2.810500e+00	1.190000e+02
  2811	2.811500e+00	1.390000e+02
  2812	2.812500e+00	1.150000e+02
  2813	2.813500e+00	1.280000e+02
  2814	2.814500e+00	1.190000e+02
  2815	2.815500e+00	1.190000e+02
  2816	2.816500e+00	1.270000e+02
  2817	2.817500e+00	1.250000e+02
  2818	2.818500e+00	1.210000e+02
  2819	2.819500e+00	1.290000e+02
  2820	2.820500e+00	1.320000e+02
  2821	2.821500e+00	1.240000e+02
  2822	2.822500e+00	1.110000e+02
  2823	2.823500e+00	1.280000e+02
  2824	2.824500e+00	1.380000e+02
  2825	2.825500e+00	1.260000e+02
  2826	2.826500e+00	1.520000e+02
  2827	2.827500e+00	1.220000e+02
  2828	2.828500e+00	1.460000e+02
  2829	2.829500e+00	1.450000e+02
  2830	2.830500e+00	1.260000e+02
  2831	2.831500e+00	1.130000e+02
  2832	2.832500e+00	1.290000e+02
  2833	2.833500e+00	1.160000e+02
  2834	2.834500e+00	1.200000e+02
  2835	2.835500e+00	1.210000e+02
  2836	2.836500e+00	1.310000e+02
  2837	2.837500e+00	1.210000e+02
  2838	2.838500e+00	1.150000e+02
  2839	2.839500e+00	1.240000e+02
  2840	2.840500e+00	1.210000e+02
  2841	2.841500e+00	1.350000e+02
  2842	2.842500e+00	1.190000e+02
  2843	2.843500e+00	1.150000e+02
  2844	2.844500e+00	1.330000e+02
  2845	2.845500e+00	1.340000e+02
  2846	2.846500e+00	1.270000e+02
  2847	2.847500e+00	1.230000e+02
  2848	2.848500e+00	1.260000e+02
  2849	2.849500e+00	1.250000e+02
  2850	2.850500e+00	1.270000e+02
  2851	2.851500e+00	1.230000e+02
  2852	2.852500e+00	1.310000e+02
  2853	2.853500e+00	1.320000e+02
  2854	2.854500e+00	1.220000e+02
  2855	2.855500e+00	1.310000e+02
  2856	2.856500e+00	1.390000e+02
  2857	2.857500e+00	1.320000e+02
  2858	2.858500e+00	1.280000e+02
  2859	2.859500e+00	1.200000e+02
  2860	2.860500e+00	1.300000e+02
  2861	2.861500e+00	1.370000e+02
  2862	2.862500e+00	1.400000e+02
  2863	2.863500e+00	1.110000e+02
  2864	2.864500e+00	1.170000e+02
  2865	2.865500e+00	1.340000e+02
  2866	2.866500e+00	1.210000e+02
  2867	2.867500e+00	1.400000e+02
  2868	2.868500e+00	1.160000e+02
  2869	2.869500e+00	1.330000e+02
  2870	2.870500e+00	1.290000e+02
  2871	2.871500e+00	1.340000e+02
  2872	2.872500e+00	1.320000e+02
  2873	2.873500e+00	1.460000e+02
  2874	2.874500e+00	1.310000e+02
  2875	2.875500e+00	1.320000e+02
  2876	2.876500e+00	1.440000e+02
  2877	2.877500e+00	1.130000e+02
  2878	2.878500e+00	1.500000e+02
  2879	2.879500e+00	1.190000e+02
  2880	2.880500e+00	1.230000e+02
  2881	2.881500e+00	1.270000e+02
  2882	2.882500e+00	1.350000e+02
  2883	2.883500e+00	1.360000e+02
  2884	2.884500e+00	1.440000e+02
  2885	2.885500e+00	1.460000e+02
  2886	2.886500e+00	1.170000e+02
  2887	2.887500e+00	1.270000e+02
  2888	2.888500e+00	1.100000e+02
  2889	2.889500e+00	1.230000e+02
  2890	2.890500e+00	1.320000e+02
  2891	2.891500e+00	1.340000e+02
  2892	2.892500e+00	1.330000e+02
  2893	2.893500e+00	1.250000e+02
  2894	2.894500e+00	1.280000e+02
  2895	2.895500e+00	1.190000e+02
  2896	2.896500e+00	1.170000e+02
  2897	2.897500e+00	1.270000e+02
  2898	2.898500e+00	1.140000e+02
  2899	2.899500e+00	1.310000e+02
  2900	2.900500e+00	1.200000e+02
  2901	2.901500e+00	1.170000e+02
  2902	2.902500e+00	1.050000e+02
  2903	2.903500e+00	1.230000e+02
  2904	2.904500e+00	1.190000e+02
  2905	2.905500e+00	1.240000e+02
  2906	2.906500e+00	1.290000e+02
  2907	2.907500e+00	1.430000e+02
  2908	2.908500e+00	1.150000e+02
  2909	2.909500e+00	1.390000e+02
  2910	2.910500e+00	1.260000e+02
  2911	2.911500e+00	1.260000e+02
  2912	2.912500e+00	1.360000e+02
  2913	2.913500e+00	1.290000e+02
  2914	2.914500e+00	1.430000e+02
  2915	2.915500e+00	1.320000e+02
  2916	2.916500e+00	1.300000e+02
  2917	2.917500e+00	1.310000e+02
  2918	2.918500e+00	1.280000e+02
  2919	2.919500e+00	1.290000e+02
  2920	2.920500e+00	1.440000e+02
  2921	2.921500e+00	1.100000e+02
  2922	2.922500e+00	1.440000e+02
  2923	2.923500e+00	1.100000e+02
  2924	2.924500e+00	1.310000e+02
  2925	2.925500e+00	1.290000e+02
  2926	2.926500e+00	1.150000e+02
  2927	2.927500e+00	1.210000e+02
  2928	2.928500e+00	1.010000e+02
  2929	2.929500e+00	1.250000e+02
  2930	2.930500e+00	1.310000e+02
  2931	2.931500e+00	1.280000e+02
  2932	2.932500e+00	1.380000e+02
  2933	2.933500e+00	1.220000e+02
  2934	2.934500e+00	1.330000e+02
  2935	2.935500e+00	1.250000e+02
  2936	2.936500e+00	1.230000e+02
  2937	2.937500e+00	1.130000e+02
  2938	2.938500e+00	1.240000e+02
  2939	2.939500e+00	1.310000e+02
  2940	2.940500e+00	1.230000e+02
  2941	2.941500e+00	1.410000e+02
  2942	2.942500e+00	1.310000e+02
  2943	2.943500e+00	1.260000e+02
  2944	2.944500e+00	1.260000e+02
  2945	2.945500e+00	1.280000e+02
  2946	2.946500e+00	1.210000e+02
  2947	2.947500e+00	1.220000e+02
  2948	2.948500e+00	1.270000e+02
  2949	2.949500e+00	9.400000e+01
  2950	2.950500e+00	1.350000e+02
  2951	2.951500e+00	1.100000e+02
  2952	2.952500e+00	1.180000e+02
  2953	2.953500e+00	1.300000e+02
  2954	2.954500e+00	1.230000e+02
  2955	2.955500e+00	1.250000e+02
  2956	2.956500e+00	1.280000e+02
  2957	2.957500e+00	1.010000e+02
  2958	2.958500e+00	1.310000e+02
  2959	2.959500e+00	1.350000e+02
  2960	2.960500e+00	1.170000e+02
  2961	2.961500e+00	1.420000e+02
  2962	2.962500e+00	1.380000e+02
  2963	2.963500e+00	1.140000e+02
  2964	2.964500e+00	1.190000e+02
  2965	2.965500e+00	1.330000e+02
  2966	2.966500e+00	1.150000e+02
  2967	2.967500e+00	1.040000e+02
  2968	2.968500e+00	1.300000e+02
  2969	2.969500e+00	1.230000e+02
  2970	2.970500e+00	1.190000e+02
  2971	2.971500e+00	1.410000e+02
  2972	2.972500e+00	1.360000e+02
  2973	2.973500e+00	1.250000e+02
  2974	2.974500e+00	1.160000e+02
  2975	2.975500e+00	1.330000e+02
  2976	2.976500e+00	1.200000e+02
  2977	2.977500e+00	1.260000e+02
  2978	2.978500e+00	1.120000e+02
  2979	2.979500e+00	1.320000e+02
  2980	2.980500e+00	1.230000e+02
  2981	2.981500e+00	1.150000e+02
  2982	2.982500e+00	1.320000e+02
  2983	2.983500e+00	1.250000e+02
  2984	2.984500e+00	1.340000e+02
  2985	2.985500e+00	1.060000e+02
  2986	2.986500e+00	1.190000e+02
  2987	2.987500e+00	1.370000e+02
  2988	2.988500e+00	1.460000e+02
  2989	2.989500e+00	1.290000e+02
  2990	2.990500e+00	1.230000e+02
  2991	2.991500e+00	1.330000e+02
  2992	2.992500e+00	1.510000e+02
  2993	2.993500e+00	1.200000e+02
  2994	2.994500e+00	1.180000e+02
  2995	2.995500e+00	1.270000e+02
  2996	2.996500e+00	1.110000e+02
  2997	2.997500e+00	1.160000e+02
  2998	2.998500e+00	1.160000e+02
  2999	2.999500e+00	1.160000e+02
  3000	3.000500e+00	1.350000e+02
  3001	3.001500e+00	1.210000e+02
  3002	3.002500e+00	1.280000e+02
  3003	3.003500e+00	1.470000e+02
  3004	3.004500e+00	1.310000e+02
  3005	3.005500e+00	1.190000e+02
  3006	3.006500e+00	1.290000e+02
  3007	3.007500e+00	1.190000e+02
  3008	3.008500e+00	1.250000e+02
  3009	3.009500e+00	1.150000e+02
  3010	3.010500e+00	1.060000e+02
  3011	3.011500e+00	1.270000e+02
  3012	3.012500e+00	1.180000e+02
  3013	3.013500e+00	1.230000e+02
  3014	3.014500e+00	1.080000e+02
  3015	3.015500e+00	1.180000e+02
  3016	3.016500e+00	1.060000e+02
  3017	3.017500e+00	1.320000e+02
  3018	3.018500e+00	1.400000e+02
  3019	3.019500e+00	1.450000e+02
  3020	3.020500e+00	1.080000e+02
  3021	3.021500e+00	1.370000e+02
  3022	3.022500e+00	1.220000e+02
  3023	3.023500e+00	1.360000e+02
  3024	3.024500e+00	1.300000e+02
  3025	3.025500e+00	1.180000e+02
  3026	3.026500e+00	1.320000e+02
  3027	3.027500e+00	1.240000e+02
  3028	3.028500e+00	1.350000e+02
  3029	3.029500e+00	1.260000e+02
  3030	3.030500e+00	1.280000e+02
  3031	3.031500e+00	1.290000e+02
  3032	3.032500e+00	1.400000e+02
  3033	3.033500e+00	1.270000e+02
  3034	3.034500e+00	1.210000e+02
  3035	3.035500e+00	1.290000e+02
  3036	3.036500e+00	1.260000e+02
  3037	3.037500e+00	1.260000e+02
  3038	3.038500e+00	1.240000e+02
  3039	3.039500e+00	1.070000e+02
  3040	3.040500e+00	1.330000e+02
  3041	3.041500e+00	1.000000e+02
  3042	3.042500e+00	1.270000e+02
  3043	3.043500e+00	1.330000e+02
  3044	3.044500e+00	1.520000e+02
  3045	3.045500e+00	1.250000e+02
  3046	3.046500e+00	1.350000e+02
  3047	3.047500e+00	1.400000e+02
  3048	3.048500e+00	1.230000e+02
  3049	3.049500e+00	1.080000e+02
  3050	3.050500e+00	1.270000e+02
  3051	3.051500e+00	1.560000e+02
  3052	3.052500e+00	1.050000e+02
  3053	3.053500e+00	1.200000e+02
  3054	3.054500e+00	1.380000e+02
  3055	3.055500e+00	1.260000e+02
  3056	3.056500e+00	1.210000e+02
  3057	3.057500e+00	1.230000e+02
  3058	3.058500e+00	1.290000e+02
  3059	3.059500e+00	1.250000e+02
  3060	3.060500e+00	1.000000e+02
  3061	3.061500e+00	1.320000e+02
  3062	3.062500e+00	1.230000e+02
  3063	3.063500e+00	1.340000e+02
  3064	3.064500e+00	1.090000e+02
  3065	3.065500e+00	1.300000e+02
  3066	3.066500e+00	1.130000e+02
  3067	3.067500e+00	1.080000e+02
  3068	3.068500e+00	1.320000e+02
  3069	3.069500e+00	1.250000e+02
  3070	3.070500e+00	1.280000e+02
  3071	3.071500e+00	1.400000e+02
  3072	3.072500e+00	1.100000e+02
  3073	3.073500e+00	1.220000e+02
  3074	3.074500e+00	1.190000e+02
  3075	3.075500e+00	1.150000e+02
  3076	3.076500e+00	1.100000e+02
  3077	3.077500e+00	1.270000e+02
  3078	3.078500e+00	1.300000e+02
  3079	3.079500e+00	1.290000e+02
  3080	3.080500e+00	1.210000e+02
  3081	3.081500e+00	1.100000e+02
  3082	3.082500e+00	1.230000e+02
  3083	3.083500e+00	1.420000e+02
  3084	3.084500e+00	1.070000e+02
  3085	3.085500e+00	1.280000e+02
  3086	3.086500e+00	1.170000e+02
  3087	3.087500e+00	1.190000e+02
  3088	3.088500e+00	1.330000e+02
  3089	3.089500e+00	1.140000e+02
  3090	3.090500e+00	1.310000e+02
  3091	3.091500e+00	1.040000e+02
  3092	3.092500e+00	1.290000e+02
  3093	3.093500e+00	1.160000e+02
  3094	3.094500e+00	1.110000e+02
  3095	3.095500e+00	1.150000e+02
  3096	3.096500e+00	1.090000e+02
  3097	3.097500e+00	1.290000e+02
  3098	3.098500e+00	1.200000e+02
  3099	3.099500e+00	1.260000e+02
  3100	3.100500e+00	1.170000e+02
  3101	3.101500e+00	1.340000e+02
  3102	3.102500e+00	1.240000e+02
  3103	3.103500e+00	1.120000e+02
  3104	3.104500e+00	1.060000e+02
  3105	3.105500e+00	1.200000e+02
  3106	3.106500e+00	1.140000e+02
  3107	3.107500e+00	1.220000e+02
  3108	3.108500e+00	1.230000e+02
  3109	3.109500e+00	9.800000e+01
  3110	3.110500e+00	1.090000e+02
  3111	3.111500e+00	1.130000e+02
  3112	3.112500e+00	1.190000e+02
  3113	3.113500e+00	1.250000e+02
  3114	3.114500e+00	1.350000e+02
  3115	3.115500e+00	1.340000e+02
  3116	3.116500e+00	1.140000e+02
  3117	3.117500e+00	1.220000e+02
  3118	3.118500e+00	1.040000e+02
  3119	3.119500e+00	1.220000e+02
  3120	3.120500e+00	1.080000e+02
  3121	3.121500e+00	1.500000e+02
  3122	3.122500e+00	1.340000e+02
  3123	3.123500e+00	1.410000e+02
  3124	3.124500e+00	1.190000e+02
  3125	3.125500e+00	1.120000e+02
  3126	3.126500e+00	1.130000e+02
  3127	3.127500e+00	9.900000e+01
  3128	3.128500e+00	1.350000e+02
  3129	3.129500e+00	1.350000e+02
  3130	3.130500e+00	1.190000e+02
  3131	3.131500e+00	1.310000e+02
  3132	3.132500e+00	1.300000e+02
  3133	3.133500e+00	1.260000e+02
  3134	3.134500e+00	1.190000e+02
  3135	3.135500e+00	1.220000e+02
  3136	3.136500e+00	1.160000e+02
  3137	3.137500e+00	1.430000e+02
  3138	3.138500e+00	1.240000e+02
  3139	3.139500e+00	1.180000e+02
  3140	3.140500e+00	1.100000e+02
  3141	3.141500e+00	1.170000e+02
  3142	3.142500e+00	1.220000e+02
  3143	3.143500e+00	1.140000e+02
  3144	3.144500e+00	1.200000e+02
  3145	3.145500e+00	1.270000e+02
  3146	3.146500e+00	1.290000e+02
  3147	3.147500e+00	1.040000e+02
  3148	3.148500e+00	1.210000e+02
  3149	3.149500e+00	1.160000e+02
  3150	3.150500e+00	1.200000e+02
  3151	3.151500e+00	1.130000e+02
  3152	3.152500e+00	1.400000e+02
  3153	3.153500e+00	1.170000e+02
  3154	3.154500e+00	1.170000e+02
  3155	3.155500e+00	1.180000e+02
  3156	3.156500e+00	1.100000e+02
  3157	3.157500e+00	1.160000e+02
  3158	3.158500e+00	1.270000e+02
  3159	3.159500e+00	1.170000e+02
  3160	3.160500e+00	1.250000e+02
  3161	3.161500e+00	1.510000e+02
  3162	3.162500e+00	1.020000e+02
  3163	3.163500e+00	1.190000e+02
  3164	3.164500e+00	1.310000e+02
  3165	3.165500e+00	1.260000e+02
  3166	3.166500e+00	1.170000e+02
  3167	3.167500e+00	1.120000e+02
  3168	3.168500e+00	1.080000e+02
  3169	3.169500e+00	1.270000e+02
  3170	3.170500e+00	1.110000e+02
  3171	3.171500e+00	1.390000e+02
  3172	3.172500e+00	1.250000e+02
  3173	3.173500e+00	9.900000e+01
  3174	3.174500e+00	1.150000e+02
  3175	3.175500e+00	1.090000e+02
  3176	3.176500e+00	1.390000e+02
  3177	3.177500e+00	1.050000e+02
  3178	3.178500e+00	1.330000e+02
  3179	3.179500e+00	1.270000e+02
  3180	3.180500e+00	1.250000e+02
  3181	3.181500e+00	1.140000e+02
  3182	3.182500e+00	1.140000e+02
  3183	3.183500e+00	1.160000e+02
  3184	3.184500e+00	1.100000e+02
  3185	3.185500e+00	1.290000e+02
  3186	3.186500e+00	1.380000e+02
  3187	3.187500e+00	1.130000e+02
  3188	3.188500e+00	1.050000e+02
  3189	3.189500e+00	1.450000e+02
  3190	3.190500e+00	1.220000e+02
  3191	3.191500e+00	1.250000e+02
  3192	3.192500e+00	1.250000e+02
  3193	3.193500e+00	1.120000e+02
  3194	3.194500e+00	1.130000e+02
  3195	3.195500e+00	1.200000e+02
  3196	3.196500e+00	1.170000e+02
  3197	3.197500e+00	1.210000e+02
  3198	3.198500e+00	1.310000e+02
  3199	3.199500e+00	1.190000e+02
  3200	3.200500e+00	1.230000e+02
  3201	3.201500e+00	1.310000e+02
  3202	3.202500e+00	1.220000e+02
  3203	3.203500e+00	1.030000e+02
  3204	3.204500e+00	1.270000e+02
  3205	3.205500e+00	1.090000e+02
  3206	3.206500e+00	1.250000e+02
  3207	3.207500e+00	1.090000e+02
  3208	3.208500e+00	1.220000e+02
  3209	3.209500e+00	1.250000e+02
  3210	3.210500e+00	1.220000e+02
  3211	3.211500e+00	1.160000e+02
  3212	3.212500e+00	1.360000e+02
  3213	3.213500e+00	1.030000e+02
  3214	3.214500e+00	1.390000e+02
  3215	3.215500e+00	1.290000e+02
  3216	3.216500e+00	1.160000e+02
  3217	3.217500e+00	1.230000e+02
  3218	3.218500e+00	1.070000e+02
  3219	3.219500e+00	1.340000e+02
  3220	3.220500e+00	1.220000e+02
  3221	3.221500e+00	1.240000e+02
  3222	3.222500e+00	9.900000e+01
  3223	3.223500e+00	9.600000e+01
  3224	3.224500e+00	1.290000e+02
  3225	3.225500e+00	1.110000e+02
  3226	3.226500e+00	1.220000e+02
  3227	3.227500e+00	1.230000e+02
  3228	3.228500e+00	1.370000e+02
  3229	3.229500e+00	1.200000e+02
  3230	3.230500e+00	1.350000e+02
  3231	3.231500e+00	1.210000e+02
  3232	3.232500e+00	1.210000e+02
  3233	3.233500e+00	1.300000e+02
  3234	3.234500e+00	9.500000e+01
  3235	3.235500e+00	1.140000e+02
  3236	3.236500e+00	1.250000e+02
  3237	3.237500e+00	1.060000e+02
  3238	3.238500e+00	1.110000e+02
  3239	3.239500e+00	1.260000e+02
  3240	3.240500e+00	1.160000e+02
  3241	3.241500e+00	1.090000e+02
  3242	3.242500e+00	1.420000e+02
  3243	3.243500e+00	1.250000e+02
  3244	3.244500e+00	1.210000e+02
  3245	3.245500e+00	1.290000e+02
  3246	3.246500e+00	1.090000e+02
  3247	3.247500e+00	1.260000e+02
  3248	3.248500e+00	1.060000e+02
  3249	3.249500e+00	1.300000e+02
  3250	3.250500e+00	1.350000e+02
  3251	3.251500e+00	1.370000e+02
  3252	3.252500e+00	1.280000e+02
  3253	3.253500e+00	1.250000e+02
  3254	3.254500e+00	1.260000e+02
  3255	3.255500e+00	1.230000e+02
  3256	3.256500e+00	1.380000e+02
  3257	3.257500e+00	1.130000e+02
  3258	3.258500e+00	1.130000e+02
  3259	3.259500e+00	9.300000e+01
  3260	3.260500e+00	1.130000e+02
  3261	3.261500e+00	1.130000e+02
  3262	3.262500e+00	1.220000e+02
  3263	3.263500e+00	1.160000e+02
  3264	3.264500e+00	1.320000e+02
  3265	3.265500e+00	1.220000e+02
  3266	3.266500e+00	1.190000e+02
  3267	3.267500e+00	1.110000e+02
  3268	3.268500e+00	1.170000e+02
  3269	3.269500e+00	1.310000e+02
  3270	3.270500e+00	1.350000e+02
  3271	3.271500e+00	1.220000e+02
  3272	3.272500e+00	1.140000e+02
  3273	3.273500e+00	1.300000e+02
  3274	3.274500e+00	1.130000e+02
  3275	3.275500e+00	1.150000e+02
  3276	3.276500e+00	1.040000e+02
  3277	3.277500e+00	1.140000e+02
  3278	3.278500e+00	1.250000e+02
  3279	3.279500e+00	1.270000e+02
  3280	3.280500e+00	1.150000e+02
  3281	3.281500e+00	1.090000e+02
  3282	3.282500e+00	1.190000e+02
  3283	3.283500e+00	1.320000e+02
  3284	3.284500e+00	1.160000e+02
  3285	3.285500e+00	1.130000e+02
  3286	3.286500e+00	1.100000e+02
  3287	3.287500e+00	1.220000e+02
  3288	3.288500e+00	1.350000e+02
  3289	3.289500e+00	1.340000e+02
  3290	3.290500e+00	1.220000e+02
  3291	3.291500e+00	9.700000e+01
  3292	3.292500e+00	1.160000e+02
  3293	3.293500e+00	1.260000e+02
  3294	3.294500e+00	1.310000e+02
  3295	3.295500e+00	1.310000e+02
  3296	3.296500e+00	1.090000e+02
  3297	3.297500e+00	1.230000e+02
  3298	3.298500e+00	1.080000e+02
  3299	3.299500e+00	1.230000e+02
  3300	3.300500e+00	1.260000e+02
  3301	3.301500e+00	1.230000e+02
  3302	3.302500e+00	1.390000e+02
  3303	3.303500e+00	1.110000e+02
  3304	3.304500e+00	1.320000e+02
  3305	3.305500e+00	1.120000e+02
  3306	3.306500e+00	1.120000e+02
  3307	3.307500e+00	1.360000e+02
  3308	3.308500e+00	1.330000e+02
  3309	3.309500e+00	1.290000e+02
  3310	3.310500e+00	1.280000e+02
  3311	3.311500e+00	1.270000e+02
  3312	3.312500e+00	9.800000e+01
  3313	3.313500e+00	1.300000e+02
  3314	3.314500e+00	1.240000e+02
  3315	3.315500e+00	1.080000e+02
  3316	3.316500e+00	1.190000e+02
  3317	3.317500e+00	1.280000e+02
  3318	3.318500e+00	1.330000e+02
  3319	3.319500e+00	1.220000e+02
  3320	3.320500e+00	1.050000e+02
  3321	3.321500e+00	1.270000e+02
  3322	3.322500e+00	1.020000e+02
  3323	3.323500e+00	1.120000e+02
  3324	3.324500e+00	1.330000e+02
  3325	3.325500e+00	1.190000e+02
  3326	3.326500e+00	1.170000e+02
  3327	3.327500e+00	1.330000e+02
  3328	3.328500e+00	1.220000e+02
  3329	3.329500e+00	1.230000e+02
  3330	3.330500e+00	1.150000e+02
  3331	3.331500e+00	1.110000e+02
  3332	3.332500e+00	1.320000e+02
  3333	3.333500e+00	1.130000e+02
  3334	3.334500e+00	1.240000e+02
  3335	3.335500e+00	1.170000e+02
  3336	3.336500e+00	9.800000e+01
  3337	3.337500e+00	1.200000e+02
  3338	3.338500e+00	1.040000e+02
  3339	3.339500e+00	1.280000e+02
  3340	3.340500e+00	1.340000e+02
  3341	3.341500e+00	1.200000e+02
  3342	3.342500e+00	1.040000e+02
  3343	3.343500e+00	1.240000e+02
  3344	3.344500e+00	1.250000e+02
  3345	3.345500e+00	1.050000e+02
  3346	3.346500e+00	1.010000e+02
  3347	3.347500e+00	1.130000e+02
  3348	3.348500e+00	1.180000e+02
  3349	3.349500e+00	1.300000e+02
  3350	3.350500e+00	1.250000e+02
  3351	3.351500e+00	1.180000e+02
  3352	3.352500e+00	1.040000e+02
  3353	3.353500e+00	1.290000e+02
  3354	3.354500e+00	1.120000e+02
  3355	3.355500e+00	1.170000e+02
  3356	3.356500e+00	1.190000e+02
  3357	3.357500e+00	1.240000e+02
  3358	3.358500e+00	1.100000e+02
  3359	3.359500e+00	1.080000e+02
  3360	3.360500e+00	1.270000e+02
  3361	3.361500e+00	1.070000e+02
  3362	3.362500e+00	1.070000e+02
  3363	3.363500e+00	1.040000e+02
  3364	3.364500e+00	1.090000e+02
  3365	3.365500e+00	1.160000e+02
  3366	3.366500e+00	1.140000e+02
  3367	3.367500e+00	1.130000e+02
  3368	3.368500e+00	1.250000e+02
  3369	3.369500e+00	1.250000e+02
  3370	3.370500e+00	1.170000e+02
  3371	3.371500e+00	1.240000e+02
  3372	3.372500e+00	1.200000e+02
  3373	3.373500e+00	1.100000e+02
  3374	3.374500e+00	1.110000e+02
  3375	3.375500e+00	1.150000e+02
  3376	3.376500e+00	1.120000e+02
  3377	3.377500e+00	1.060000e+02
  3378	3.378500e+00	1.260000e+02
  3379	3.379500e+00	1.200000e+02
  3380	3.380500e+00	1.170000e+02
  3381	3.381500e+00	1.130000e+02
  3382	3.382500e+00	1.070000e+02
  3383	3.383500e+00	1.130000e+02
  3384	3.384500e+00	1.170000e+02
  3385	3.385500e+00	1.110000e+02
  3386	3.386500e+00	1.150000e+02
  3387	3.387500e+00	1.130000e+02
  3388	3.388500e+00	1.310000e+02
  3389	3.389500e+00	1.250000e+02
  3390	3.390500e+00	1.070000e+02
  3391	3.391500e+00	1.130000e+02
  3392	3.392500e+00	1.340000e+02
  3393	3.393500e+00	1.090000e+02
  3394	3.394500e+00	1.180000e+02
  3395	3.395500e+00	1.160000e+02
  3396	3.396500e+00	1.260000e+02
  3397	3.397500e+00	1.410000e+02
  3398	3.398500e+00	1.130000e+02
  3399	3.399500e+00	1.010000e+02
  3400	3.400500e+00	1.110000e+02
  3401	3.401500e+00	1.130000e+02
  3402	3.402500e+00	1.320000e+02
  3403	3.403500e+00	1.030000e+02
  3404	3.404500e+00	1.150000e+02
  3405	3.405500e+00	1.200000e+02
  3406	3.406500e+00	1.300000e+02
  3407	3.407500e+00	1.370000e+02
  3408	3.408500e+00	1.030000e+02
  3409	3.409500e+00	1.070000e+02
  3410	3.410500e+00	1.060000e+02
  3411	3.411500e+00	1.130000e+02
  3412	3.412500e+00	1.090000e+02
  3413	3.413500e+00	1.110000e+02
  3414	3.414500e+00	1.200000e+02
  3415	3.415500e+00	1.050000e+02
  3416	3.416500e+00	1.120000e+02
  3417	3.417500e+00	9.700000e+01
  3418	3.418500e+00	1.170000e+02
  3419	3.419500e+00	1.290000e+02
  3420	3.420500e+00	1.160000e+02
  3421	3.421500e+00	1.080000e+02
  3422	3.422500e+00	1.340000e+02
  3423	3.423500e+00	1.210000e+02
  3424	3.424500e+00	1.090000e+02
  3425	3.425500e+00	1.120000e+02
  3426	3.426500e+00	1.160000e+02
  3427	3.427500e+00	1.140000e+02
  3428	3.428500e+00	1.260000e+02
  3429	3.429500e+00	1.110000e+02
  3430	3.430500e+00	1.150000e+02
  3431	3.431500e+00	1.170000e+02
  3432	3.432500e+00	1.040000e+02
  3433	3.433500e+00	1.100000e+02
  3434	3.434500e+00	1.040000e+02
  3435	3.435500e+00	1.130000e+02
  3436	3.436500e+00	1.070000e+02
  3437	3.437500e+00	1.200000e+02
  3438	3.438500e+00	1.020000e+02
  3439	3.439500e+00	8.700000e+01
  3440	3.440500e+00	1.190000e+02
  3441	3.441500e+00	9.200000e+01
  3442	3.442500e+00	1.020000e+02
  3443	3.443500e+00	1.070000e+02
  3444	3.444500e+00	1.220000e+02
  3445	3.445500e+00	1.200000e+02
  3446	3.446500e+00	9.100000e+01
  3447	3.447500e+00	1.170000e+02
  3448	3.448500e+00	8.200000e+01
  3449	3.449500e+00	1.090000e+02
  3450	3.450500e+00	1.240000e+02
  3451	3.451500e+00	1.230000e+02
  3452	3.452500e+00	1.250000e+02
  3453	3.453500e+00	1.210000e+02
  3454	3.454500e+00	1.140000e+02
  3455	3.455500e+00	1.140000e+02
  3456	3.456500e+00	9.800000e+01
  3457	3.457500e+00	1.100000e+02
  3458	3.458500e+00	1.220000e+02
  3459	3.459500e+00	1.200000e+02
  3460	3.460500e+00	1.060000e+02
  3461	3.461500e+00	1.120000e+02
  3462	3.462500e+00	9.700000e+01
  3463	3.463500e+00	1.290000e+02
  3464	3.464500e+00	1.110000e+02
  3465	3.465500e+00	1.110000e+02
  3466	3.466500e+00	1.070000e+02
  3467	3.467500e+00	1.240000e+02
  3468	3.468500e+00	1.070000e+02
  3469	3.469500e+00	9.600000e+01
  3470	3.470500e+00	1.220000e+02
  3471	3.471500e+00	1.080000e+02
  3472	3.472500e+00	1.020000e+02
  3473	3.473500e+00	1.170000e+02
  3474	3.474500e+00	9.800000e+01
  3475	3.475500e+00	1.110000e+02
  3476	3.476500e+00	1.020000e+02
  3477	3.477500e+00	1.210000e+02
  3478	3.478500e+00	1.350000e+02
  3479	3.479500e+00	1.110000e+02
  3480	3.480500e+00	1.230000e+02
  3481	3.481500e+00	1.110000e+02
  3482	3.482500e+00	1.250000e+02
  3483	3.483500e+00	1.140000e+02
  3484	3.484500e+00	1.130000e+02
  3485	3.485500e+00	1.100000e+02
  3486	3.486500e+00	1.400000e+02
  3487	3.487500e+00	1.230000e+02
  3488	3.488500e+00	1.000000e+02
  3489	3.489500e+00	1.320000e+02
  3490	3.490500e+00	1.340000e+02
  3491	3.491500e+00	1.010000e+02
  3492	3.492500e+00	1.010000e+02
  3493	3.493500e+00	1.140000e+02
  3494	3.494500e+00	9.500000e+01
  3495	3.495500e+00	9.200000e+01
  3496	3.496500e+00	1.250000e+02
  3497	3.497500e+00	1.310000e+02
  3498	3.498500e+00	1.020000e+02
  3499	3.499500e+00	1.120000e+02
  3500	3.500500e+00	1.360000e+02
  3501	3.501500e+00	1.070000e+02
  3502	3.502500e+00	1.160000e+02
  3503	3.503500e+00	1.090000e+02
  3504	3.504500e+00	1.100000e+02
  3505	3.505500e+00	1.170000e+02
  3506	3.506500e+00	1.230000e+02
  3507	3.507500e+00	1.170000e+02
  3508	3.508500e+00	1.170000e+02
  3509	3.509500e+00	1.150000e+02
  3510	3.510500e+00	1.090000e+02
  3511	3.511500e+00	1.010000e+02
  3512	3.512500e+00	1.180000e+02
  3513	3.513500e+00	1.170000e+02
  3514	3.514500e+00	1.090000e+02
  3515	3.515500e+00	9.300000e+01
  3516	3.516500e+00	1.160000e+02
  3517	3.517500e+00	1.010000e+02
  3518	3.518500e+00	1.150000e+02
  3519	3.519500e+00	1.250000e+02
  3520	3.520500e+00	1.450000e+02
  3521	3.521500e+00	1.190000e+02
  3522	3.522500e+00	9.300000e+01
  3523	3.523500e+00	1.060000e+02
  3524	3.524500e+00	1.140000e+02
  3525	3.525500e+00	1.110000e+02
  3526	3.526500e+00	1.080000e+02
  3527	3.527500e+00	1.120000e+02
  3528	3.528500e+00	1.010000e+02
  3529	3.529500e+00	1.120000e+02
  3530	3.530500e+00	1.340000e+02
  3531	3.531500e+00	1.050000e+02
  3532	3.532500e+00	1.260000e+02
  3533	3.533500e+00	1.170000e+02
  3534	3.534500e+00	1.150000e+02
  3535	3.535500e+00	1.260000e+02
  3536	3.536500e+00	1.220000e+02
  3537	3.537500e+00	1.280000e+02
  3538	3.538500e+00	1.280000e+02
  3539	3.539500e+00	1.000000e+02
  3540	3.540500e+00	1.200000e+02
  3541	3.541500e+00	1.290000e+02
  3542	3.542500e+00	1.260000e+02
  3543	3.543500e+00	1.100000e+02
  3544	3.544500e+00	1.040000e+02
  3545	3.545500e+00	1.020000e+02
  3546	3.546500e+00	1.260000e+02
  3547	3.547500e+00	1.080000e+02
  3548	3.548500e+00	1.050000e+02
  3549	3.549500e+00	1.270000e+02
  3550	3.550500e+00	1.140000e+02
  3551	3.551500e+00	1.240000e+02
  3552	3.552500e+00	9.800000e+01
  3553	3.553500e+00	9.500000e+01
  3554	3.554500e+00	1.080000e+02
  3555	3.555500e+00	1.210000e+02
  3556	3.556500e+00	1.160000e+02
  3557	3.557500e+00	1.020000e+02
  3558	3.558500e+00	9.900000e+01
  3559	3.559500e+00	1.030000e+02
  3560	3.560500e+00	1.210000e+02
  3561	3.561500e+00	1.030000e+02
  3562	3.562500e+00	1.180000e+02
  3563	3.563500e+00	9.300000e+01
  3564	3.564500e+00	1.000000e+02
  3565	3.565500e+00	1.040000e+02
  3566	3.566500e+00	1.220000e+02
  3567	3.567500e+00	1.140000e+02
  3568	3.568500e+00	1.170000e+02
  3569	3.569500e+00	1.270000e+02
  3570	3.570500e+00	1.260000e+02
  3571	3.571500e+00	1.160000e+02
  3572	3.572500e+00	1.170000e+02
  3573	3.573500e+00	1.010000e+02
  3574	3.574500e+00	1.010000e+02
  3575	3.575500e+00	1.240000e+02
  3576	3.576500e+00	1.150000e+02
  3577	3.577500e+00	1.170000e+02
  3578	3.578500e+00	1.290000e+02
  3579	3.579500e+00	1.390000e+02
  3580	3.580500e+00	1.000000e+02
  3581	3.581500e+00	1.070000e+02
  3582	3.582500e+00	1.250000e+02
  3583	3.583500e+00	1.070000e+02
  3584	3.584500e+00	1.190000e+02
  3585	3.585500e+00	1.260000e+02
  3586	3.586500e+00	1.170000e+02
  3587	3.587500e+00	1.210000e+02
  3588	3.588500e+00	1.120000e+02
  3589	3.589500e+00	1.130000e+02
  3590	3.590500e+00	1.060000e+02
  3591	3.591500e+00	1.170000e+02
  3592	3.592500e+00	1.040000e+02
  3593	3.593500e+00	1.100000e+02
  3594	3.594500e+00	1.210000e+02
  3595	3.595500e+00	9.400000e+01
  3596	3.596500e+00	1.270000e+02
  3597	3.597500e+00	1.040000e+02
  3598	3.598500e+00	1.130000e+02
  3599	3.599500e+00	1.070000e+02
  3600	3.600500e+00	1.190000e+02
  3601	3.601500e+00	1.310000e+02
  3602	3.602500e+00	1.150000e+02
  3603	3.603500e+00	9.200000e+01
  3604	3.604500e+00	1.030000e+02
  3605	3.605500e+00	1.260000e+02
  3606	3.606500e+00	1.080000e+02
  3607	3.607500e+00	1.170000e+02
  3608	3.608500e+00	1.090000e+02
  3609	3.609500e+00	1.090000e+02
  3610	3.610500e+00	1.340000e+02
  3611	3.611500e+00	1.280000e+02
  3612	3.612500e+00	1.070000e+02
  3613	3.613500e+00	1.170000e+02
  3614	3.614500e+00	1.010000e+02
  3615	3.615500e+00	1.240000e+02
  3616	3.616500e+00	9.600000e+01
  3617	3.617500e+00	1.070000e+02
  3618	3.618500e+00	1.090000e+02
  3619	3.619500e+00	1.120000e+02
  3620	3.620500e+00	1.080000e+02
  3621	3.621500e+00	9.700000e+01
  3622	3.622500e+00	1.090000e+02
  3623	3.623500e+00	1.200000e+02
  3624	3.624500e+00	1.090000e+02
  3625	3.625500e+00	1.170000e+02
  3626	3.626500e+00	1.200000e+02
  3627	3.627500e+00	1.130000e+02
  3628	3.628500e+00	9.800000e+01
  3629	3.629500e+00	1.150000e+02
  3630	3.630500e+00	1.040000e+02
  3631	3.631500e+00	9.900000e+01
  3632	3.632500e+00	1.180000e+02
  3633	3.633500e+00	1.040000e+02
  3634	3.634500e+00	1.040000e+02
  3635	3.635500e+00	1.090000e+02
  3636	3.636500e+00	9.300000e+01
  3637	3.637500e+00	9.800000e+01
  3638	3.638500e+00	1.050000e+02
  3639	3.639500e+00	1.230000e+02
  3640	3.640500e+00	1.290000e+02
  3641	3.641500e+00	8.900000e+01
  3642	3.642500e+00	1.130000e+02
  3643	3.643500e+00	1.160000e+02
  3644	3.644500e+00	8.800000e+01
  3645	3.645500e+00	1.080000e+02
  3646	3.646500e+00	1.010000e+02
  3647	3.647500e+00	1.040000e+02
  3648	3.648500e+00	1.120000e+02
  3649	3.649500e+00	1.150000e+02
  3650	3.650500e+00	1.250000e+02
  3651	3.651500e+00	9.900000e+01
  3652	3.652500e+00	1.230000e+02
  3653	3.653500e+00	1.000000e+02
  3654	3.654500e+00	1.130000e+02
  3655	3.655500e+00	1.350000e+02
  3656	3.656500e+00	1.160000e+02
  3657	3.657500e+00	1.000000e+02
  3658	3.658500e+00	9.900000e+01
  3659	3.659500e+00	9.600000e+01
  3660	3.660500e+00	9.500000e+01
  3661	3.661500e+00	1.170000e+02
  3662	3.662500e+00	1.080000e+02
  3663	3.663500e+00	1.140000e+02
  3664	3.664500e+00	1.060000e+02
  3665	3.665500e+00	9.900000e+01
  3666	3.666500e+00	9.800000e+01
  3667	3.667500e+00	1.000000e+02
  3668	3.668500e+00	1.180000e+02
  3669	3.669500e+00	1.090000e+02
  3670	3.670500e+00	9.900000e+01
  3671	3.671500e+00	1.150000e+02
  3672	3.672500e+00	1.210000e+02
  3673	3.673500e+00	1.190000e+02
  3674	3.674500e+00	1.050000e+02
  3675	3.675500e+00	1.240000e+02
  3676	3.676500e+00	9.800000e+01
  3677	3.677500e+00	1.080000e+02
  3678	3.678500e+00	1.100000e+02
  3679	3.679500e+00	1.030000e+02
  3680	3.680500e+00	1.110000e+02
  3681	3.681500e+00	1.140000e+02
  3682	3.682500e+00	1.110000e+02
  3683	3.683500e+00	1.040000e+02
  3684	3.684500e+00	1.150000e+02
  3685	3.685500e+00	1.150000e+02
  3686	3.686500e+00	1.020000e+02
  3687	3.687500e+00	9.900000e+01
  3688	3.688500e+00	1.150000e+02
  3689	3.689500e+00	1.060000e+02
  3690	3.690500e+00	1.090000e+02
  3691	3.691500e+00	1.000000e+02
  3692	3.692500e+00	1.140000e+02
  3693	3.693500e+00	1.170000e+02
  3694	3.694500e+00	1.090000e+02
  3695	3.695500e+00	1.110000e+02
  3696	3.696500e+00	1.020000e+02
  3697	3.697500e+00	1.050000e+02
  3698	3.698500e+00	1.160000e+02
  3699	3.699500e+00	9.400000e+01
  3700	3.700500e+00	1.060000e+02
  3701	3.701500e+00	9.700000e+01
  3702	3.702500e+00	1.060000e+02
  3703	3.703500e+00	1.000000e+02
  3704	3.704500e+00	1.080000e+02
  3705	3.705500e+00	1.100000e+02
  3706	3.706500e+00	1.100000e+02
  3707	3.707500e+00	1.190000e+02
  3708	3.708500e+00	1.140000e+02
  3709	3.709500e+00	1.040000e+02
  3710	3.710500e+00	1.040000e+02
  3711	3.711500e+00	1.040000e+02
  3712	3.712500e+00	1.030000e+02
  3713	3.713500e+00	1.110000e+02
  3714	3.714500e+00	1.150000e+02
  3715	3.715500e+00	1.000000e+02
  3716	3.716500e+00	1.110000e+02
  3717	3.717500e+00	1.170000e+02
  3718	3.718500e+00	1.060000e+02
  3719	3.719500e+00	1.180000e+02
  3720	3.720500e+00	1.090000e+02
  3721	3.721500e+00	1.120000e+02
  3722	3.722500e+00	9.500000e+01
  3723	3.723500e+00	1.200000e+02
  3724	3.724500e+00	1.020000e+02
  3725	3.725500e+00	1.130000e+02
  3726	3.726500e+00	8.800000e+01
  3727	3.727500e+00	1.210000e+02
  3728	3.728500e+00	1.140000e+02
  3729	3.729500e+00	9.700000e+01
  3730	3.730500e+00	1.080000e+02
  3731	3.731500e+00	1.310000e+02
  3732	3.732500e+00	8.800000e+01
  3733	3.733500e+00	1.090000e+02
  3734	3.734500e+00	1.140000e+02
  3735	3.735500e+00	9.100000e+01
  3736	3.736500e+00	1.020000e+02
  3737	3.737500e+00	1.090000e+02
  3738	3.738500e+00	1.100000e+02
  3739	3.739500e+00	1.090000e+02
  3740	3.740500e+00	9.700000e+01
  3741	3.741500e+00	1.090000e+02
  3742	3.742500e+00	1.110000e+02
  3743	3.743500e+00	1.100000e+02
  3744	3.744500e+00	9.800000e+01
  3745	3.745500e+00	1.100000e+02
  3746	3.746500e+00	8.800000e+01
  3747	3.747500e+00	1.140000e+02
  3748	3.748500e+00	1.060000e+02
  3749	3.749500e+00	1.140000e+02
  3750	3.750500e+00	1.090000e+02
  3751	3.751500e+00	1.150000e+02
  3752	3.752500e+00	9.900000e+01
  3753	3.753500e+00	1.020000e+02
  3754	3.754500e+00	1.140000e+02
  3755	3.755500e+00	1.190000e+02
  3756	3.756500e+00	1.430000e+02
  3757	3.757500e+00	8.000000e+01
  3758	3.758500e+00	1.380000e+02
  3759	3.759500e+00	1.210000e+02
  3760	3.760500e+00	1.280000e+02
  3761	3.761500e+00	1.140000e+02
  3762	3.762500e+00	1.180000e+02
  3763	3.763500e+00	1.530000e+02
  3764	3.764500e+00	1.100000e+02
  3765	3.765500e+00	1.040000e+02
  3766	3.766500e+00	1.010000e+02
  3767	3.767500e+00	9.700000e+01
  3768	3.768500e+00	1.050000e+02
  3769	3.769500e+00	1.270000e+02
  3770	3.770500e+00	1.160000e+02
  3771	3.771500e+00	1.160000e+02
  3772	3.772500e+00	9.000000e+01
  3773	3.773500e+00	1.090000e+02
  3774	3.774500e+00	1.050000e+02
  3775	3.775500e+00	1.110000e+02
  3776	3.776500e+00	1.050000e+02
  3777	3.777500e+00	1.090000e+02
  3778	3.778500e+00	9.700000e+01
  3779	3.779500e+00	1.230000e+02
  3780	3.780500e+00	1.060000e+02
  3781	3.781500e+00	1.000000e+02
  3782	3.782500e+00	1.130000e+02
  3783	3.783500e+00	1.280000e+02
  3784	3.784500e+00	1.030000e+02
  3785	3.785500e+00	1.090000e+02
  3786	3.786500e+00	1.060000e+02
  3787	3.787500e+00	1.200000e+02
  3788	3.788500e+00	1.080000e+02
  3789	3.789500e+00	1.140000e+02
  3790	3.790500e+00	1.210000e+02
  3791	3.791500e+00	1.140000e+02
  3792	3.792500e+00	1.040000e+02
  3793	3.793500e+00	1.030000e+02
  3794	3.794500e+00	1.070000e+02
  3795	3.795500e+00	1.100000e+02
  3796	3.796500e+00	1.370000e+02
  3797	3.797500e+00	1.200000e+02
  3798	3.798500e+00	1.040000e+02
  3799	3.799500e+00	8.900000e+01
  3800	3.800500e+00	9.700000e+01
  3801	3.801500e+00	1.130000e+02
  3802	3.802500e+00	1.120000e+02
  3803	3.803500e+00	1.010000e+02
  3804	3.804500e+00	1.070000e+02
  3805	3.805500e+00	1.250000e+02
  3806	3.806500e+00	1.190000e+02
  3807	3.807500e+00	1.170000e+02
  3808	3.808500e+00	1.030000e+02
  3809	3.809500e+00	1.130000e+02
  3810	3.810500e+00	1.110000e+02
  3811	3.811500e+00	1.020000e+02
  3812	3.812500e+00	9.800000e+01
  3813	3.813500e+00	8.600000e+01
  3814	3.814500e+00	1.280000e+02
  3815	3.815500e+00	1.040000e+02
  3816	3.816500e+00	9.000000e+01
  3817	3.817500e+00	9.600000e+01
  3818	3.818500e+00	1.010000e+02
  3819	3.819500e+00	9.500000e+01
  3820	3.820500e+00	1.140000e+02
  3821	3.821500e+00	1.190000e+02
  3822	3.822500e+00	1.090000e+02
  3823	3.823500e+00	1.220000e+02
  3824	3.824500e+00	1.090000e+02
  3825	3.825500e+00	1.120000e+02
  3826	3.826500e+00	1.170000e+02
  3827	3.827500e+00	9.400000e+01
  3828	3.828500e+00	1.150000e+02
  3829	3.829500e+00	1.010000e+02
  3830	3.830500e+00	9.900000e+01
  3831	3.831500e+00	1.000000e+02
  3832	3.832500e+00	1.180000e+02
  3833	3.833500e+00	1.180000e+02
  3834	3.834500e+00	1.060000e+02
  3835	3.835500e+00	1.200000e+02
  3836	3.836500e+00	1.050000e+02
  3837	3.837500e+00	1.220000e+02
  3838	3.838500e+00	1.000000e+02
  3839	3.839500e+00	1.080000e+02
  3840	3.840500e+00	1.110000e+02
  3841	3.841500e+00	1.040000e+02
  3842	3.842500e+00	1.030000e+02
  3843	3.843500e+00	1.150000e+02
  3844	3.844500e+00	9.600000e+01
  3845	3.845500e+00	1.030000e+02
  3846	3.846500e+00	9.500000e+01
  3847	3.847500e+00	1.200000e+02
  3848	3.848500e+00	1.060000e+02
  3849	3.849500e+00	1.190000e+02
  3850	3.850500e+00	1.150000e+02
  3851	3.851500e+00	1.050000e+02
  3852	3.852500e+00	1.120000e+02
  3853	3.853500e+00	1.200000e+02
  3854	3.854500e+00	1.170000e+02
  3855	3.855500e+00	9.200000e+01
  3856	3.856500e+00	1.090000e+02
  3857	3.857500e+00	1.090000e+02
  3858	3.858500e+00	1.240000e+02
  3859	3.859500e+00	1.140000e+02
  3860	3.860500e+00	9.800000e+01
  3861	3.861500e+00	1.060000e+02
  3862	3.862500e+00	1.050000e+02
  3863	3.863500e+00	1.130000e+02
  3864	3.864500e+00	9.900000e+01
  3865	3.865500e+00	8.800000e+01
  3866	3.866500e+00	1.000000e+02
  3867	3.867500e+00	1.130000e+02
  3868	3.868500e+00	9.900000e+01
  3869	3.869500e+00	1.050000e+02
  3870	3.870500e+00	1.320000e+02
  3871	3.871500e+00	1.110000e+02
  3872	3.872500e+00	8.500000e+01
  3873	3.873500e+00	1.060000e+02
  3874	3.874500e+00	1.160000e+02
  3875	3.875500e+00	1.060000e+02
  3876	3.876500e+00	9.600000e+01
  3877	3.877500e+00	1.110000e+02
  3878	3.878500e+00	1.250000e+02
  3879	3.879500e+00	1.110000e+02
  3880	3.880500e+00	1.060000e+02
  3881	3.881500e+00	1.030000e+02
  3882	3.882500e+00	1.170000e+02
  3883	3.883500e+00	1.080000e+02
  3884	3.884500e+00	1.120000e+02
  3885	3.885500e+00	9.900000e+01
  3886	3.886500e+00	1.340000e+02
  3887	3.887500e+00	1.040000e+02
  3888	3.888500e+00	9.900000e+01
  3889	3.889500e+00	9.600000e+01
  3890	3.890500e+00	1.050000e+02
  3891	3.891500e+00	1.060000e+02
  3892	3.892500e+00	1.130000e+02
  3893	3.893500e+00	1.210000e+02
  3894	3.894500e+00	1.050000e+02
  3895	3.895500e+00	1.060000e+02
  3896	3.896500e+00	9.200000e+01
  3897	3.897500e+00	9.700000e+01
  3898	3.898500e+00	9.900000e+01
  3899	3.899500e+00	1.090000e+02
  3900	3.900500e+00	1.030000e+02
  3901	3.901500e+00	1.030000e+02
  3902	3.902500e+00	8.300000e+01
  3903	3.903500e+00	8.700000e+01
  3904	3.904500e+00	1.100000e+02
  3905	3.905500e+00	1.040000e+02
  3906	3.906500e+00	1.110000e+02
  3907	3.907500e+00	9.400000e+01
  3908	3.908500e+00	1.150000e+02
  3909	3.909500e+00	1.100000e+02
  3910	3.910500e+00	1.050000e+02
  3911	3.911500e+00	1.110000e+02
  3912	3.912500e+00	1.020000e+02
  3913	3.913500e+00	9.900000e+01
  3914	3.914500e+00	1.050000e+02
  3915	3.915500e+00	9.600000e+01
  3916	3.916500e+00	1.020000e+02
  3917	3.917500e+00	7.700000e+01
  3918	3.918500e+00	8.800000e+01
  3919	3.919500e+00	8.600000e+01
  3920	3.920500e+00	9.500000e+01
  3921	3.921500e+00	1.200000e+02
  3922	3.922500e+00	1.230000e+02
  3923	3.923500e+00	1.150000e+02
  3924	3.924500e+00	1.080000e+02
  3925	3.925500e+00	1.170000e+02
  3926	3.926500e+00	1.160000e+02
  3927	3.927500e+00	9.400000e+01
  3928	3.928500e+00	1.070000e+02
  3929	3.929500e+00	1.100000e+02
  3930	3.930500e+00	1.180000e+02
  3931	3.931500e+00	8.900000e+01
  3932	3.932500e+00	1.160000e+02
  3933	3.933500e+00	9.300000e+01
  3934	3.934500e+00	1.100000e+02
  3935	3.935500e+00	1.010000e+02
  3936	3.936500e+00	1.070000e+02
  3937	3.937500e+00	1.070000e+02
  3938	3.938500e+00	1.110000e+02
  3939	3.939500e+00	1.060000e+02
  3940	3.940500e+00	1.000000e+02
  3941	3.941500e+00	1.110000e+02
  3942	3.942500e+00	9.800000e+01
  3943	3.943500e+00	1.140000e+02
  3944	3.944500e+00	1.020000e+02
  3945	3.945500e+00	1.110000e+02
  3946	3.946500e+00	9.500000e+01
  3947	3.947500e+00	8.100000e+01
  3948	3.948500e+00	9.200000e+01
  3949	3.949500e+00	1.230000e+02
  3950	3.950500e+00	9.300000e+01
  3951	3.951500e+00	9.800000e+01
  3952	3.952500e+00	1.120000e+02
  3953	3.953500e+00	1.250000e+02
  3954	3.954500e+00	1.040000e+02
  3955	3.955500e+00	1.200000e+02
  3956	3.956500e+00	1.010000e+02
  3957	3.957500e+00	1.130000e+02
  3958	3.958500e+00	1.110000e+02
  3959	3.959500e+00	1.070000e+02
  3960	3.960500e+00	9.500000e+01
  3961	3.961500e+00	1.020000e+02
  3962	3.962500e+00	9.500000e+01
  3963	3.963500e+00	1.040000e+02
  3964	3.964500e+00	1.090000e+02
  3965	3.965500e+00	9.700000e+01
  3966	3.966500e+00	9.800000e+01
  3967	3.967500e+00	1.080000e+02
  3968	3.968500e+00	1.070000e+02
  3969	3.969500e+00	1.080000e+02
  3970	3.970500e+00	1.080000e+02
  3971	3.971500e+00	1.180000e+02
  3972	3.972500e+00	9.600000e+01
  3973	3.973500e+00	9.000000e+01
  3974	3.974500e+00	1.100000e+02
  3975	3.975500e+00	9.400000e+01
  3976	3.976500e+00	9.900000e+01
  3977	3.977500e+00	1.000000e+02
  3978	3.978500e+00	1.090000e+02
  3979	3.979500e+00	1.200000e+02
  3980	3.980500e+00	1.020000e+02
  3981	3.981500e+00	9.100000e+01
  3982	3.982500e+00	1.010000e+02
  3983	3.983500e+00	7.800000e+01
  3984	3.984500e+00	1.020000e+02
  3985	3.985500e+00	1.120000e+02
  3986	3.986500e+00	8.900000e+01
  3987	3.987500e+00	1.020000e+02
  3988	3.988500e+00	1.070000e+02
  3989	3.989500e+00	1.020000e+02
  3990	3.990500e+00	9.500000e+01
  3991	3.991500e+00	1.070000e+02
  3992	3.992500e+00	1.130000e+02
  3993	3.993500e+00	8.800000e+01
  3994	3.994500e+00	9.100000e+01
  3995	3.995500e+00	1.090000e+02
  3996	3.996500e+00	1.060000e+02
  3997	3.997500e+00	1.090000e+02
  3998	3.998500e+00	8.600000e+01
  3999	3.999500e+00	9.400000e+01
  4000	4.000500e+00	1.070000e+02
  4001	4.001500e+00	1.140000e+02
  4002	4.002500e+00	1.100000e+02
  4003	4.003500e+00	1.030000e+02
  4004	4.004500e+00	9.300000e+01
  4005	4.005500e+00	1.010000e+02
  4006	4.006500e+00	1.030000e+02
  4007	4.007500e+00	9.600000e+01
  4008	4.008500e+00	1.040000e+02
  4009	4.009500e+00	1.060000e+02
  4010	4.010500e+00	9.300000e+01
  4011	4.011500e+00	1.240000e+02
  4012	4.012500e+00	1.070000e+02
  4013	4.013500e+00	1.120000e+02
  4014	4.014500e+00	1.130000e+02
  4015	4.015500e+00	1.140000e+02
  4016	4.016500e+00	1.140000e+02
  4017	4.017500e+00	9.800000e+01
  4018	4.018500e+00	1.050000e+02
  4019	4.019500e+00	1.010000e+02
  4020	4.020500e+00	7.800000e+01
  4021	4.021500e+00	1.060000e+02
  4022	4.022500e+00	1.100000e+02
  4023	4.023500e+00	9.600000e+01
  4024	4.024500e+00	1.320000e+02
  4025	4.025500e+00	1.070000e+02
  4026	4.026500e+00	8.900000e+01
  4027	4.027500e+00	1.060000e+02
  4028	4.028500e+00	1.200000e+02
  4029	4.029500e+00	8.200000e+01
  4030	4.030500e+00	1.030000e+02
  4031	4.031500e+00	1.050000e+02
  4032	4.032500e+00	1.130000e+02
  4033	4.033500e+00	1.000000e+02
  4034	4.034500e+00	1.150000e+02
  4035	4.035500e+00	9.300000e+01
  4036	4.036500e+00	9.900000e+01
  4037	4.037500e+00	1.040000e+02
  4038	4.038500e+00	1.070000e+02
  4039	4.039500e+00	1.040000e+02
  4040	4.040500e+00	1.050000e+02
  4041	4.041500e+00	1.020000e+02
  4042	4.042500e+00	9.700000e+01
  4043	4.043500e+00	9.900000e+01
  4044	4.044500e+00	9.300000e+01
  4045	4.045500e+00	1.070000e+02
  4046	4.046500e+00	8.700000e+01
  4047	4.047500e+00	1.130000e+02
  4048	4.048500e+00	1.160000e+02
  4049	4.049500e+00	1.010000e+02
  4050	4.050500e+00	9.200000e+01
  4051	4.051500e+00	1.020000e+02
  4052	4.052500e+00	8.500000e+01
  4053	4.053500e+00	9.500000e+01
  4054	4.054500e+00	1.140000e+02
  4055	4.055500e+00	1.110000e+02
  4056	4.056500e+00	1.040000e+02
  4057	4.057500e+00	9.100000e+01
  4058	4.058500e+00	9.700000e+01
  4059	4.059500e+00	1.040000e+02
  4060	4.060500e+00	9.800000e+01
  4061	4.061500e+00	8.100000e+01
  4062	4.062500e+00	9.600000e+01
  4063	4.063500e+00	1.010000e+02
  4064	4.064500e+00	9.800000e+01
  4065	4.065500e+00	8.900000e+01
  4066	4.066500e+00	8.700000e+01
  4067	4.067500e+00	1.010000e+02
  4068	4.068500e+00	1.150000e+02
  4069	4.069500e+00	1.130000e+02
  4070	4.070500e+00	1.090000e+02
  4071	4.071500e+00	8.800000e+01
  4072	4.072500e+00	1.090000e+02
  4073	4.073500e+00	1.190000e+02
  4074	4.074500e+00	1.080000e+02
  4075	4.075500e+00	1.010000e+02
  4076	4.076500e+00	1.090000e+02
  4077	4.077500e+00	1.060000e+02
  4078	4.078500e+00	8.800000e+01
  4079	4.079500e+00	9.400000e+01
  4080	4.080500e+00	9.500000e+01
  4081	4.081500e+00	1.100000e+02
  4082	4.082500e+00	1.140000e+02
  4083	4.083500e+00	1.000000e+02
  4084	4.084500e+00	1.070000e+02
  4085	4.085500e+00	1.020000e+02
  4086	4.086500e+00	1.140000e+02
  4087	4.087500e+00	1.140000e+02
  4088	4.088500e+00	9.700000e+01
  4089	4.089500e+00	8.500000e+01
  4090	4.090500e+00	1.100000e+02
  4091	4.091500e+00	1.060000e+02
  4092	4.092500e+00	1.380000e+02
  4093	4.093500e+00	1.200000e+02
  4094	4.094500e+00	8.900000e+01
  4095	4.095500e+00	9.800000e+01
  4096	4.096500e+00	9.900000e+01
  4097	4.097500e+00	9.000000e+01
  4098	4.098500e+00	8.500000e+01
  4099	4.099500e+00	1.110000e+02
  4100	4.100500e+00	9.700000e+01
  4101	4.101500e+00	1.060000e+02
  4102	4.102500e+00	1.150000e+02
  4103	4.103500e+00	9.000000e+01
  4104	4.104500e+00	1.140000e+02
  4105	4.105500e+00	8.100000e+01
  4106	4.106500e+00	1.030000e+02
  4107	4.107500e+00	9.200000e+01
  4108	4.108500e+00	7.200000e+01
  4109	4.109500e+00	1.130000e+02
  4110	4.110500e+00	1.090000e+02
  4111	4.111500e+00	1.130000e+02
  4112	4.112500e+00	1.100000e+02
  4113	4.113500e+00	1.040000e+02
  4114	4.114500e+00	8.900000e+01
  4115	4.115500e+00	1.040000e+02
  4116	4.116500e+00	1.080000e+02
  4117	4.117500e+00	1.130000e+02
  4118	4.118500e+00	9.800000e+01
  4119	4.119500e+00	1.080000e+02
  4120	4.120500e+00	9.700000e+01
  4121	4.121500e+00	1.160000e+02
  4122	4.122500e+00	1.030000e+02
  4123	4.123500e+00	9.700000e+01
  4124	4.124500e+00	9.100000e+01
  4125	4.125500e+00	1.250000e+02
  4126	4.126500e+00	9.600000e+01
  4127	4.127500e+00	9.900000e+01
  4128	4.128500e+00	1.100000e+02
  4129	4.129500e+00	9.700000e+01
  4130	4.130500e+00	1.080000e+02
  4131	4.131500e+00	1.030000e+02
  4132	4.132500e+00	9.700000e+01
  4133	4.133500e+00	9.000000e+01
  4134	4.134500e+00	9.400000e+01
  4135	4.135500e+00	1.140000e+02
  4136	4.136500e+00	1.010000e+02
  4137	4.137500e+00	9.900000e+01
  4138	4.138500e+00	1.130000e+02
  4139	4.139500e+00	9.600000e+01
  4140	4.140500e+00	1.050000e+02
  4141	4.141500e+00	1.240000e+02
  4142	4.142500e+00	8.700000e+01
  4143	4.143500e+00	9.100000e+01
  4144	4.144500e+00	9.000000e+01
  4145	4.145500e+00	1.030000e+02
  4146	4.146500e+00	1.030000e+02
  4147	4.147500e+00	8.900000e+01
  4148	4.148500e+00	1.170000e+02
  4149	4.149500e+00	1.130000e+02
  4150	4.150500e+00	8.300000e+01
  4151	4.151500e+00	9.400000e+01
  4152	4.152500e+00	1.120000e+02
  4153	4.153500e+00	1.070000e+02
  4154	4.154500e+00	1.120000e+02
  4155	4.155500e+00	9.900000e+01
  4156	4.156500e+00	1.270000e+02
  4157	4.157500e+00	9.500000e+01
  4158	4.158500e+00	8.900000e+01
  4159	4.159500e+00	1.060000e+02
  4160	4.160500e+00	1.110000e+02
  4161	4.161500e+00	1.060000e+02
  4162	4.162500e+00	8.500000e+01
  4163	4.163500e+00	9.600000e+01
  4164	4.164500e+00	1.000000e+02
  4165	4.165500e+00	1.160000e+02
  4166	4.166500e+00	1.000000e+02
  4167	4.167500e+00	9.400000e+01
  4168	4.168500e+00	1.050000e+02
  4169	4.169500e+00	1.120000e+02
  4170	4.170500e+00	1.110000e+02
  4171	4.171500e+00	1.080000e+02
  4172	4.172500e+00	1.050000e+02
  4173	4.173500e+00	9.000000e+01
  4174	4.174500e+00	1.030000e+02
  4175	4.175500e+00	1.010000e+02
  4176	4.176500e+00	1.140000e+02
  4177	4.177500e+00	1.010000e+02
  4178	4.178500e+00	9.700000e+01
  4179	4.179500e+00	1.000000e+02
  4180	4.180500e+00	1.120000e+02
  4181	4.181500e+00	9.100000e+01
  4182	4.182500e+00	8.900000e+01
  4183	4.183500e+00	1.200000e+02
  4184	4.184500e+00	8.100000e+01
  4185	4.185500e+00	1.020000e+02
  4186	4.186500e+00	8.800000e+01
  4187	4.187500e+00	1.010000e+02
  4188	4.188500e+00	1.130000e+02
  4189	4.189500e+00	1.000000e+02
  4190	4.190500e+00	1.080000e+02
  4191	4.191500e+00	9.900000e+01
  4192	4.192500e+00	1.100000e+02
  4193	4.193500e+00	7.900000e+01
  4194	4.194500e+00	1.250000e+02
  4195	4.195500e+00	9.500000e+01
  4196	4.196500e+00	1.120000e+02
  4197	4.197500e+00	1.000000e+02
  4198	4.198500e+00	8.700000e+01
  4199	4.199500e+00	1.160000e+02
  4200	4.200500e+00	1.170000e+02
  4201	4.201500e+00	9.100000e+01
  4202	4.202500e+00	9.700000e+01
  4203	4.203500e+00	1.020000e+02
  4204	4.204500e+00	9.900000e+01
  4205	4.205500e+00	8.500000e+01
  4206	4.206500e+00	1.050000e+02
  4207	4.207500e+00	9.800000e+01
  4208	4.208500e+00	8.000000e+01
  4209	4.209500e+00	9.400000e+01
  4210	4.210500e+00	1.000000e+02
  4211	4.211500e+00	1.140000e+02
  4212	4.212500e+00	1.020000e+02
  4213	4.213500e+00	9.400000e+01
  4214	4.214500e+00	1.000000e+02
  4215	4.215500e+00	1.130000e+02
  4216	4.216500e+00	1.000000e+02
  4217	4.217500e+00	1.070000e+02
  4218	4.218500e+00	9.700000e+01
  4219	4.219500e+00	9.300000e+01
  4220	4.220500e+00	1.030000e+02
  4221	4.221500e+00	9.900000e+01
  4222	4.222500e+00	9.500000e+01
  4223	4.223500e+00	1.010000e+02
  4224	4.224500e+00	8.300000e+01
  4225	4.225500e+00	1.090000e+02
  4226	4.226500e+00	8.600000e+01
  4227	4.227500e+00	9.000000e+01
  4228	4.228500e+00	1.070000e+02
  4229	4.229500e+00	9.200000e+01
  4230	4.230500e+00	9.900000e+01
  4231	4.231500e+00	9.300000e+01
  4232	4.232500e+00	8.300000e+01
  4233	4.233500e+00	1.050000e+02
  4234	4.234500e+00	8.500000e+01
  4235	4.235500e+00	9.100000e+01
  4236	4.236500e+00	8.800000e+01
  4237	4.237500e+00	1.090000e+02
  4238	4.238500e+00	9.000000e+01
  4239	4.239500e+00	8.600000e+01
  4240	4.240500e+00	1.040000e+02
  4241	4.241500e+00	1.000000e+02
  4242	4.242500e+00	9.800000e+01
  4243	4.243500e+00	9.300000e+01
  4244	4.244500e+00	9.600000e+01
  4245	4.245500e+00	1.030000e+02
  4246	4.246500e+00	1.060000e+02
  4247	4.247500e+00	1.110000e+02
  4248	4.248500e+00	1.130000e+02
  4249	4.249500e+00	9.400000e+01
  4250	4.250500e+00	9.900000e+01
  4251	4.251500e+00	9.800000e+01
  4252	4.252500e+00	1.110000e+02
  4253	4.253500e+00	9.600000e+01
  4254	4.254500e+00	9.800000e+01
  4255	4.255500e+00	1.180000e+02
  4256	4.256500e+00	1.060000e+02
  4257	4.257500e+00	9.400000e+01
  4258	4.258500e+00	9.700000e+01
  4259	4.259500e+00	7.300000e+01
  4260	4.260500e+00	9.700000e+01
  4261	4.261500e+00	9.800000e+01
  4262	4.262500e+00	1.020000e+02
  4263	4.263500e+00	9.300000e+01
  4264	4.264500e+00	9.700000e+01
  4265	4.265500e+00	9.200000e+01
  4266	4.266500e+00	9.400000e+01
  4267	4.267500e+00	1.040000e+02
  4268	4.268500e+00	8.600000e+01
  4269	4.269500e+00	1.150000e+02
  4270	4.270500e+00	1.050000e+02
  4271	4.271500e+00	8.900000e+01
  4272	4.272500e+00	9.200000e+01
  4273	4.273500e+00	1.030000e+02
  4274	4.274500e+00	1.170000e+02
  4275	4.275500e+00	1.110000e+02
  4276	4.276500e+00	7.500000e+01
  4277	4.277500e+00	9.400000e+01
  4278	4.278500e+00	9.600000e+01
  4279	4.279500e+00	1.040000e+02
  4280	4.280500e+00	9.600000e+01
  4281	4.281500e+00	9.600000e+01
  4282	4.282500e+00	8.700000e+01
  4283	4.283500e+00	1.090000e+02
  4284	4.284500e+00	1.090000e+02
  4285	4.285500e+00	9.000000e+01
  4286	4.286500e+00	1.020000e+02
  4287	4.287500e+00	1.100000e+02
  4288	4.288500e+00	1.170000e+02
  4289	4.289500e+00	1.020000e+02
  4290	4.290500e+00	8.600000e+01
  4291	4.291500e+00	8.900000e+01
  4292	4.292500e+00	8.000000e+01
  4293	4.293500e+00	1.330000e+02
  4294	4.294500e+00	1.010000e+02
  4295	4.295500e+00	1.050000e+02
  4296	4.296500e+00	1.020000e+02
  4297	4.297500e+00	9.500000e+01
  4298	4.298500e+00	9.100000e+01
  4299	4.299500e+00	9.400000e+01
  4300	4.300500e+00	9.600000e+01
  4301	4.301500e+00	9.100000e+01
  4302	4.302500e+00	9.300000e+01
  4303	4.303500e+00	1.100000e+02
  4304	4.304500e+00	9.300000e+01
  4305	4.305500e+00	1.080000e+02
  4306	4.306500e+00	1.020000e+02
  4307	4.307500e+00	1.070000e+02
  4308	4.308500e+00	1.040000e+02
  4309	4.309500e+00	1.090000e+02
  4310	4.310500e+00	1.080000e+02
  4311	4.311500e+00	9.600000e+01
  4312	4.312500e+00	1.050000e+02
  4313	4.313500e+00	1.120000e+02
  4314	4.314500e+00	9.200000e+01
  4315	4.315500e+00	8.900000e+01
  4316	4.316500e+00	8.900000e+01
  4317	4.317500e+00	7.400000e+01
  4318	4.318500e+00	1.140000e+02
  4319	4.319500e+00	9.500000e+01
  4320	4.320500e+00	9.500000e+01
  4321	4.321500e+00	1.090000e+02
  4322	4.322500e+00	9.600000e+01
  4323	4.323500e+00	1.060000e+02
  4324	4.324500e+00	1.020000e+02
  4325	4.325500e+00	9.700000e+01
  4326	4.326500e+00	7.900000e+01
  4327	4.327500e+00	8.800000e+01
  4328	4.328500e+00	1.150000e+02
  4329	4.329500e+00	8.900000e+01
  4330	4.330500e+00	7.900000e+01
  4331	4.331500e+00	1.090000e+02
  4332	4.332500e+00	9.300000e+01
  4333	4.333500e+00	8.100000e+01
  4334	4.334500e+00	9.500000e+01
  4335	4.335500e+00	9.900000e+01
  4336	4.336500e+00	9.200000e+01
  4337	4.337500e+00	1.040000e+02
  4338	4.338500e+00	1.110000e+02
  4339	4.339500e+00	1.070000e+02
  4340	4.340500e+00	9.500000e+01
  4341	4.341500e+00	8.300000e+01
  4342	4.342500e+00	9.300000e+01
  4343	4.343500e+00	9.500000e+01
  4344	4.344500e+00	1.020000e+02
  4345	4.345500e+00	1.070000e+02
  4346	4.346500e+00	9.500000e+01
  4347	4.347500e+00	9.800000e+01
  4348	4.348500e+00	8.800000e+01
  4349	4.349500e+00	8.900000e+01
  4350	4.350500e+00	9.400000e+01
  4351	4.351500e+00	8.600000e+01
  4352	4.352500e+00	9.700000e+01
  4353	4.353500e+00	9.200000e+01
  4354	4.354500e+00	1.060000e+02
  4355	4.355500e+00	8.900000e+01
  4356	4.356500e+00	8.300000e+01
  4357	4.357500e+00	9.600000e+01
  4358	4.358500e+00	9.900000e+01
  4359	4.359500e+00	9.400000e+01
  4360	4.360500e+00	9.500000e+01
  4361	4.361500e+00	1.000000e+02
  4362	4.362500e+00	1.020000e+02
  4363	4.363500e+00	7.800000e+01
  4364	4.364500e+00	9.200000e+01
  4365	4.365500e+00	1.130000e+02
  4366	4.366500e+00	9.000000e+01
  4367	4.367500e+00	9.200000e+01
  4368	4.368500e+00	1.070000e+02
  4369	4.369500e+00	7.800000e+01
  4370	4.370500e+00	1.030000e+02
  4371	4.371500e+00	7.600000e+01
  4372	4.372500e+00	9.300000e+01
  4373	4.373500e+00	1.010000e+02
  4374	4.374500e+00	8.400000e+01
  4375	4.375500e+00	9.900000e+01
  4376	4.376500e+00	8.800000e+01
  4377	4.377500e+00	9.800000e+01
  4378	4.378500e+00	1.030000e+02
  4379	4.379500e+00	8.000000e+01
  4380	4.380500e+00	8.700000e+01
  4381	4.381500e+00	1.170000e+02
  4382	4.382500e+00	9.500000e+01
  4383	4.383500e+00	9.200000e+01
  4384	4.384500e+00	1.030000e+02
  4385	4.385500e+00	9.500000e+01
  4386	4.386500e+00	1.020000e+02
  4387	4.387500e+00	1.040000e+02
  4388	4.388500e+00	1.000000e+02
  4389	4.389500e+00	1.000000e+02
  4390	4.390500e+00	9.000000e+01
  4391	4.391500e+00	9.000000e+01
  4392	4.392500e+00	9.200000e+01
  4393	4.393500e+00	8.700000e+01
  4394	4.394500e+00	1.010000e+02
  4395	4.395500e+00	1.030000e+02
  4396	4.396500e+00	9.300000e+01
  4397	4.397500e+00	8.700000e+01
  4398	4.398500e+00	9.600000e+01
  4399	4.399500e+00	1.000000e+02
  4400	4.400500e+00	9.400000e+01
  4401	4.401500e+00	9.500000e+01
  4402	4.402500e+00	8.700000e+01
  4403	4.403500e+00	8.700000e+01
  4404	4.404500e+00	1.060000e+02
  4405	4.405500e+00	1.000000e+02
  4406	4.406500e+00	9.900000e+01
  4407	4.407500e+00	1.050000e+02
  4408	4.408500e+00	1.080000e+02
  4409	4.409500e+00	1.020000e+02
  4410	4.410500e+00	9.600000e+01
  4411	4.411500e+00	1.080000e+02
  4412	4.412500e+00	9.700000e+01
  4413	4.413500e+00	8.200000e+01
  4414	4.414500e+00	9.200000e+01
  4415	4.415500e+00	9.500000e+01
  4416	4.416500e+00	9.700000e+01
  4417	4.417500e+00	1.020000e+02
  4418	4.418500e+00	8.700000e+01
  4419	4.419500e+00	1.010000e+02
  4420	4.420500e+00	1.080000e+02
  4421	4.421500e+00	9.800000e+01
  4422	4.422500e+00	1.020000e+02
  4423	4.423500e+00	9.200000e+01
  4424	4.424500e+00	8.500000e+01
  4425	4.425500e+00	9.800000e+01
  4426	4.426500e+00	9.600000e+01
  4427	4.427500e+00	9.400000e+01
  4428	4.428500e+00	1.140000e+02
  4429	4.429500e+00	9.100000e+01
  4430	4.430500e+00	9.600000e+01
  4431	4.431500e+00	7.600000e+01
  4432	4.432500e+00	9.100000e+01
  4433	4.433500e+00	9.900000e+01
  4434	4.434500e+00	9.700000e+01
  4435	4.435500e+00	1.020000e+02
  4436	4.436500e+00	9.900000e+01
  4437	4.437500e+00	9.800000e+01
  4438	4.438500e+00	7.800000e+01
  4439	4.439500e+00	9.500000e+01
  4440	4.440500e+00	1.040000e+02
  4441	4.441500e+00	8.900000e+01
  4442	4.442500e+00	9.600000e+01
  4443	4.443500e+00	9.000000e+01
  4444	4.444500e+00	1.210000e+02
  4445	4.445500e+00	8.600000e+01
  4446	4.446500e+00	1.080000e+02
  4447	4.447500e+00	9.700000e+01
  4448	4.448500e+00	1.040000e+02
  4449	4.449500e+00	7.600000e+01
  4450	4.450500e+00	1.020000e+02
  4451	4.451500e+00	8.900000e+01
  4452	4.452500e+00	8.900000e+01
  4453	4.453500e+00	7.700000e+01
  4454	4.454500e+00	9.200000e+01
  4455	4.455500e+00	8.400000e+01
  4456	4.456500e+00	9.400000e+01
  4457	4.457500e+00	1.060000e+02
  4458	4.458500e+00	1.070000e+02
  4459	4.459500e+00	1.100000e+02
  4460	4.460500e+00	8.400000e+01
  4461	4.461500e+00	1.010000e+02
  4462	4.462500e+00	1.000000e+02
  4463	4.463500e+00	9.600000e+01
  4464	4.464500e+00	8.400000e+01
  4465	4.465500e+00	8.800000e+01
  4466	4.466500e+00	9.500000e+01
  4467	4.467500e+00	9.900000e+01
  4468	4.468500e+00	8.100000e+01
  4469	4.469500e+00	9.200000e+01
  4470	4.470500e+00	9.900000e+01
  4471	4.471500e+00	7.700000e+01
  4472	4.472500e+00	1.080000e+02
  4473	4.473500e+00	8.900000e+01
  4474	4.474500e+00	9.600000e+01
  4475	4.475500e+00	9.100000e+01
  4476	4.476500e+00	8.800000e+01
  4477	4.477500e+00	9.200000e+01
  4478	4.478500e+00	9.300000e+01
  4479	4.479500e+00	1.000000e+02
  4480	4.480500e+00	7.500000e+01
  4481	4.481500e+00	8.400000e+01
  4482	4.482500e+00	8.700000e+01
  4483	4.483500e+00	9.600000e+01
  4484	4.484500e+00	9.000000e+01
  4485	4.485500e+00	1.090000e+02
  4486	4.486500e+00	9.800000e+01
  4487	4.487500e+00	1.080000e+02
  4488	4.488500e+00	1.300000e+02
  4489	4.489500e+00	1.070000e+02
  4490	4.490500e+00	9.000000e+01
  4491	4.491500e+00	9.900000e+01
  4492	4.492500e+00	9.900000e+01
  4493	4.493500e+00	1.000000e+02
  4494	4.494500e+00	1.040000e+02
  4495	4.495500e+00	1.030000e+02
  4496	4.496500e+00	8.700000e+01
  4497	4.497500e+00	8.400000e+01
  4498	4.498500e+00	9.200000e+01
  4499	4.499500e+00	9.800000e+01
  4500	4.500500e+00	9.800000e+01
  4501	4.501500e+00	9.800000e+01
  4502	4.502500e+00	9.100000e+01
  4503	4.503500e+00	8.300000e+01
  4504	4.504500e+00	8.700000e+01
  4505	4.505500e+00	7.800000e+01
  4506	4.506500e+00	1.010000e+02
  4507	4.507500e+00	6.900000e+01
  4508	4.508500e+00	1.050000e+02
  4509	4.509500e+00	9.300000e+01
  4510	4.510500e+00	8.600000e+01
  4511	4.511500e+00	1.020000e+02
  4512	4.512500e+00	9.300000e+01
  4513	4.513500e+00	7.200000e+01
  4514	4.514500e+00	8.900000e+01
  4515	4.515500e+00	9.500000e+01
  4516	4.516500e+00	1.150000e+02
  4517	4.517500e+00	9.800000e+01
  4518	4.518500e+00	9.200000e+01
  4519	4.519500e+00	9.800000e+01
  4520	4.520500e+00	1.000000e+02
  4521	4.521500e+00	1.010000e+02
  4522	4.522500e+00	9.300000e+01
  4523	4.523500e+00	8.700000e+01
  4524	4.524500e+00	9.600000e+01
  4525	4.525500e+00	9.500000e+01
  4526	4.526500e+00	8.700000e+01
  4527	4.527500e+00	1.130000e+02
  4528	4.528500e+00	1.040000e+02
  4529	4.529500e+00	9.700000e+01
  4530	4.530500e+00	9.900000e+01
  4531	4.531500e+00	8.600000e+01
  4532	4.532500e+00	8.100000e+01
  4533	4.533500e+00	9.400000e+01
  4534	4.534500e+00	9.000000e+01
  4535	4.535500e+00	1.120000e+02
  4536	4.536500e+00	1.000000e+02
  4537	4.537500e+00	1.110000e+02
  4538	4.538500e+00	9.800000e+01
  4539	4.539500e+00	8.800000e+01
  4540	4.540500e+00	8.100000e+01
  4541	4.541500e+00	9.700000e+01
  4542	4.542500e+00	1.000000e+02
  4543	4.543500e+00	9.400000e+01
  4544	4.544500e+00	1.050000e+02
  4545	4.545500e+00	1.050000e+02
  4546	4.546500e+00	1.070000e+02
  4547	4.547500e+00	1.040000e+02
  4548	4.548500e+00	8.600000e+01
  4549	4.549500e+00	9.800000e+01
  4550	4.550500e+00	1.010000e+02
  4551	4.551500e+00	8.500000e+01
  4552	4.552500e+00	1.050000e+02
  4553	4.553500e+00	1.000000e+02
  4554	4.554500e+00	1.010000e+02
  4555	4.555500e+00	1.060000e+02
  4556	4.556500e+00	1.100000e+02
  4557	4.557500e+00	8.300000e+01
  4558	4.558500e+00	7.700000e+01
  4559	4.559500e+00	9.300000e+01
  4560	4.560500e+00	9.800000e+01
  4561	4.561500e+00	7.000000e+01
  4562	4.562500e+00	9.900000e+01
  4563	4.563500e+00	9.900000e+01
  4564	4.564500e+00	1.010000e+02
  4565	4.565500e+00	7.800000e+01
  4566	4.566500e+00	1.030000e+02
  4567	4.567500e+00	1.020000e+02
  4568	4.568500e+00	1.010000e+02
  4569	4.569500e+00	9.300000e+01
  4570	4.570500e+00	7.900000e+01
  4571	4.571500e+00	8.300000e+01
  4572	4.572500e+00	1.080000e+02
  4573	4.573500e+00	1.050000e+02
  4574	4.574500e+00	9.400000e+01
  4575	4.575500e+00	9.900000e+01
  4576	4.576500e+00	9.000000e+01
  4577	4.577500e+00	1.040000e+02
  4578	4.578500e+00	8.900000e+01
  4579	4.579500e+00	9.400000e+01
  4580	4.580500e+00	9.700000e+01
  4581	4.581500e+00	1.150000e+02
  4582	4.582500e+00	8.100000e+01
  4583	4.583500e+00	9.500000e+01
  4584	4.584500e+00	8.800000e+01
  4585	4.585500e+00	9.300000e+01
  4586	4.586500e+00	8.900000e+01
  4587	4.587500e+00	8.900000e+01
  4588	4.588500e+00	9.000000e+01
  4589	4.589500e+00	9.100000e+01
  4590	4.590500e+00	9.200000e+01
  4591	4.591500e+00	9.800000e+01
  4592	4.592500e+00	1.030000e+02
  4593	4.593500e+00	9.700000e+01
  4594	4.594500e+00	1.170000e+02
  4595	4.595500e+00	1.130000e+02
  4596	4.596500e+00	1.000000e+02
  4597	4.597500e+00	8.300000e+01
  4598	4.598500e+00	9.000000e+01
  4599	4.599500e+00	9.000000e+01
  4600	4.600500e+00	1.070000e+02
  4601	4.601500e+00	9.300000e+01
  4602	4.602500e+00	9.800000e+01
  4603	4.603500e+00	7.600000e+01
  4604	4.604500e+00	8.300000e+01
  4605	4.605500e+00	8.800000e+01
  4606	4.606500e+00	1.010000e+02
  4607	4.607500e+00	9.200000e+01
  4608	4.608500e+00	9.200000e+01
  4609	4.609500e+00	8.900000e+01
  4610	4.610500e+00	8.500000e+01
  4611	4.611500e+00	9.200000e+01
  4612	4.612500e+00	1.050000e+02
  4613	4.613500e+00	7.400000e+01
  4614	4.614500e+00	9.000000e+01
  4615	4.615500e+00	1.040000e+02
  4616	4.616500e+00	1.050000e+02
  4617	4.617500e+00	8.000000e+01
  4618	4.618500e+00	9.000000e+01
  4619	4.619500e+00	9.700000e+01
  4620	4.620500e+00	9.900000e+01
  4621	4.621500e+00	9.100000e+01
  4622	4.622500e+00	1.050000e+02
  4623	4.623500e+00	1.000000e+02
  4624	4.624500e+00	7.800000e+01
  4625	4.625500e+00	9.100000e+01
  4626	4.626500e+00	1.040000e+02
  4627	4.627500e+00	8.600000e+01
  4628	4.628500e+00	8.300000e+01
  4629	4.629500e+00	1.060000e+02
  4630	4.630500e+00	9.300000e+01
  4631	4.631500e+00	8.800000e+01
  4632	4.632500e+00	9.000000e+01
  4633	4.633500e+00	9.600000e+01
  4634	4.634500e+00	8.000000e+01
  4635	4.635500e+00	7.600000e+01
  4636	4.636500e+00	1.030000e+02
  4637	4.637500e+00	1.050000e+02
  4638	4.638500e+00	9.300000e+01
  4639	4.639500e+00	1.010000e+02
  4640	4.640500e+00	8.600000e+01
  4641	4.641500e+00	9.300000e+01
  4642	4.642500e+00	1.120000e+02
  4643	4.643500e+00	9.300000e+01
  4644	4.644500e+00	9.200000e+01
  4645	4.645500e+00	8.600000e+01
  4646	4.646500e+00	7.100000e+01
  4647	4.647500e+00	1.010000e+02
  4648	4.648500e+00	8.700000e+01
  4649	4.649500e+00	1.030000e+02
  4650	4.650500e+00	9.100000e+01
  4651	4.651500e+00	9.700000e+01
  4652	4.652500e+00	9.400000e+01
  4653	4.653500e+00	9.400000e+01
  4654	4.654500e+00	9.900000e+01
  4655	4.655500e+00	8.900000e+01
  4656	4.656500e+00	9.700000e+01
  4657	4.657500e+00	9.500000e+01
  4658	4.658500e+00	9.000000e+01
  4659	4.659500e+00	1.020000e+02
  4660	4.660500e+00	8.500000e+01
  4661	4.661500e+00	9.900000e+01
  4662	4.662500e+00	1.060000e+02
  4663	4.663500e+00	1.080000e+02
  4664	4.664500e+00	7.700000e+01
  4665	4.665500e+00	8.900000e+01
  4666	4.666500e+00	9.500000e+01
  4667	4.667500e+00	7.500000e+01
  4668	4.668500e+00	8.100000e+01
  4669	4.669500e+00	9.600000e+01
  4670	4.670500e+00	8.900000e+01
  4671	4.671500e+00	7.900000e+01
  4672	4.672500e+00	9.400000e+01
  4673	4.673500e+00	1.020000e+02
  4674	4.674500e+00	9.400000e+01
  4675	4.675500e+00	8.200000e+01
  4676	4.676500e+00	8.200000e+01
  4677	4.677500e+00	8.400000e+01
  4678	4.678500e+00	7.300000e+01
  4679	4.679500e+00	8.300000e+01
  4680	4.680500e+00	9.100000e+01
  4681	4.681500e+00	1.100000e+02
  4682	4.682500e+00	1.090000e+02
  4683	4.683500e+00	1.030000e+02
  4684	4.684500e+00	9.300000e+01
  4685	4.685500e+00	8.700000e+01
  4686	4.686500e+00	1.000000e+02
  4687	4.687500e+00	6.700000e+01
  4688	4.688500e+00	9.800000e+01
  4689	4.689500e+00	8.500000e+01
  4690	4.690500e+00	8.800000e+01
  4691	4.691500e+00	9.300000e+01
  4692	4.692500e+00	1.010000e+02
  4693	4.693500e+00	9.100000e+01
  4694	4.694500e+00	1.100000e+02
  4695	4.695500e+00	9.600000e+01
  4696	4.696500e+00	8.400000e+01
  4697	4.697500e+00	1.000000e+02
  4698	4.698500e+00	8.900000e+01
  4699	4.699500e+00	9.800000e+01
  4700	4.700500e+00	8.400000e+01
  4701	4.701500e+00	8.600000e+01
  4702	4.702500e+00	9.900000e+01
  4703	4.703500e+00	1.060000e+02
  4704	4.704500e+00	1.070000e+02
  4705	4.705500e+00	8.800000e+01
  4706	4.706500e+00	8.100000e+01
  4707	4.707500e+00	9.900000e+01
  4708	4.708500e+00	8.200000e+01
  4709	4.709500e+00	9.300000e+01
  4710	4.710500e+00	8.800000e+01
  4711	4.711500e+00	8.100000e+01
  4712	4.712500e+00	9.200000e+01
  4713	4.713500e+00	9.700000e+01
  4714	4.714500e+00	1.060000e+02
  4715	4.715500e+00	9.100000e+01
  4716	4.716500e+00	1.090000e+02
  4717	4.717500e+00	1.010000e+02
  4718	4.718500e+00	7.800000e+01
  4719	4.719500e+00	1.190000e+02
  4720	4.720500e+00	8.600000e+01
  4721	4.721500e+00	1.170000e+02
  4722	4.722500e+00	8.800000e+01
  4723	4.723500e+00	9.500000e+01
  4724	4.724500e+00	9.300000e+01
  4725	4.725500e+00	9.800000e+01
  4726	4.726500e+00	9.500000e+01
  4727	4.727500e+00	1.000000e+02
  4728	4.728500e+00	1.030000e+02
  4729	4.729500e+00	7.600000e+01
  4730	4.730500e+00	8.600000e+01
  4731	4.731500e+00	8.500000e+01
  4732	4.732500e+00	9.900000e+01
  4733	4.733500e+00	8.800000e+01
  4734	4.734500e+00	7.700000e+01
  4735	4.735500e+00	9.100000e+01
  4736	4.736500e+00	9.800000e+01
  4737	4.737500e+00	8.500000e+01
  4738	4.738500e+00	8.700000e+01
  4739	4.739500e+00	9.900000e+01
  4740	4.740500e+00	9.200000e+01
  4741	4.741500e+00	9.200000e+01
  4742	4.742500e+00	9.400000e+01
  4743	4.743500e+00	8.300000e+01
  4744	4.744500e+00	9.400000e+01
  4745	4.745500e+00	8.700000e+01
  4746	4.746500e+00	8.600000e+01
  4747	4.747500e+00	9.100000e+01
  4748	4.748500e+00	1.010000e+02
  4749	4.749500e+00	9.100000e+01
  4750	4.750500e+00	8.400000e+01
  4751	4.751500e+00	9.400000e+01
  4752	4.752500e+00	8.300000e+01
  4753	4.753500e+00	8.200000e+01
  4754	4.754500e+00	9.600000e+01
  4755	4.755500e+00	9.800000e+01
  4756	4.756500e+00	8.500000e+01
  4757	4.757500e+00	9.100000e+01
  4758	4.758500e+00	1.130000e+02
  4759	4.759500e+00	9.000000e+01
  4760	4.760500e+00	7.800000e+01
  4761	4.761500e+00	7.700000e+01
  4762	4.762500e+00	8.100000e+01
  4763	4.763500e+00	9.300000e+01
  4764	4.764500e+00	8.800000e+01
  4765	4.765500e+00	8.700000e+01
  4766	4.766500e+00	9.900000e+01
  4767	4.767500e+00	8.100000e+01
  4768	4.768500e+00	8.200000e+01
  4769	4.769500e+00	9.500000e+01
  4770	4.770500e+00	8.700000e+01
  4771	4.771500e+00	9.300000e+01
  4772	4.772500e+00	8.400000e+01
  4773	4.773500e+00	1.140000e+02
  4774	4.774500e+00	1.110000e+02
  4775	4.775500e+00	8.000000e+01
  4776	4.776500e+00	9.700000e+01
  4777	4.777500e+00	8.800000e+01
  4778	4.778500e+00	8.700000e+01
  4779	4.779500e+00	8.100000e+01
  4780	4.780500e+00	9.600000e+01
  4781	4.781500e+00	9.300000e+01
  4782	4.782500e+00	8.100000e+01
  4783	4.783500e+00	9.100000e+01
  4784	4.784500e+00	8.800000e+01
  4785	4.785500e+00	8.100000e+01
  4786	4.786500e+00	8.900000e+01
  4787	4.787500e+00	9.300000e+01
  4788	4.788500e+00	1.050000e+02
  4789	4.789500e+00	9.300000e+01
  4790	4.790500e+00	8.400000e+01
  4791	4.791500e+00	8.700000e+01
  4792	4.792500e+00	8.500000e+01
  4793	4.793500e+00	8.100000e+01
  4794	4.794500e+00	9.100000e+01
  4795	4.795500e+00	1.050000e+02
  4796	4.796500e+00	8.500000e+01
  4797	4.797500e+00	7.700000e+01
  4798	4.798500e+00	8.900000e+01
  4799	4.799500e+00	8.900000e+01
  4800	4.800500e+00	9.000000e+01
  4801	4.801500e+00	8.500000e+01
  4802	4.802500e+00	8.000000e+01
  4803	4.803500e+00	9.700000e+01
  4804	4.804500e+00	8.400000e+01
  4805	4.805500e+00	9.300000e+01
  4806	4.806500e+00	9.100000e+01
  4807	4.807500e+00	8.300000e+01
  4808	4.808500e+00	8.800000e+01
  4809	4.809500e+00	7.700000e+01
  4810	4.810500e+00	9.500000e+01
  4811	4.811500e+00	8.500000e+01
  4812	4.812500e+00	9.100000e+01
  4813	4.813500e+00	9.000000e+01
  4814	4.814500e+00	9.000000e+01
  4815	4.815500e+00	8.300000e+01
  4816	4.816500e+00	8.100000e+01
  4817	4.817500e+00	9.000000e+01
  4818	4.818500e+00	9.200000e+01
  4819	4.819500e+00	8.500000e+01
  4820	4.820500e+00	9.300000e+01
  4821	4.821500e+00	9.300000e+01
  4822	4.822500e+00	7.700000e+01
  4823	4.823500e+00	8.200000e+01
  4824	4.824500e+00	9.800000e+01
  4825	4.825500e+00	8.800000e+01
  4826	4.826500e+00	1.000000e+02
  4827	4.827500e+00	1.010000e+02
  4828	4.828500e+00	1.020000e+02
  4829	4.829500e+00	9.600000e+01
  4830	4.830500e+00	1.040000e+02
  4831	4.831500e+00	9.800000e+01
  4832	4.832500e+00	9.800000e+01
  4833	4.833500e+00	9.500000e+01
  4834	4.834500e+00	8.500000e+01
  4835	4.835500e+00	7.700000e+01
  4836	4.836500e+00	9.300000e+01
  4837	4.837500e+00	9.100000e+01
  4838	4.838500e+00	9.900000e+01
  4839	4.839500e+00	8.700000e+01
  4840	4.840500e+00	9.800000e+01
  4841	4.841500e+00	9.800000e+01
  4842	4.842500e+00	1.000000e+02
  4843	4.843500e+00	8.600000e+01
  4844	4.844500e+00	9.600000e+01
  4845	4.845500e+00	7.800000e+01
  4846	4.846500e+00	9.200000e+01
  4847	4.847500e+00	7.600000e+01
  4848	4.848500e+00	9.500000e+01
  4849	4.849500e+00	7.000000e+01
  4850	4.850500e+00	7.400000e+01
  4851	4.851500e+00	8.400000e+01
  4852	4.852500e+00	8.600000e+01
  4853	4.853500e+00	8.400000e+01
  4854	4.854500e+00	7.600000e+01
  4855	4.855500e+00	1.000000e+02
  4856	4.856500e+00	9.100000e+01
  4857	4.857500e+00	9.400000e+01
  4858	4.858500e+00	8.900000e+01
  4859	4.859500e+00	8.900000e+01
  4860	4.860500e+00	9.100000e+01
  4861	4.861500e+00	9.000000e+01
  4862	4.862500e+00	9.200000e+01
  4863	4.863500e+00	9.500000e+01
  4864	4.864500e+00	9.800000e+01
  4865	4.865500e+00	8.600000e+01
  4866	4.866500e+00	9.900000e+01
  4867	4.867500e+00	9.500000e+01
  4868	4.868500e+00	7.500000e+01
  4869	4.869500e+00	9.800000e+01
  4870	4.870500e+00	9.400000e+01
  4871	4.871500e+00	6.100000e+01
  4872	4.872500e+00	8.400000e+01
  4873	4.873500e+00	9.000000e+01
  4874	4.874500e+00	8.200000e+01
  4875	4.875500e+00	7.000000e+01
  4876	4.876500e+00	8.400000e+01
  4877	4.877500e+00	9.200000e+01
  4878	4.878500e+00	9.300000e+01
  4879	4.879500e+00	9.100000e+01
  4880	4.880500e+00	8.700000e+01
  4881	4.881500e+00	1.000000e+02
  4882	4.882500e+00	8.300000e+01
  4883	4.883500e+00	8.300000e+01
  4884	4.884500e+00	9.100000e+01
  4885	4.885500e+00	9.600000e+01
  4886	4.886500e+00	8.600000e+01
  4887	4.887500e+00	9.000000e+01
  4888	4.888500e+00	9.300000e+01
  4889	4.889500e+00	6.100000e+01
  4890	4.890500e+00	8.100000e+01
  4891	4.891500e+00	8.800000e+01
  4892	4.892500e+00	8.000000e+01
  4893	4.893500e+00	9.800000e+01
  4894	4.894500e+00	8.300000e+01
  4895	4.895500e+00	8.200000e+01
  4896	4.896500e+00	8.900000e+01
  4897	4.897500e+00	8.300000e+01
  4898	4.898500e+00	1.000000e+02
  4899	4.899500e+00	8.600000e+01
  4900	4.900500e+00	9.700000e+01
  4901	4.901500e+00	8.600000e+01
  4902	4.902500e+00	8.900000e+01
  4903	4.903500e+00	8.800000e+01
  4904	4.904500e+00	8.000000e+01
  4905	4.905500e+00	7.700000e+01
  4906	4.906500e+00	9.000000e+01
  4907	4.907500e+00	7.500000e+01
  4908	4.908500e+00	9.300000e+01
  4909	4.909500e+00	8.400000e+01
  4910	4.910500e+00	8.600000e+01
  4911	4.911500e+00	7.400000e+01
  4912	4.912500e+00	7.700000e+01
  4913	4.913500e+00	8.500000e+01
  4914	4.914500e+00	9.100000e+01
  4915	4.915500e+00	8.500000e+01
  4916	4.916500e+00	9.500000e+01
  4917	4.917500e+00	7.800000e+01
  4918	4.918500e+00	1.080000e+02
  4919	4.919500e+00	7.500000e+01
  4920	4.920500e+00	1.000000e+02
  4921	4.921500e+00	8.400000e+01
  4922	4.922500e+00	9.300000e+01
  4923	4.923500e+00	8.900000e+01
  4924	4.924500e+00	9.000000e+01
  4925	4.925500e+00	7.700000e+01
  4926	4.926500e+00	8.600000e+01
  4927	4.927500e+00	7.600000e+01
  4928	4.928500e+00	1.010000e+02
  4929	4.929500e+00	7.800000e+01
  4930	4.930500e+00	8.700000e+01
  4931	4.931500e+00	9.800000e+01
  4932	4.932500e+00	9.800000e+01
  4933	4.933500e+00	8.100000e+01
  4934	4.934500e+00	7.900000e+01
  4935	4.935500e+00	9.200000e+01
  4936	4.936500e+00	8.200000e+01
  4937	4.937500e+00	5.800000e+01
  4938	4.938500e+00	8.600000e+01
  4939	4.939500e+00	7.800000e+01
  4940	4.940500e+00	8.600000e+01
  4941	4.941500e+00	9.200000e+01
  4942	4.942500e+00	9.900000e+01
  4943	4.943500e+00	8.100000e+01
  4944	4.944500e+00	8.100000e+01
  4945	4.945500e+00	1.010000e+02
  4946	4.946500e+00	8.500000e+01
  4947	4.947500e+00	9.100000e+01
  4948	4.948500e+00	9.200000e+01
  4949	4.949500e+00	1.090000e+02
  4950	4.950500e+00	9.700000e+01
  4951	4.951500e+00	8.300000e+01
  4952	4.952500e+00	7.800000e+01
  4953	4.953500e+00	8.700000e+01
  4954	4.954500e+00	8.400000e+01
  4955	4.955500e+00	7.800000e+01
  4956	4.956500e+00	1.120000e+02
  4957	4.957500e+00	9.900000e+01
  4958	4.958500e+00	7.700000e+01
  4959	4.959500e+00	8.400000e+01
  4960	4.960500e+00	7.600000e+01
  4961	4.961500e+00	8.200000e+01
  4962	4.962500e+00	9.200000e+01
  4963	4.963500e+00	1.090000e+02
  4964	4.964500e+00	8.800000e+01
  4965	4.965500e+00	7.300000e+01
  4966	4.966500e+00	6.700000e+01
  4967	4.967500e+00	9.700000e+01
  4968	4.968500e+00	9.300000e+01
  4969	4.969500e+00	8.200000e+01
  4970	4.970500e+00	9.100000e+01
  4971	4.971500e+00	7.900000e+01
  4972	4.972500e+00	9.800000e+01
  4973	4.973500e+00	8.800000e+01
  4974	4.974500e+00	9.400000e+01
  4975	4.975500e+00	7.300000e+01
  4976	4.976500e+00	6.800000e+01
  4977	4.977500e+00	9.900000e+01
  4978	4.978500e+00	8.100000e+01
  4979	4.979500e+00	1.030000e+02
  4980	4.980500e+00	8.200000e+01
  4981	4.981500e+00	8.400000e+01
  4982	4.982500e+00	8.500000e+01
  4983	4.983500e+00	1.030000e+02
  4984	4.984500e+00	8.500000e+01
  4985	4.985500e+00	8.400000e+01
  4986	4.986500e+00	8.200000e+01
  4987	4.987500e+00	7.500000e+01
  4988	4.988500e+00	9.300000e+01
  4989	4.989500e+00	8.000000e+01
  4990	4.990500e+00	8.500000e+01
  4991	4.991500e+00	6.700000e+01
  4992	4.992500e+00	9.900000e+01
  4993	4.993500e+00	8.100000e+01
  4994	4.994500e+00	9.100000e+01
  4995	4.995500e+00	8.100000e+01
  4996	4.996500e+00	9.000000e+01
  4997	4.997500e+00	7.600000e+01
  4998	4.998500e+00	7.000000e+01
  4999	4.999500e+00	1.090000e+02
  5000	5.000500e+00	9.200000e+01
  5001	5.001500e+00	7.100000e+01
  5002	5.002500e+00	9.200000e+01
  5003	5.003500e+00	9.800000e+01
  5004	5.004500e+00	7.600000e+01
  5005	5.005500e+00	1.020000e+02
  5006	5.006500e+00	7.200000e+01
  5007	5.007500e+00	9.900000e+01
  5008	5.008500e+00	1.050000e+02
  5009	5.009500e+00	8.600000e+01
  5010	5.010500e+00	9.100000e+01
  5011	5.011500e+00	9.400000e+01
  5012	5.012500e+00	9.000000e+01
  5013	5.013500e+00	8.500000e+01
  5014	5.014500e+00	7.700000e+01
  5015	5.015500e+00	9.200000e+01
  5016	5.016500e+00	8.400000e+01
  5017	5.017500e+00	7.100000e+01
  5018	5.018500e+00	8.400000e+01
  5019	5.019500e+00	9.300000e+01
  5020	5.020500e+00	7.200000e+01
  5021	5.021500e+00	8.100000e+01
  5022	5.022500e+00	7.900000e+01
  5023	5.023500e+00	9.100000e+01
  5024	5.024500e+00	7.300000e+01
  5025	5.025500e+00	9.000000e+01
  5026	5.026500e+00	7.800000e+01
  5027	5.027500e+00	9.700000e+01
  5028	5.028500e+00	7.400000e+01
  5029	5.029500e+00	8.800000e+01
  5030	5.030500e+00	8.200000e+01
  5031	5.031500e+00	8.800000e+01
  5032	5.032500e+00	8.600000e+01
  5033	5.033500e+00	9.100000e+01
  5034	5.034500e+00	9.200000e+01
  5035	5.035500e+00	1.090000e+02
  5036	5.036500e+00	6.800000e+01
  5037	5.037500e+00	7.500000e+01
  5038	5.038500e+00	7.500000e+01
  5039	5.039500e+00	9.600000e+01
  5040	5.040500e+00	9.500000e+01
  5041	5.041500e+00	8.100000e+01
  5042	5.042500e+00	7.100000e+01
  5043	5.043500e+00	7.200000e+01
  5044	5.044500e+00	8.400000e+01
  5045	5.045500e+00	7.700000e+01
  5046	5.046500e+00	7.900000e+01
  5047	5.047500e+00	6.700000e+01
  5048	5.048500e+00	7.900000e+01
  5049	5.049500e+00	9.000000e+01
  5050	5.050500e+00	8.000000e+01
  5051	5.051500e+00	8.100000e+01
  5052	5.052500e+00	8.200000e+01
  5053	5.053500e+00	8.300000e+01
  5054	5.054500e+00	8.200000e+01
  5055	5.055500e+00	9.900000e+01
  5056	5.056500e+00	8.500000e+01
  5057	5.057500e+00	7.100000e+01
  5058	5.058500e+00	7.900000e+01
  5059	5.059500e+00	7.500000e+01
  5060	5.060500e+00	7.300000e+01
  5061	5.061500e+00	8.300000e+01
  5062	5.062500e+00	8.900000e+01
  5063	5.063500e+00	8.700000e+01
  5064	5.064500e+00	9.500000e+01
  5065	5.065500e+00	7.300000e+01
  5066	5.066500e+00	9.000000e+01
  5067	5.067500e+00	8.400000e+01
  5068	5.068500e+00	8.100000e+01
  5069	5.069500e+00	1.190000e+02
  5070	5.070500e+00	9.200000e+01
  5071	5.071500e+00	8.000000e+01
  5072	5.072500e+00	8.700000e+01
  5073	5.073500e+00	8.700000e+01
  5074	5.074500e+00	8.600000e+01
  5075	5.075500e+00	9.100000e+01
  5076	5.076500e+00	9.300000e+01
  5077	5.077500e+00	9.300000e+01
  5078	5.078500e+00	9.000000e+01
  5079	5.079500e+00	8.400000e+01
  5080	5.080500e+00	7.900000e+01
  5081	5.081500e+00	8.200000e+01
  5082	5.082500e+00	7.800000e+01
  5083	5.083500e+00	8.300000e+01
  5084	5.084500e+00	8.600000e+01
  5085	5.085500e+00	8.000000e+01
  5086	5.086500e+00	8.200000e+01
  5087	5.087500e+00	9.100000e+01
  5088	5.088500e+00	1.030000e+02
  5089	5.089500e+00	7.500000e+01
  5090	5.090500e+00	8.600000e+01
  5091	5.091500e+00	8.200000e+01
  5092	5.092500e+00	7.400000e+01
  5093	5.093500e+00	6.500000e+01
  5094	5.094500e+00	8.300000e+01
  5095	5.095500e+00	7.600000e+01
  5096	5.096500e+00	8.200000e+01
  5097	5.097500e+00	8.600000e+01
  5098	5.098500e+00	9.300000e+01
  5099	5.099500e+00	8.400000e+01
  5100	5.100500e+00	9.200000e+01
  5101	5.101500e+00	6.100000e+01
  5102	5.102500e+00	8.100000e+01
  5103	5.103500e+00	8.200000e+01
  5104	5.104500e+00	8.300000e+01
  5105	5.105500e+00	8.400000e+01
  5106	5.106500e+00	9.800000e+01
  5107	5.107500e+00	6.700000e+01
  5108	5.108500e+00	8.200000e+01
  5109	5.109500e+00	8.700000e+01
  5110	5.110500e+00	9.500000e+01
  5111	5.111500e+00	8.100000e+01
  5112	5.112500e+00	8.000000e+01
  5113	5.113500e+00	1.040000e+02
  5114	5.114500e+00	7.000000e+01
  5115	5.115500e+00	7.700000e+01
  5116	5.116500e+00	8.400000e+01
  5117	5.117500e+00	8.600000e+01
  5118	5.118500e+00	7.600000e+01
  5119	5.119500e+00	7.100000e+01
  5120	5.120500e+00	8.300000e+01
  5121	5.121500e+00	9.100000e+01
  5122	5.122500e+00	8.800000e+01
  5123	5.123500e+00	8.100000e+01
  5124	5.124500e+00	9.600000e+01
  5125	5.125500e+00	8.900000e+01
  5126	5.126500e+00	9.100000e+01
  5127	5.127500e+00	7.800000e+01
  5128	5.128500e+00	1.000000e+02
  5129	5.129500e+00	8.200000e+01
  5130	5.130500e+00	8.200000e+01
  5131	5.131500e+00	9.600000e+01
  5132	5.132500e+00	9.000000e+01
  5133	5.133500e+00	8.400000e+01
  5134	5.134500e+00	7.400000e+01
  5135	5.135500e+00	8.200000e+01
  5136	5.136500e+00	8.800000e+01
  5137	5.137500e+00	7.700000e+01
  5138	5.138500e+00	9.100000e+01
  5139	5.139500e+00	9.400000e+01
  5140	5.140500e+00	7.800000e+01
  5141	5.141500e+00	8.800000e+01
  5142	5.142500e+00	8.700000e+01
  5143	5.143500e+00	9.000000e+01
  5144	5.144500e+00	8.200000e+01
  5145	5.145500e+00	1.100000e+02
  5146	5.146500e+00	7.100000e+01
  5147	5.147500e+00	8.100000e+01
  5148	5.148500e+00	8.900000e+01
  5149	5.149500e+00	9.400000e+01
  5150	5.150500e+00	7.900000e+01
  5151	5.151500e+00	7.500000e+01
  5152	5.152500e+00	1.040000e+02
  5153	5.153500e+00	8.500000e+01
  5154	5.154500e+00	8.300000e+01
  5155	5.155500e+00	7.900000e+01
  5156	5.156500e+00	7.300000e+01
  5157	5.157500e+00	9.300000e+01
  5158	5.158500e+00	8.100000e+01
  5159	5.159500e+00	8.800000e+01
  5160	5.160500e+00	8.200000e+01
  5161	5.161500e+00	7.300000e+01
  5162	5.162500e+00	7.300000e+01
  5163	5.163500e+00	8.700000e+01
  5164	5.164500e+00	7.800000e+01
  5165	5.165500e+00	8.600000e+01
  5166	5.166500e+00	7.700000e+01
  5167	5.167500e+00	9.100000e+01
  5168	5.168500e+00	7.800000e+01
  5169	5.169500e+00	9.300000e+01
  5170	5.170500e+00	7.700000e+01
  5171	5.171500e+00	7.600000e+01
  5172	5.172500e+00	8.600000e+01
  5173	5.173500e+00	8.400000e+01
  5174	5.174500e+00	7.800000e+01
  5175	5.175500e+00	7.800000e+01
  5176	5.176500e+00	8.800000e+01
  5177	5.177500e+00	8.300000e+01
  5178	5.178500e+00	7.000000e+01
  5179	5.179500e+00	9.000000e+01
  5180	5.180500e+00	8.900000e+01
  5181	5.181500e+00	8.300000e+01
  5182	5.182500e+00	7.300000e+01
  5183	5.183500e+00	1.080000e+02
  5184	5.184500e+00	8.300000e+01
  5185	5.185500e+00	8.000000e+01
  5186	5.186500e+00	7.300000e+01
  5187	5.187500e+00	8.000000e+01
  5188	5.188500e+00	9.900000e+01
  5189	5.189500e+00	9.700000e+01
  5190	5.190500e+00	7.900000e+01
  5191	5.191500e+00	9.300000e+01
  5192	5.192500e+00	8.500000e+01
  5193	5.193500e+00	7.900000e+01
  5194	5.194500e+00	8.800000e+01
  5195	5.195500e+00	1.000000e+02
  5196	5.196500e+00	8.500000e+01
  5197	5.197500e+00	7.400000e+01
  5198	5.198500e+00	7.900000e+01
  5199	5.199500e+00	7.700000e+01
  5200	5.200500e+00	8.000000e+01
  5201	5.201500e+00	8.700000e+01
  5202	5.202500e+00	8.000000e+01
  5203	5.203500e+00	7.600000e+01
  5204	5.204500e+00	7.900000e+01
  5205	5.205500e+00	7.900000e+01
  5206	5.206500e+00	7.000000e+01
  5207	5.207500e+00	7.100000e+01
  5208	5.208500e+00	7.500000e+01
  5209	5.209500e+00	7.800000e+01
  5210	5.210500e+00	5.900000e+01
  5211	5.211500e+00	6.500000e+01
  5212	5.212500e+00	8.500000e+01
  5213	5.213500e+00	9.000000e+01
  5214	5.214500e+00	8.200000e+01
  5215	5.215500e+00	7.100000e+01
  5216	5.216500e+00	9.400000e+01
  5217	5.217500e+00	7.500000e+01
  5218	5.218500e+00	7.300000e+01
  5219	5.219500e+00	7.700000e+01
  5220	5.220500e+00	7.800000e+01
  5221	5.221500e+00	7.400000e+01
  5222	5.222500e+00	8.700000e+01
  5223	5.223500e+00	7.400000e+01
  5224	5.224500e+00	8.800000e+01
  5225	5.225500e+00	7.600000e+01
  5226	5.226500e+00	8.600000e+01
  5227	5.227500e+00	9.000000e+01
  5228	5.228500e+00	8.100000e+01
  5229	5.229500e+00	7.500000e+01
  5230	5.230500e+00	7.100000e+01
  5231	5.231500e+00	6.500000e+01
  5232	5.232500e+00	7.900000e+01
  5233	5.233500e+00	7.100000e+01
  5234	5.234500e+00	8.900000e+01
  5235	5.235500e+00	7.900000e+01
  5236	5.236500e+00	8.500000e+01
  5237	5.237500e+00	8.100000e+01
  5238	5.238500e+00	9.000000e+01
  5239	5.239500e+00	8.000000e+01
  5240	5.240500e+00	9.200000e+01
  5241	5.241500e+00	8.500000e+01
  5242	5.242500e+00	7.500000e+01
  5243	5.243500e+00	1.010000e+02
  5244	5.244500e+00	6.900000e+01
  5245	5.245500e+00	8.000000e+01
  5246	5.246500e+00	8.200000e+01
  5247	5.247500e+00	7.900000e+01
  5248	5.248500e+00	9.400000e+01
  5249	5.249500e+00	7.600000e+01
  5250	5.250500e+00	8.800000e+01
  5251	5.251500e+00	7.500000e+01
  5252	5.252500e+00	8.400000e+01
  5253	5.253500e+00	9.700000e+01
  5254	5.254500e+00	8.500000e+01
  5255	5.255500e+00	6.000000e+01
  5256	5.256500e+00	8.100000e+01
  5257	5.257500e+00	8.900000e+01
  5258	5.258500e+00	9.700000e+01
  5259	5.259500e+00	9.600000e+01
  5260	5.260500e+00	7.800000e+01
  5261	5.261500e+00	8.400000e+01
  5262	5.262500e+00	7.800000e+01
  5263	5.263500e+00	1.000000e+02
  5264	5.264500e+00	7.200000e+01
  5265	5.265500e+00	8.300000e+01
  5266	5.266500e+00	8.400000e+01
  5267	5.267500e+00	7.800000e+01
  5268	5.268500e+00	8.600000e+01
  5269	5.269500e+00	9.100000e+01
  5270	5.270500e+00	8.800000e+01
  5271	5.271500e+00	8.500000e+01
  5272	5.272500e+00	7.700000e+01
  5273	5.273500e+00	7.500000e+01
  5274	5.274500e+00	7.500000e+01
  5275	5.275500e+00	8.200000e+01
  5276	5.276500e+00	9.200000e+01
  5277	5.277500e+00	7.900000e+01
  5278	5.278500e+00	7.900000e+01
  5279	5.279500e+00	8.700000e+01
  5280	5.280500e+00	9.500000e+01
  5281	5.281500e+00	7.200000e+01
  5282	5.282500e+00	8.600000e+01
  5283	5.283500e+00	6.400000e+01
  5284	5.284500e+00	8.500000e+01
  5285	5.285500e+00	8.000000e+01
  5286	5.286500e+00	7.300000e+01
  5287	5.287500e+00	7.200000e+01
  5288	5.288500e+00	8.800000e+01
  5289	5.289500e+00	5.900000e+01
  5290	5.290500e+00	8.200000e+01
  5291	5.291500e+00	8.100000e+01
  5292	5.292500e+00	9.000000e+01
  5293	5.293500e+00	7.400000e+01
  5294	5.294500e+00	8.800000e+01
  5295	5.295500e+00	9.200000e+01
  5296	5.296500e+00	8.500000e+01
  5297	5.297500e+00	8.600000e+01
  5298	5.298500e+00	8.900000e+01
  5299	5.299500e+00	8.100000e+01
  5300	5.300500e+00	8.600000e+01
  5301	5.301500e+00	7.100000e+01
  5302	5.302500e+00	7.300000e+01
  5303	5.303500e+00	7.300000e+01
  5304	5.304500e+00	7.500000e+01
  5305	5.305500e+00	7.600000e+01
  5306	5.306500e+00	9.400000e+01
  5307	5.307500e+00	8.400000e+01
  5308	5.308500e+00	7.600000e+01
  5309	5.309500e+00	6.200000e+01
  5310	5.310500e+00	8.400000e+01
  5311	5.311500e+00	8.700000e+01
  5312	5.312500e+00	9.300000e+01
  5313	5.313500e+00	8.300000e+01
  5314	5.314500e+00	6.700000e+01
  5315	5.315500e+00	8.300000e+01
  5316	5.316500e+00	7.500000e+01
  5317	5.317500e+00	7.100000e+01
  5318	5.318500e+00	8.100000e+01
  5319	5.319500e+00	7.200000e+01
  5320	5.320500e+00	7.800000e+01
  5321	5.321500e+00	9.100000e+01
  5322	5.322500e+00	6.500000e+01
  5323	5.323500e+00	7.600000e+01
  5324	5.324500e+00	8.100000e+01
  5325	5.325500e+00	8.100000e+01
  5326	5.326500e+00	7.900000e+01
  5327	5.327500e+00	8.500000e+01
  5328	5.328500e+00	8.000000e+01
  5329	5.329500e+00	8.500000e+01
  5330	5.330500e+00	5.500000e+01
  5331	5.331500e+00	8.000000e+01
  5332	5.332500e+00	7.700000e+01
  5333	5.333500e+00	7.500000e+01
  5334	5.334500e+00	8.600000e+01
  5335	5.335500e+00	7.400000e+01
  5336	5.336500e+00	8.600000e+01
  5337	5.337500e+00	8.900000e+01
  5338	5.338500e+00	7.300000e+01
  5339	5.339500e+00	8.500000e+01
  5340	5.340500e+00	8.500000e+01
  5341	5.341500e+00	9.800000e+01
  5342	5.342500e+00	8.300000e+01
  5343	5.343500e+00	7.400000e+01
  5344	5.344500e+00	8.400000e+01
  5345	5.345500e+00	8.500000e+01
  5346	5.346500e+00	9.100000e+01
  5347	5.347500e+00	7.100000e+01
  5348	5.348500e+00	6.300000e+01
  5349	5.349500e+00	7.200000e+01
  5350	5.350500e+00	7.900000e+01
  5351	5.351500e+00	8.900000e+01
  5352	5.352500e+00	7.100000e+01
  5353	5.353500e+00	8.900000e+01
  5354	5.354500e+00	7.000000e+01
  5355	5.355500e+00	7.700000e+01
  5356	5.356500e+00	8.600000e+01
  5357	5.357500e+00	8.000000e+01
  5358	5.358500e+00	6.700000e+01
  5359	5.359500e+00	6.900000e+01
  5360	5.360500e+00	6.600000e+01
  5361	5.361500e+00	8.000000e+01
  5362	5.362500e+00	7.500000e+01
  5363	5.363500e+00	7.700000e+01
  5364	5.364500e+00	5.400000e+01
  5365	5.365500e+00	8.300000e+01
  5366	5.366500e+00	7.400000e+01
  5367	5.367500e+00	7.600000e+01
  5368	5.368500e+00	9.100000e+01
  5369	5.369500e+00	7.200000e+01
  5370	5.370500e+00	8.800000e+01
  5371	5.371500e+00	6.400000e+01
  5372	5.372500e+00	8.400000e+01
  5373	5.373500e+00	7.700000e+01
  5374	5.374500e+00	7.300000e+01
  5375	5.375500e+00	6.600000e+01
  5376	5.376500e+00	7.200000e+01
  5377	5.377500e+00	8.200000e+01
  5378	5.378500e+00	8.900000e+01
  5379	5.379500e+00	8.000000e+01
  5380	5.380500e+00	7.900000e+01
  5381	5.381500e+00	7.700000e+01
  5382	5.382500e+00	7.400000e+01
  5383	5.383500e+00	6.200000e+01
  5384	5.384500e+00	7.000000e+01
  5385	5.385500e+00	8.300000e+01
  5386	5.386500e+00	9.300000e+01
  5387	5.387500e+00	7.800000e+01
  5388	5.388500e+00	6.300000e+01
  5389	5.389500e+00	6.500000e+01
  5390	5.390500e+00	7.500000e+01
  5391	5.391500e+00	7.800000e+01
  5392	5.392500e+00	6.400000e+01
  5393	5.393500e+00	8.400000e+01
  5394	5.394500e+00	8.900000e+01
  5395	5.395500e+00	8.200000e+01
  5396	5.396500e+00	8.300000e+01
  5397	5.397500e+00	8.500000e+01
  5398	5.398500e+00	6.500000e+01
  5399	5.399500e+00	6.700000e+01
  5400	5.400500e+00	7.600000e+01
  5401	5.401500e+00	6.700000e+01
  5402	5.402500e+00	7.200000e+01
  5403	5.403500e+00	6.900000e+01
  5404	5.404500e+00	9.000000e+01
  5405	5.405500e+00	8.300000e+01
  5406	5.406500e+00	8.100000e+01
  5407	5.407500e+00	7.200000e+01
  5408	5.408500e+00	7.200000e+01
  5409	5.409500e+00	8.000000e+01
  5410	5.410500e+00	8.500000e+01
  5411	5.411500e+00	1.000000e+02
  5412	5.412500e+00	7.700000e+01
  5413	5.413500e+00	6.300000e+01
  5414	5.414500e+00	8.200000e+01
  5415	5.415500e+00	8.200000e+01
  5416	5.416500e+00	7.800000e+01
  5417	5.417500e+00	7.700000e+01
  5418	5.418500e+00	6.600000e+01
  5419	5.419500e+00	8.000000e+01
  5420	5.420500e+00	6.800000e+01
  5421	5.421500e+00	9.300000e+01
  5422	5.422500e+00	7.600000e+01
  5423	5.423500e+00	8.100000e+01
  5424	5.424500e+00	7.400000e+01
  5425	5.425500e+00	8.300000e+01
  5426	5.426500e+00	9.200000e+01
  5427	5.427500e+00	6.600000e+01
  5428	5.428500e+00	7.400000e+01
  5429	5.429500e+00	7.600000e+01
  5430	5.430500e+00	8.000000e+01
  5431	5.431500e+00	8.100000e+01
  5432	5.432500e+00	7.300000e+01
  5433	5.433500e+00	7.300000e+01
  5434	5.434500e+00	7.200000e+01
  5435	5.435500e+00	6.100000e+01
  5436	5.436500e+00	9.000000e+01
  5437	5.437500e+00	7.400000e+01
  5438	5.438500e+00	8.200000e+01
  5439	5.439500e+00	8.100000e+01
  5440	5.440500e+00	8.300000e+01
  5441	5.441500e+00	8.500000e+01
  5442	5.442500e+00	7.300000e+01
  5443	5.443500e+00	7.200000e+01
  5444	5.444500e+00	6.900000e+01
  5445	5.445500e+00	5.800000e+01
  5446	5.446500e+00	8.800000e+01
  5447	5.447500e+00	7.900000e+01
  5448	5.448500e+00	7.200000e+01
  5449	5.449500e+00	9.000000e+01
  5450	5.450500e+00	9.100000e+01
  5451	5.451500e+00	9.200000e+01
  5452	5.452500e+00	7.100000e+01
  5453	5.453500e+00	8.200000e+01
  5454	5.454500e+00	7.500000e+01
  5455	5.455500e+00	7.300000e+01
  5456	5.456500e+00	8.600000e+01
  5457	5.457500e+00	7.700000e+01
  5458	5.458500e+00	7.900000e+01
  5459	5.459500e+00	7.400000e+01
  5460	5.460500e+00	8.800000e+01
  5461	5.461500e+00	9.500000e+01
  5462	5.462500e+00	8.200000e+01
  5463	5.463500e+00	8.600000e+01
  5464	5.464500e+00	7.900000e+01
  5465	5.465500e+00	6.500000e+01
  5466	5.466500e+00	7.700000e+01
  5467	5.467500e+00	8.300000e+01
  5468	5.468500e+00	6.400000e+01
  5469	5.469500e+00	8.200000e+01
  5470	5.470500e+00	7.900000e+01
  5471	5.471500e+00	6.400000e+01
  5472	5.472500e+00	7.300000e+01
  5473	5.473500e+00	7.200000e+01
  5474	5.474500e+00	7.800000e+01
  5475	5.475500e+00	8.700000e+01
  5476	5.476500e+00	6.800000e+01
  5477	5.477500e+00	1.030000e+02
  5478	5.478500e+00	8.200000e+01
  5479	5.479500e+00	7.600000e+01
  5480	5.480500e+00	7.100000e+01
  5481	5.481500e+00	7.900000e+01
  5482	5.482500e+00	8.400000e+01
  5483	5.483500e+00	7.900000e+01
  5484	5.484500e+00	8.200000e+01
  5485	5.485500e+00	7.700000e+01
  5486	5.486500e+00	6.800000e+01
  5487	5.487500e+00	8.100000e+01
  5488	5.488500e+00	7.700000e+01
  5489	5.489500e+00	8.100000e+01
  5490	5.490500e+00	6.900000e+01
  5491	5.491500e+00	7.600000e+01
  5492	5.492500e+00	7.300000e+01
  5493	5.493500e+00	6.700000e+01
  5494	5.494500e+00	8.400000e+01
  5495	5.495500e+00	8.300000e+01
  5496	5.496500e+00	7.300000e+01
  5497	5.497500e+00	9.400000e+01
  5498	5.498500e+00	7.000000e+01
  5499	5.499500e+00	8.400000e+01
  5500	5.500500e+00	8.100000e+01
  5501	5.501500e+00	8.400000e+01
  5502	5.502500e+00	6.400000e+01
  5503	5.503500e+00	6.900000e+01
  5504	5.504500e+00	7.300000e+01
  5505	5.505500e+00	6.300000e+01
  5506	5.506500e+00	6.100000e+01
  5507	5.507500e+00	7.500000e+01
  5508	5.508500e+00	8.100000e+01
  5509	5.509500e+00	7.700000e+01
  5510	5.510500e+00	8.200000e+01
  5511	5.511500e+00	7.400000e+01
  5512	5.512500e+00	9.200000e+01
  5513	5.513500e+00	7.800000e+01
  5514	5.514500e+00	7.500000e+01
  5515	5.515500e+00	7.900000e+01
  5516	5.516500e+00	7.100000e+01
  5517	5.517500e+00	8.600000e+01
  5518	5.518500e+00	7.400000e+01
  5519	5.519500e+00	8.400000e+01
  5520	5.520500e+00	7.500000e+01
  5521	5.521500e+00	9.000000e+01
  5522	5.522500e+00	6.800000e+01
  5523	5.523500e+00	7.500000e+01
  5524	5.524500e+00	7.200000e+01
  5525	5.525500e+00	7.400000e+01
  5526	5.526500e+00	8.000000e+01
  5527	5.527500e+00	8.200000e+01
  5528	5.528500e+00	7.000000e+01
  5529	5.529500e+00	7.600000e+01
  5530	5.530500e+00	7.000000e+01
  5531	5.531500e+00	7.500000e+01
  5532	5.532500e+00	6.500000e+01
  5533	5.533500e+00	8.300000e+01
  5534	5.534500e+00	7.700000e+01
  5535	5.535500e+00	9.400000e+01
  5536	5.536500e+00	8.400000e+01
  5537	5.537500e+00	6.700000e+01
  5538	5.538500e+00	6.100000e+01
  5539	5.539500e+00	7.800000e+01
  5540	5.540500e+00	8.200000e+01
  5541	5.541500e+00	7.600000e+01
  5542	5.542500e+00	6.500000e+01
  5543	5.543500e+00	5.800000e+01
  5544	5.544500e+00	7.500000e+01
  5545	5.545500e+00	7.400000e+01
  5546	5.546500e+00	8.600000e+01
  5547	5.547500e+00	7.200000e+01
  5548	5.548500e+00	8.300000e+01
  5549	5.549500e+00	8.200000e+01
  5550	5.550500e+00	8.200000e+01
  5551	5.551500e+00	7.500000e+01
  5552	5.552500e+00	7.900000e+01
  5553	5.553500e+00	7.200000e+01
  5554	5.554500e+00	8.700000e+01
  5555	5.555500e+00	8.000000e+01
  5556	5.556500e+00	8.200000e+01
  5557	5.557500e+00	9.300000e+01
  5558	5.558500e+00	7.900000e+01
  5559	5.559500e+00	6.900000e+01
  5560	5.560500e+00	6.800000e+01
  5561	5.561500e+00	7.700000e+01
  5562	5.562500e+00	7.600000e+01
  5563	5.563500e+00	7.900000e+01
  5564	5.564500e+00	7.200000e+01
  5565	5.565500e+00	8.000000e+01
  5566	5.566500e+00	8.000000e+01
  5567	5.567500e+00	7.300000e+01
  5568	5.568500e+00	8.200000e+01
  5569	5.569500e+00	7.100000e+01
  5570	5.570500e+00	6.200000e+01
  5571	5.571500e+00	7.800000e+01
  5572	5.572500e+00	8.100000e+01
  5573	5.573500e+00	6.300000e+01
  5574	5.574500e+00	7.400000e+01
  5575	5.575500e+00	8.300000e+01
  5576	5.576500e+00	7.600000e+01
  5577	5.577500e+00	6.500000e+01
  5578	5.578500e+00	6.300000e+01
  5579	5.579500e+00	8.100000e+01
  5580	5.580500e+00	6.900000e+01
  5581	5.581500e+00	7.700000e+01
  5582	5.582500e+00	8.400000e+01
  5583	5.583500e+00	6.800000e+01
  5584	5.584500e+00	8.700000e+01
  5585	5.585500e+00	7.500000e+01
  5586	5.586500e+00	7.700000e+01
  5587	5.587500e+00	6.900000e+01
  5588	5.588500e+00	7.100000e+01
  5589	5.589500e+00	7.100000e+01
  5590	5.590500e+00	7.400000e+01
  5591	5.591500e+00	7.900000e+01
  5592	5.592500e+00	6.600000e+01
  5593	5.593500e+00	6.300000e+01
  5594	5.594500e+00	8.100000e+01
  5595	5.595500e+00	6.700000e+01
  5596	5.596500e+00	7.500000e+01
  5597	5.597500e+00	6.700000e+01
  5598	5.598500e+00	7.400000e+01
  5599	5.599500e+00	7.200000e+01
  5600	5.600500e+00	7.100000e+01
  5601	5.601500e+00	6.800000e+01
  5602	5.602500e+00	6.800000e+01
  5603	5.603500e+00	8.600000e+01
  5604	5.604500e+00	8.600000e+01
  5605	5.605500e+00	6.600000e+01
  5606	5.606500e+00	8.600000e+01
  5607	5.607500e+00	7.200000e+01
  5608	5.608500e+00	6.800000e+01
  5609	5.609500e+00	8.400000e+01
  5610	5.610500e+00	7.400000e+01
  5611	5.611500e+00	8.100000e+01
  5612	5.612500e+00	7.300000e+01
  5613	5.613500e+00	7.400000e+01
  5614	5.614500e+00	8.200000e+01
  5615	5.615500e+00	6.800000e+01
  5616	5.616500e+00	8.700000e+01
  5617	5.617500e+00	6.700000e+01
  5618	5.618500e+00	1.030000e+02
  5619	5.619500e+00	7.700000e+01
  5620	5.620500e+00	7.500000e+01
  5621	5.621500e+00	5.700000e+01
  5622	5.622500e+00	8.100000e+01
  5623	5.623500e+00	8.500000e+01
  5624	5.624500e+00	8.600000e+01
  5625	5.625500e+00	7.600000e+01
  5626	5.626500e+00	6.700000e+01
  5627	5.627500e+00	8.100000e+01
  5628	5.628500e+00	7.400000e+01
  5629	5.629500e+00	8.400000e+01
  5630	5.630500e+00	7.900000e+01
  5631	5.631500e+00	7.000000e+01
  5632	5.632500e+00	8.200000e+01
  5633	5.633500e+00	5.400000e+01
  5634	5.634500e+00	8.100000e+01
  5635	5.635500e+00	8.400000e+01
  5636	5.636500e+00	7.900000e+01
  5637	5.637500e+00	6.300000e+01
  5638	5.638500e+00	8.300000e+01
  5639	5.639500e+00	7.700000e+01
  5640	5.640500e+00	9.000000e+01
  5641	5.641500e+00	5.700000e+01
  5642	5.642500e+00	7.900000e+01
  5643	5.643500e+00	7.100000e+01
  5644	5.644500e+00	7.900000e+01
  5645	5.645500e+00	7.600000e+01
  5646	5.646500e+00	7.600000e+01
  5647	5.647500e+00	7.800000e+01
  5648	5.648500e+00	7.300000e+01
  5649	5.649500e+00	7.500000e+01
  5650	5.650500e+00	7.400000e+01
  5651	5.651500e+00	7.200000e+01
  5652	5.652500e+00	9.000000e+01
  5653	5.653500e+00	7.800000e+01
  5654	5.654500e+00	7.400000e+01
  5655	5.655500e+00	7.300000e+01
  5656	5.656500e+00	9.800000e+01
  5657	5.657500e+00	8.700000e+01
  5658	5.658500e+00	7.800000e+01
  5659	5.659500e+00	7.000000e+01
  5660	5.660500e+00	8.200000e+01
  5661	5.661500e+00	7.300000e+01
  5662	5.662500e+00	7.200000e+01
  5663	5.663500e+00	8.900000e+01
  5664	5.664500e+00	8.500000e+01
  5665	5.665500e+00	8.800000e+01
  5666	5.666500e+00	7.100000e+01
  5667	5.667500e+00	6.900000e+01
  5668	5.668500e+00	8.600000e+01
  5669	5.669500e+00	8.900000e+01
  5670	5.670500e+00	8.000000e+01
  5671	5.671500e+00	8.200000e+01
  5672	5.672500e+00	8.300000e+01
  5673	5.673500e+00	7.200000e+01
  5674	5.674500e+00	8.300000e+01
  5675	5.675500e+00	5.600000e+01
  5676	5.676500e+00	8.200000e+01
  5677	5.677500e+00	6.400000e+01
  5678	5.678500e+00	6.800000e+01
  5679	5.679500e+00	7.100000e+01
  5680	5.680500e+00	6.400000e+01
  5681	5.681500e+00	7.400000e+01
  5682	5.682500e+00	8.100000e+01
  5683	5.683500e+00	7.500000e+01
  5684	5.684500e+00	6.400000e+01
  5685	5.685500e+00	7.000000e+01
  5686	5.686500e+00	7.300000e+01
  5687	5.687500e+00	5.500000e+01
  5688	5.688500e+00	6.400000e+01
  5689	5.689500e+00	7.300000e+01
  5690	5.690500e+00	8.700000e+01
  5691	5.691500e+00	7.300000e+01
  5692	5.692500e+00	8.200000e+01
  5693	5.693500e+00	7.500000e+01
  5694	5.694500e+00	7.600000e+01
  5695	5.695500e+00	6.800000e+01
  5696	5.696500e+00	7.200000e+01
  5697	5.697500e+00	7.200000e+01
  5698	5.698500e+00	7.800000e+01
  5699	5.699500e+00	7.600000e+01
  5700	5.700500e+00	6.600000e+01
  5701	5.701500e+00	7.800000e+01
  5702	5.702500e+00	7.500000e+01
  5703	5.703500e+00	8.600000e+01
  5704	5.704500e+00	8.400000e+01
  5705	5.705500e+00	7.900000e+01
  5706	5.706500e+00	8.200000e+01
  5707	5.707500e+00	6.300000e+01
  5708	5.708500e+00	6.700000e+01
  5709	5.709500e+00	8.300000e+01
  5710	5.710500e+00	7.200000e+01
  5711	5.711500e+00	9.600000e+01
  5712	5.712500e+00	5.600000e+01
  5713	5.713500e+00	6.200000e+01
  5714	5.714500e+00	7.800000e+01
  5715	5.715500e+00	7.300000e+01
  5716	5.716500e+00	7.300000e+01
  5717	5.717500e+00	7.900000e+01
  5718	5.718500e+00	8.200000e+01
  5719	5.719500e+00	7.900000e+01
  5720	5.720500e+00	5.700000e+01
  5721	5.721500e+00	7.000000e+01
  5722	5.722500e+00	6.600000e+01
  5723	5.723500e+00	7.900000e+01
  5724	5.724500e+00	7.400000e+01
  5725	5.725500e+00	6.100000e+01
  5726	5.726500e+00	7.700000e+01
  5727	5.727500e+00	5.900000e+01
  5728	5.728500e+00	6.000000e+01
  5729	5.729500e+00	8.300000e+01
  5730	5.730500e+00	7.500000e+01
  5731	5.731500e+00	6.700000e+01
  5732	5.732500e+00	8.800000e+01
  5733	5.733500e+00	7.900000e+01
  5734	5.734500e+00	7.300000e+01
  5735	5.735500e+00	6.000000e+01
  5736	5.736500e+00	8.600000e+01
  5737	5.737500e+00	7.200000e+01
  5738	5.738500e+00	6.800000e+01
  5739	5.739500e+00	6.900000e+01
  5740	5.740500e+00	7.400000e+01
  5741	5.741500e+00	7.900000e+01
  5742	5.742500e+00	7.600000e+01
  5743	5.743500e+00	6.700000e+01
  5744	5.744500e+00	6.000000e+01
  5745	5.745500e+00	6.600000e+01
  5746	5.746500e+00	7.900000e+01
  5747	5.747500e+00	7.400000e+01
  5748	5.748500e+00	7.300000e+01
  5749	5.749500e+00	6.600000e+01
  5750	5.750500e+00	6.300000e+01
  5751	5.751500e+00	7.000000e+01
  5752	5.752500e+00	8.100000e+01
  5753	5.753500e+00	8.100000e+01
  5754	5.754500e+00	8.300000e+01
  5755	5.755500e+00	6.700000e+01
  5756	5.756500e+00	7.300000e+01
  5757	5.757500e+00	8.000000e+01
  5758	5.758500e+00	8.600000e+01
  5759	5.759500e+00	7.600000e+01
  5760	5.760500e+00	8.300000e+01
  5761	5.761500e+00	7.500000e+01
  5762	5.762500e+00	7.100000e+01
  5763	5.763500e+00	6.100000e+01
  5764	5.764500e+00	6.200000e+01
  5765	5.765500e+00	6.700000e+01
  5766	5.766500e+00	7.200000e+01
  5767	5.767500e+00	7.700000e+01
  5768	5.768500e+00	7.200000e+01
  5769	5.769500e+00	7.900000e+01
  5770	5.770500e+00	6.000000e+01
  5771	5.771500e+00	9.200000e+01
  5772	5.772500e+00	8.600000e+01
  5773	5.773500e+00	6.800000e+01
  5774	5.774500e+00	7.100000e+01
  5775	5.775500e+00	7.500000e+01
  5776	5.776500e+00	7.500000e+01
  5777	5.777500e+00	6.200000e+01
  5778	5.778500e+00	6.700000e+01
  5779	5.779500e+00	7.800000e+01
  5780	5.780500e+00	7.900000e+01
  5781	5.781500e+00	7.600000e+01
  5782	5.782500e+00	6.300000e+01
  5783	5.783500e+00	6.500000e+01
  5784	5.784500e+00	6.700000e+01
  5785	5.785500e+00	7.400000e+01
  5786	5.786500e+00	8.000000e+01
  5787	5.787500e+00	7.800000e+01
  5788	5.788500e+00	7.500000e+01
  5789	5.789500e+00	7.100000e+01
  5790	5.790500e+00	6.400000e+01
  5791	5.791500e+00	7.600000e+01
  5792	5.792500e+00	8.600000e+01
  5793	5.793500e+00	8.300000e+01
  5794	5.794500e+00	7.300000e+01
  5795	5.795500e+00	7.800000e+01
  5796	5.796500e+00	7.800000e+01
  5797	5.797500e+00	7.500000e+01
  5798	5.798500e+00	7.300000e+01
  5799	5.799500e+00	6.800000e+01
  5800	5.800500e+00	7.200000e+01
  5801	5.801500e+00	6.300000e+01
  5802	5.802500e+00	7.700000e+01
  5803	5.803500e+00	7.200000e+01
  5804	5.804500e+00	7.200000e+01
  5805	5.805500e+00	8.800000e+01
  5806	5.806500e+00	6.800000e+01
  5807	5.807500e+00	7.400000e+01
  5808	5.808500e+00	6.500000e+01
  5809	5.809500e+00	5.900000e+01
  5810	5.810500e+00	8.100000e+01
  5811	5.811500e+00	7.800000e+01
  5812	5.812500e+00	9.000000e+01
  5813	5.813500e+00	7.900000e+01
  5814	5.814500e+00	8.400000e+01
  5815	5.815500e+00	7.100000e+01
  5816	5.816500e+00	7.300000e+01
  5817	5.817500e+00	7.400000e+01
  5818	5.818500e+00	7.400000e+01
  5819	5.819500e+00	7.000000e+01
  5820	5.820500e+00	1.010000e+02
  5821	5.821500e+00	8.900000e+01
  5822	5.822500e+00	8.600000e+01
  5823	5.823500e+00	7.600000e+01
  5824	5.824500e+00	8.300000e+01
  5825	5.825500e+00	7.500000e+01
  5826	5.826500e+00	7.000000e+01
  5827	5.827500e+00	7.300000e+01
  5828	5.828500e+00	6.500000e+01
  5829	5.829500e+00	7.500000e+01
  5830	5.830500e+00	9.400000e+01
  5831	5.831500e+00	9.000000e+01
  5832	5.832500e+00	6.400000e+01
  5833	5.833500e+00	6.700000e+01
  5834	5.834500e+00	5.500000e+01
  5835	5.835500e+00	8.000000e+01
  5836	5.836500e+00	5.900000e+01
  5837	5.837500e+00	5.600000e+01
  5838	5.838500e+00	7.300000e+01
  5839	5.839500e+00	7.800000e+01
  5840	5.840500e+00	7.000000e+01
  5841	5.841500e+00	8.300000e+01
  5842	5.842500e+00	7.900000e+01
  5843	5.843500e+00	8.400000e+01
  5844	5.844500e+00	7.600000e+01
  5845	5.845500e+00	7.600000e+01
  5846	5.846500e+00	6.800000e+01
  5847	5.847500e+00	7.500000e+01
  5848	5.848500e+00	7.100000e+01
  5849	5.849500e+00	8.100000e+01
  5850	5.850500e+00	6.800000e+01
  5851	5.851500e+00	5.700000e+01
  5852	5.852500e+00	7.000000e+01
  5853	5.853500e+00	6.300000e+01
  5854	5.854500e+00	8.200000e+01
  5855	5.855500e+00	6.600000e+01
  5856	5.856500e+00	7.600000e+01
  5857	5.857500e+00	7.100000e+01
  5858	5.858500e+00	8.000000e+01
  5859	5.859500e+00	5.100000e+01
  5860	5.860500e+00	7.900000e+01
  5861	5.861500e+00	7.300000e+01
  5862	5.862500e+00	5.800000e+01
  5863	5.863500e+00	6.600000e+01
  5864	5.864500e+00	8.200000e+01
  5865	5.865500e+00	6.400000e+01
  5866	5.866500e+00	6.700000e+01
  5867	5.867500e+00	8.500000e+01
  5868	5.868500e+00	7.600000e+01
  5869	5.869500e+00	7.800000e+01
  5870	5.870500e+00	6.400000e+01
  5871	5.871500e+00	5.700000e+01
  5872	5.872500e+00	8.600000e+01
  5873	5.873500e+00	6.500000e+01
  5874	5.874500e+00	7.200000e+01
  5875	5.875500e+00	6.500000e+01
  5876	5.876500e+00	9.000000e+01
  5877	5.877500e+00	6.600000e+01
  5878	5.878500e+00	6.700000e+01
  5879	5.879500e+00	6.800000e+01
  5880	5.880500e+00	7.100000e+01
  5881	5.881500e+00	6.600000e+01
  5882	5.882500e+00	7.400000e+01
  5883	5.883500e+00	7.800000e+01
  5884	5.884500e+00	7.700000e+01
  5885	5.885500e+00	5.700000e+01
  5886	5.886500e+00	6.400000e+01
  5887	5.887500e+00	7.500000e+01
  5888	5.888500e+00	7.300000e+01
  5889	5.889500e+00	7.900000e+01
  5890	5.890500e+00	8.200000e+01
  5891	5.891500e+00	8.100000e+01
  5892	5.892500e+00	6.900000e+01
  5893	5.893500e+00	5.600000e+01
  5894	5.894500e+00	6.900000e+01
  5895	5.895500e+00	7.500000e+01
  5896	5.896500e+00	6.700000e+01
  5897	5.897500e+00	8.400000e+01
  5898	5.898500e+00	7.400000e+01
  5899	5.899500e+00	7.000000e+01
  5900	5.900500e+00	8.200000e+01
  5901	5.901500e+00	9.100000e+01
  5902	5.902500e+00	6.300000e+01
  5903	5.903500e+00	7.000000e+01
  5904	5.904500e+00	7.700000e+01
  5905	5.905500e+00	5.100000e+01
  5906	5.906500e+00	7.000000e+01
  5907	5.907500e+00	7.200000e+01
  5908	5.908500e+00	7.400000e+01
  5909	5.909500e+00	7.100000e+01
  5910	5.910500e+00	8.600000e+01
  5911	5.911500e+00	7.100000e+01
  5912	5.912500e+00	7.200000e+01
  5913	5.913500e+00	7.600000e+01
  5914	5.914500e+00	7.600000e+01
  5915	5.915500e+00	7.800000e+01
  5916	5.916500e+00	7.000000e+01
  5917	5.917500e+00	6.500000e+01
  5918	5.918500e+00	7.300000e+01
  5919	5.919500e+00	6.300000e+01
  5920	5.920500e+00	6.200000e+01
  5921	5.921500e+00	6.500000e+01
  5922	5.922500e+00	7.400000e+01
  5923	5.923500e+00	7.700000e+01
  5924	5.924500e+00	6.600000e+01
  5925	5.925500e+00	6.800000e+01
  5926	5.926500e+00	8.900000e+01
  5927	5.927500e+00	5.900000e+01
  5928	5.928500e+00	7.300000e+01
  5929	5.929500e+00	6.200000e+01
  5930	5.930500e+00	7.200000e+01
  5931	5.931500e+00	6.500000e+01
  5932	5.932500e+00	7.600000e+01
  5933	5.933500e+00	7.100000e+01
  5934	5.934500e+00	7.100000e+01
  5935	5.935500e+00	7.300000e+01
  5936	5.936500e+00	7.600000e+01
  5937	5.937500e+00	7.400000e+01
  5938	5.938500e+00	7.500000e+01
  5939	5.939500e+00	6.400000e+01
  5940	5.940500e+00	9.000000e+01
  5941	5.941500e+00	6.000000e+01
  5942	5.942500e+00	7.400000e+01
  5943	5.943500e+00	7.300000e+01
  5944	5.944500e+00	6.500000e+01
  5945	5.945500e+00	6.800000e+01
  5946	5.946500e+00	6.500000e+01
  5947	5.947500e+00	6.700000e+01
  5948	5.948500e+00	7.200000e+01
  5949	5.949500e+00	7.500000e+01
  5950	5.950500e+00	7.200000e+01
  5951	5.951500e+00	6.000000e+01
  5952	5.952500e+00	7.700000e+01
  5953	5.953500e+00	6.000000e+01
  5954	5.954500e+00	6.600000e+01
  5955	5.955500e+00	7.200000e+01
  5956	5.956500e+00	5.600000e+01
  5957	5.957500e+00	6.900000e+01
  5958	5.958500e+00	6.000000e+01
  5959	5.959500e+00	7.900000e+01
  5960	5.960500e+00	6.100000e+01
  5961	5.961500e+00	8.100000e+01
  5962	5.962500e+00	7.800000e+01
  5963	5.963500e+00	6.900000e+01
  5964	5.964500e+00	6.900000e+01
  5965	5.965500e+00	6.300000e+01
  5966	5.966500e+00	6.400000e+01
  5967	5.967500e+00	7.200000e+01
  5968	5.968500e+00	7.600000e+01
  5969	5.969500e+00	8.500000e+01
  5970	5.970500e+00	7.200000e+01
  5971	5.971500e+00	6.900000e+01
  5972	5.972500e+00	6.800000e+01
  5973	5.973500e+00	8.400000e+01
  5974	5.974500e+00	8.400000e+01
  5975	5.975500e+00	7.700000e+01
  5976	5.976500e+00	6.200000e+01
  5977	5.977500e+00	8.600000e+01
  5978	5.978500e+00	6.200000e+01
  5979	5.979500e+00	6.500000e+01
  5980	5.980500e+00	8.500000e+01
  5981	5.981500e+00	7.000000e+01
  5982	5.982500e+00	6.600000e+01
  5983	5.983500e+00	7.700000e+01
  5984	5.984500e+00	6.500000e+01
  5985	5.985500e+00	7.700000e+01
  5986	5.986500e+00	8.200000e+01
  5987	5.987500e+00	6.600000e+01
  5988	5.988500e+00	7.400000e+01
  5989	5.989500e+00	7.100000e+01
  5990	5.990500e+00	5.900000e+01
  5991	5.991500e+00	7.600000e+01
  5992	5.992500e+00	6.300000e+01
  5993	5.993500e+00	7.200000e+01
  5994	5.994500e+00	7.400000e+01
  5995	5.995500e+00	9.100000e+01
  5996	5.996500e+00	7.200000e+01
  5997	5.997500e+00	7.600000e+01
  5998	5.998500e+00	6.300000e+01
  5999	5.999500e+00	8.300000e+01
  6000	6.000500e+00	7.600000e+01
  6001	6.001500e+00	8.200000e+01
  6002	6.002500e+00	7.000000e+01
  6003	6.003500e+00	5.300000e+01
  6004	6.004500e+00	8.000000e+01
  6005	6.005500e+00	7.500000e+01
  6006	6.006500e+00	6.500000e+01
  6007	6.007500e+00	7.400000e+01
  6008	6.008500e+00	7.500000e+01
  6009	6.009500e+00	6.500000e+01
  6010	6.010500e+00	7.400000e+01
  6011	6.011500e+00	7.800000e+01
  6012	6.012500e+00	6.700000e+01
  6013	6.013500e+00	7.600000e+01
  6014	6.014500e+00	6.700000e+01
  6015	6.015500e+00	6.200000e+01
  6016	6.016500e+00	6.800000e+01
  6017	6.017500e+00	7.100000e+01
  6018	6.018500e+00	7.200000e+01
  6019	6.019500e+00	7.300000e+01
  6020	6.020500e+00	7.200000e+01
  6021	6.021500e+00	6.200000e+01
  6022	6.022500e+00	6.500000e+01
  6023	6.023500e+00	6.800000e+01
  6024	6.024500e+00	7.000000e+01
  6025	6.025500e+00	8.400000e+01
  6026	6.026500e+00	6.400000e+01
  6027	6.027500e+00	6.500000e+01
  6028	6.028500e+00	7.100000e+01
  6029	6.029500e+00	7.700000e+01
  6030	6.030500e+00	8.200000e+01
  6031	6.031500e+00	7.800000e+01
  6032	6.032500e+00	6.300000e+01
  6033	6.033500e+00	7.000000e+01
  6034	6.034500e+00	7.300000e+01
  6035	6.035500e+00	6.200000e+01
  6036	6.036500e+00	7.600000e+01
  6037	6.037500e+00	6.600000e+01
  6038	6.038500e+00	6.100000e+01
  6039	6.039500e+00	8.000000e+01
  6040	6.040500e+00	6.900000e+01
  6041	6.041500e+00	5.900000e+01
  6042	6.042500e+00	6.800000e+01
  6043	6.043500e+00	7.600000e+01
  6044	6.044500e+00	6.500000e+01
  6045	6.045500e+00	7.100000e+01
  6046	6.046500e+00	5.600000e+01
  6047	6.047500e+00	7.300000e+01
  6048	6.048500e+00	7.300000e+01
  6049	6.049500e+00	7.400000e+01
  6050	6.050500e+00	6.600000e+01
  6051	6.051500e+00	6.400000e+01
  6052	6.052500e+00	7.100000e+01
  6053	6.053500e+00	8.200000e+01
  6054	6.054500e+00	8.400000e+01
  6055	6.055500e+00	6.400000e+01
  6056	6.056500e+00	6.400000e+01
  6057	6.057500e+00	7.400000e+01
  6058	6.058500e+00	6.800000e+01
  6059	6.059500e+00	5.600000e+01
  6060	6.060500e+00	6.700000e+01
  6061	6.061500e+00	6.500000e+01
  6062	6.062500e+00	7.300000e+01
  6063	6.063500e+00	6.300000e+01
  6064	6.064500e+00	6.700000e+01
  6065	6.065500e+00	6.300000e+01
  6066	6.066500e+00	6.900000e+01
  6067	6.067500e+00	7.300000e+01
  6068	6.068500e+00	6.800000e+01
  6069	6.069500e+00	7.700000e+01
  6070	6.070500e+00	7.500000e+01
  6071	6.071500e+00	7.100000e+01
  6072	6.072500e+00	6.400000e+01
  6073	6.073500e+00	7.300000e+01
  6074	6.074500e+00	7.200000e+01
  6075	6.075500e+00	8.100000e+01
  6076	6.076500e+00	6.500000e+01
  6077	6.077500e+00	5.400000e+01
  6078	6.078500e+00	7.100000e+01
  6079	6.079500e+00	6.700000e+01
  6080	6.080500e+00	8.100000e+01
  6081	6.081500e+00	7.900000e+01
  6082	6.082500e+00	6.500000e+01
  6083	6.083500e+00	7.300000e+01
  6084	6.084500e+00	7.400000e+01
  6085	6.085500e+00	7.200000e+01
  6086	6.086500e+00	7.100000e+01
  6087	6.087500e+00	7.800000e+01
  6088	6.088500e+00	7.000000e+01
  6089	6.089500e+00	7.000000e+01
  6090	6.090500e+00	6.800000e+01
  6091	6.091500e+00	7.600000e+01
  6092	6.092500e+00	7.200000e+01
  6093	6.093500e+00	6.100000e+01
  6094	6.094500e+00	6.500000e+01
  6095	6.095500e+00	7.600000e+01
  6096	6.096500e+00	7.600000e+01
  6097	6.097500e+00	7.500000e+01
  6098	6.098500e+00	5.000000e+01
  6099	6.099500e+00	5.800000e+01
  6100	6.100500e+00	6.900000e+01
  6101	6.101500e+00	7.200000e+01
  6102	6.102500e+00	8.400000e+01
  6103	6.103500e+00	5.700000e+01
  6104	6.104500e+00	7.300000e+01
  6105	6.105500e+00	7.700000e+01
  6106	6.106500e+00	7.300000e+01
  6107	6.107500e+00	6.700000e+01
  6108	6.108500e+00	7.200000e+01
  6109	6.109500e+00	7.800000e+01
  6110	6.110500e+00	7.200000e+01
  6111	6.111500e+00	7.600000e+01
  6112	6.112500e+00	7.300000e+01
  6113	6.113500e+00	7.200000e+01
  6114	6.114500e+00	7.000000e+01
  6115	6.115500e+00	7.300000e+01
  6116	6.116500e+00	7.500000e+01
  6117	6.117500e+00	7.600000e+01
  6118	6.118500e+00	8.300000e+01
  6119	6.119500e+00	4.800000e+01
  6120	6.120500e+00	8.600000e+01
  6121	6.121500e+00	6.200000e+01
  6122	6.122500e+00	7.000000e+01
  6123	6.123500e+00	6.500000e+01
  6124	6.124500e+00	6.200000e+01
  6125	6.125500e+00	7.200000e+01
  6126	6.126500e+00	7.200000e+01
  6127	6.127500e+00	7.600000e+01
  6128	6.128500e+00	6.800000e+01
  6129	6.129500e+00	6.600000e+01
  6130	6.130500e+00	6.500000e+01
  6131	6.131500e+00	9.100000e+01
  6132	6.132500e+00	6.600000e+01
  6133	6.133500e+00	7.900000e+01
  6134	6.134500e+00	7.500000e+01
  6135	6.135500e+00	6.900000e+01
  6136	6.136500e+00	7.300000e+01
  6137	6.137500e+00	5.400000e+01
  6138	6.138500e+00	6.500000e+01
  6139	6.139500e+00	6.000000e+01
  6140	6.140500e+00	5.200000e+01
  6141	6.141500e+00	8.000000e+01
  6142	6.142500e+00	6.900000e+01
  6143	6.143500e+00	6.800000e+01
  6144	6.144500e+00	6.400000e+01
  6145	6.145500e+00	7.000000e+01
  6146	6.146500e+00	7.800000e+01
  6147	6.147500e+00	6.500000e+01
  6148	6.148500e+00	6.500000e+01
  6149	6.149500e+00	6.200000e+01
  6150	6.150500e+00	8.100000e+01
  6151	6.151500e+00	7.800000e+01
  6152	6.152500e+00	6.600000e+01
  6153	6.153500e+00	7.400000e+01
  6154	6.154500e+00	6.200000e+01
  6155	6.155500e+00	7.400000e+01
  6156	6.156500e+00	6.300000e+01
  6157	6.157500e+00	6.000000e+01
  6158	6.158500e+00	6.200000e+01
  6159	6.159500e+00	7.300000e+01
  6160	6.160500e+00	6.000000e+01
  6161	6.161500e+00	7.300000e+01
  6162	6.162500e+00	7.000000e+01
  6163	6.163500e+00	5.700000e+01
  6164	6.164500e+00	6.400000e+01
  6165	6.165500e+00	5.600000e+01
  6166	6.166500e+00	6.600000e+01
  6167	6.167500e+00	6.400000e+01
  6168	6.168500e+00	7.100000e+01
  6169	6.169500e+00	6.600000e+01
  6170	6.170500e+00	6.600000e+01
  6171	6.171500e+00	7.400000e+01
  6172	6.172500e+00	5.800000e+01
  6173	6.173500e+00	6.000000e+01
  6174	6.174500e+00	6.000000e+01
  6175	6.175500e+00	4.700000e+01
  6176	6.176500e+00	6.900000e+01
  6177	6.177500e+00	7.200000e+01
  6178	6.178500e+00	8.400000e+01
  6179	6.179500e+00	8.300000e+01
  6180	6.180500e+00	6.600000e+01
  6181	6.181500e+00	6.500000e+01
  6182	6.182500e+00	6.500000e+01
  6183	6.183500e+00	6.800000e+01
  6184	6.184500e+00	7.300000e+01
  6185	6.185500e+00	6.300000e+01
  6186	6.186500e+00	6.900000e+01
  6187	6.187500e+00	7.000000e+01
  6188	6.188500e+00	6.900000e+01
  6189	6.189500e+00	6.900000e+01
  6190	6.190500e+00	6.500000e+01
  6191	6.191500e+00	7.700000e+01
  6192	6.192500e+00	6.600000e+01
  6193	6.193500e+00	8.300000e+01
  6194	6.194500e+00	6.600000e+01
  6195	6.195500e+00	6.500000e+01
  6196	6.196500e+00	6.300000e+01
  6197	6.197500e+00	6.100000e+01
  6198	6.198500e+00	6.600000e+01
  6199	6.199500e+00	7.500000e+01
  6200	6.200500e+00	5.700000e+01
  6201	6.201500e+00	5.700000e+01
  6202	6.202500e+00	6.200000e+01
  6203	6.203500e+00	6.700000e+01
  6204	6.204500e+00	4.800000e+01
  6205	6.205500e+00	6.500000e+01
  6206	6.206500e+00	5.300000e+01
  6207	6.207500e+00	7.600000e+01
  6208	6.208500e+00	6.700000e+01
  6209	6.209500e+00	7.500000e+01
  6210	6.210500e+00	7.000000e+01
  6211	6.211500e+00	5.900000e+01
  6212	6.212500e+00	7.200000e+01
  6213	6.213500e+00	6.900000e+01
  6214	6.214500e+00	8.100000e+01
  6215	6.215500e+00	6.900000e+01
  6216	6.216500e+00	6.100000e+01
  6217	6.217500e+00	6.000000e+01
  6218	6.218500e+00	7.000000e+01
  6219	6.219500e+00	6.100000e+01
  6220	6.220500e+00	7.200000e+01
  6221	6.221500e+00	6.800000e+01
  6222	6.222500e+00	6.700000e+01
  6223	6.223500e+00	6.800000e+01
  6224	6.224500e+00	5.200000e+01
  6225	6.225500e+00	4.900000e+01
  6226	6.226500e+00	6.200000e+01
  6227	6.227500e+00	5.700000e+01
  6228	6.228500e+00	7.500000e+01
  6229	6.229500e+00	5.900000e+01
  6230	6.230500e+00	6.200000e+01
  6231	6.231500e+00	6.700000e+01
  6232	6.232500e+00	7.400000e+01
  6233	6.233500e+00	8.100000e+01
  6234	6.234500e+00	6.400000e+01
  6235	6.235500e+00	6.100000e+01
  6236	6.236500e+00	6.200000e+01
  6237	6.237500e+00	4.300000e+01
  6238	6.238500e+00	8.200000e+01
  6239	6.239500e+00	7.500000e+01
  6240	6.240500e+00	6.500000e+01
  6241	6.241500e+00	6.700000e+01
  6242	6.242500e+00	7.100000e+01
  6243	6.243500e+00	6.400000e+01
  6244	6.244500e+00	7.000000e+01
  6245	6.245500e+00	6.400000e+01
  6246	6.246500e+00	7.700000e+01
  6247	6.247500e+00	7.500000e+01
  6248	6.248500e+00	6.000000e+01
  6249	6.249500e+00	6.700000e+01
  6250	6.250500e+00	7.700000e+01
  6251	6.251500e+00	7.900000e+01
  6252	6.252500e+00	6.400000e+01
  6253	6.253500e+00	8.300000e+01
  6254	6.254500e+00	6.400000e+01
  6255	6.255500e+00	7.500000e+01
  6256	6.256500e+00	8.100000e+01
  6257	6.257500e+00	7.600000e+01
  6258	6.258500e+00	5.400000e+01
  6259	6.259500e+00	7.200000e+01
  6260	6.260500e+00	5.700000e+01
  6261	6.261500e+00	5.200000e+01
  6262	6.262500e+00	6.600000e+01
  6263	6.263500e+00	6.900000e+01
  6264	6.264500e+00	6.900000e+01
  6265	6.265500e+00	6.100000e+01
  6266	6.266500e+00	5.700000e+01
  6267	6.267500e+00	6.300000e+01
  6268	6.268500e+00	6.600000e+01
  6269	6.269500e+00	7.000000e+01
  6270	6.270500e+00	6.200000e+01
  6271	6.271500e+00	5.900000e+01
  6272	6.272500e+00	6.600000e+01
  6273	6.273500e+00	5.900000e+01
  6274	6.274500e+00	7.400000e+01
  6275	6.275500e+00	8.100000e+01
  6276	6.276500e+00	7.000000e+01
  6277	6.277500e+00	7.500000e+01
  6278	6.278500e+00	5.400000e+01
  6279	6.279500e+00	5.800000e+01
  6280	6.280500e+00	6.500000e+01
  6281	6.281500e+00	8.000000e+01
  6282	6.282500e+00	6.000000e+01
  6283	6.283500e+00	5.400000e+01
  6284	6.284500e+00	5.900000e+01
  6285	6.285500e+00	5.400000e+01
  6286	6.286500e+00	6.700000e+01
  6287	6.287500e+00	7.000000e+01
  6288	6.288500e+00	6.100000e+01
  6289	6.289500e+00	6.800000e+01
  6290	6.290500e+00	8.400000e+01
  6291	6.291500e+00	5.800000e+01
  6292	6.292500e+00	8.100000e+01
  6293	6.293500e+00	5.600000e+01
  6294	6.294500e+00	7.000000e+01
  6295	6.295500e+00	5.700000e+01
  6296	6.296500e+00	6.200000e+01
  6297	6.297500e+00	6.600000e+01
  6298	6.298500e+00	6.600000e+01
  6299	6.299500e+00	6.700000e+01
  6300	6.300500e+00	6.500000e+01
  6301	6.301500e+00	4.500000e+01
  6302	6.302500e+00	7.400000e+01
  6303	6.303500e+00	6.400000e+01
  6304	6.304500e+00	6.100000e+01
  6305	6.305500e+00	7.500000e+01
  6306	6.306500e+00	6.700000e+01
  6307	6.307500e+00	6.000000e+01
  6308	6.308500e+00	5.900000e+01
  6309	6.309500e+00	6.700000e+01
  6310	6.310500e+00	7.000000e+01
  6311	6.311500e+00	5.100000e+01
  6312	6.312500e+00	7.100000e+01
  6313	6.313500e+00	5.800000e+01
  6314	6.314500e+00	5.600000e+01
  6315	6.315500e+00	5.900000e+01
  6316	6.316500e+00	7.300000e+01
  6317	6.317500e+00	4.900000e+01
  6318	6.318500e+00	6.000000e+01
  6319	6.319500e+00	7.500000e+01
  6320	6.320500e+00	5.600000e+01
  6321	6.321500e+00	6.300000e+01
  6322	6.322500e+00	7.300000e+01
  6323	6.323500e+00	6.200000e+01
  6324	6.324500e+00	6.300000e+01
  6325	6.325500e+00	7.300000e+01
  6326	6.326500e+00	5.900000e+01
  6327	6.327500e+00	6.500000e+01
  6328	6.328500e+00	6.200000e+01
  6329	6.329500e+00	5.700000e+01
  6330	6.330500e+00	6.500000e+01
  6331	6.331500e+00	6.900000e+01
  6332	6.332500e+00	8.100000e+01
  6333	6.333500e+00	7.000000e+01
  6334	6.334500e+00	6.500000e+01
  6335	6.335500e+00	6.400000e+01
  6336	6.336500e+00	6.400000e+01
  6337	6.337500e+00	5.500000e+01
  6338	6.338500e+00	5.400000e+01
  6339	6.339500e+00	6.000000e+01
  6340	6.340500e+00	6.700000e+01
  6341	6.341500e+00	6.400000e+01
  6342	6.342500e+00	6.800000e+01
  6343	6.343500e+00	5.900000e+01
  6344	6.344500e+00	7.000000e+01
  6345	6.345500e+00	9.200000e+01
  6346	6.346500e+00	6.600000e+01
  6347	6.347500e+00	5.100000e+01
  6348	6.348500e+00	6.700000e+01
  6349	6.349500e+00	6.400000e+01
  6350	6.350500e+00	6.000000e+01
  6351	6.351500e+00	6.000000e+01
  6352	6.352500e+00	6.400000e+01
  6353	6.353500e+00	6.400000e+01
  6354	6.354500e+00	5.500000e+01
  6355	6.355500e+00	6.300000e+01
  6356	6.356500e+00	6.200000e+01
  6357	6.357500e+00	5.400000e+01
  6358	6.358500e+00	6.600000e+01
  6359	6.359500e+00	6.700000e+01
  6360	6.360500e+00	7.200000e+01
  6361	6.361500e+00	8.200000e+01
  6362	6.362500e+00	6.300000e+01
  6363	6.363500e+00	4.300000e+01
  6364	6.364500e+00	5.500000e+01
  6365	6.365500e+00	5.600000e+01
  6366	6.366500e+00	7.200000e+01
  6367	6.367500e+00	6.700000e+01
  6368	6.368500e+00	6.700000e+01
  6369	6.369500e+00	6.700000e+01
  6370	6.370500e+00	6.500000e+01
  6371	6.371500e+00	5.900000e+01
  6372	6.372500e+00	5.300000e+01
  6373	6.373500e+00	7.900000e+01
  6374	6.374500e+00	6.200000e+01
  6375	6.375500e+00	5.800000e+01
  6376	6.376500e+00	5.900000e+01
  6377	6.377500e+00	6.900000e+01
  6378	6.378500e+00	6.800000e+01
  6379	6.379500e+00	8.300000e+01
  6380	6.380500e+00	6.200000e+01
  6381	6.381500e+00	8.000000e+01
  6382	6.382500e+00	6.100000e+01
  6383	6.383500e+00	5.300000e+01
  6384	6.384500e+00	5.200000e+01
  6385	6.385500e+00	7.100000e+01
  6386	6.386500e+00	6.800000e+01
  6387	6.387500e+00	5.800000e+01
  6388	6.388500e+00	6.600000e+01
  6389	6.389500e+00	6.800000e+01
  6390	6.390500e+00	7.000000e+01
  6391	6.391500e+00	5.700000e+01
  6392	6.392500e+00	6.000000e+01
  6393	6.393500e+00	6.000000e+01
  6394	6.394500e+00	6.600000e+01
  6395	6.395500e+00	6.500000e+01
  6396	6.396500e+00	5.100000e+01
  6397	6.397500e+00	8.000000e+01
  6398	6.398500e+00	5.200000e+01
  6399	6.399500e+00	5.400000e+01
  6400	6.400500e+00	5.500000e+01
  6401	6.401500e+00	7.600000e+01
  6402	6.402500e+00	7.400000e+01
  6403	6.403500e+00	6.600000e+01
  6404	6.404500e+00	7.600000e+01
  6405	6.405500e+00	5.800000e+01
  6406	6.406500e+00	6.000000e+01
  6407	6.407500e+00	7.400000e+01
  6408	6.408500e+00	5.900000e+01
  6409	6.409500e+00	7.300000e+01
  6410	6.410500e+00	6.700000e+01
  6411	6.411500e+00	6.700000e+01
  6412	6.412500e+00	5.900000e+01
  6413	6.413500e+00	7.200000e+01
  6414	6.414500e+00	6.400000e+01
  6415	6.415500e+00	6.600000e+01
  6416	6.416500e+00	6.900000e+01
  6417	6.417500e+00	6.300000e+01
  6418	6.418500e+00	7.700000e+01
  6419	6.419500e+00	8.800000e+01
  6420	6.420500e+00	6.300000e+01
  6421	6.421500e+00	7.600000e+01
  6422	6.422500e+00	7.500000e+01
  6423	6.423500e+00	5.700000e+01
  6424	6.424500e+00	7.000000e+01
  6425	6.425500e+00	6.100000e+01
  6426	6.426500e+00	8.200000e+01
  6427	6.427500e+00	5.200000e+01
  6428	6.428500e+00	6.300000e+01
  6429	6.429500e+00	7.300000e+01
  6430	6.430500e+00	6.600000e+01
  6431	6.431500e+00	7.700000e+01
  6432	6.432500e+00	6.500000e+01
  6433	6.433500e+00	6.500000e+01
  6434	6.434500e+00	6.300000e+01
  6435	6.435500e+00	6.300000e+01
  6436	6.436500e+00	5.800000e+01
  6437	6.437500e+00	6.100000e+01
  6438	6.438500e+00	7.000000e+01
  6439	6.439500e+00	6.600000e+01
  6440	6.440500e+00	8.100000e+01
  6441	6.441500e+00	7.300000e+01
  6442	6.442500e+00	7.000000e+01
  6443	6.443500e+00	6.800000e+01
  6444	6.444500e+00	5.800000e+01
  6445	6.445500e+00	6.400000e+01
  6446	6.446500e+00	6.100000e+01
  6447	6.447500e+00	6.900000e+01
  6448	6.448500e+00	7.400000e+01
  6449	6.449500e+00	6.300000e+01
  6450	6.450500e+00	7.100000e+01
  6451	6.451500e+00	4.600000e+01
  6452	6.452500e+00	7.500000e+01
  6453	6.453500e+00	5.600000e+01
  6454	6.454500e+00	7.600000e+01
  6455	6.455500e+00	7.000000e+01
  6456	6.456500e+00	7.900000e+01
  6457	6.457500e+00	7.200000e+01
  6458	6.458500e+00	7.200000e+01
  6459	6.459500e+00	7.100000e+01
  6460	6.460500e+00	7.300000e+01
  6461	6.461500e+00	6.300000e+01
  6462	6.462500e+00	7.100000e+01
  6463	6.463500e+00	5.700000e+01
  6464	6.464500e+00	6.800000e+01
  6465	6.465500e+00	7.700000e+01
  6466	6.466500e+00	6.100000e+01
  6467	6.467500e+00	5.900000e+01
  6468	6.468500e+00	6.900000e+01
  6469	6.469500e+00	5.700000e+01
  6470	6.470500e+00	5.700000e+01
  6471	6.471500e+00	7.200000e+01
  6472	6.472500e+00	7.700000e+01
  6473	6.473500e+00	5.200000e+01
  6474	6.474500e+00	6.300000e+01
  6475	6.475500e+00	6.300000e+01
  6476	6.476500e+00	7.700000e+01
  6477	6.477500e+00	5.600000e+01
  6478	6.478500e+00	6.900000e+01
  6479	6.479500e+00	6.000000e+01
  6480	6.480500e+00	6.100000e+01
  6481	6.481500e+00	7.300000e+01
  6482	6.482500e+00	6.800000e+01
  6483	6.483500e+00	7.100000e+01
  6484	6.484500e+00	7.100000e+01
  6485	6.485500e+00	6.700000e+01
  6486	6.486500e+00	6.300000e+01
  6487	6.487500e+00	6.500000e+01
  6488	6.488500e+00	5.300000e+01
  6489	6.489500e+00	7.300000e+01
  6490	6.490500e+00	7.000000e+01
  6491	6.491500e+00	6.400000e+01
  6492	6.492500e+00	7.200000e+01
  6493	6.493500e+00	6.000000e+01
  6494	6.494500e+00	4.700000e+01
  6495	6.495500e+00	6.600000e+01
  6496	6.496500e+00	5.900000e+01
  6497	6.497500e+00	5.400000e+01
  6498	6.498500e+00	6.700000e+01
  6499	6.499500e+00	6.200000e+01
  6500	6.500500e+00	7.000000e+01
  6501	6.501500e+00	6.800000e+01
  6502	6.502500e+00	6.300000e+01
  6503	6.503500e+00	7.900000e+01
  6504	6.504500e+00	7.600000e+01
  6505	6.505500e+00	6.600000e+01
  6506	6.506500e+00	6.900000e+01
  6507	6.507500e+00	7.600000e+01
  6508	6.508500e+00	6.800000e+01
  6509	6.509500e+00	6.800000e+01
  6510	6.510500e+00	6.700000e+01
  6511	6.511500e+00	6.300000e+01
  6512	6.512500e+00	4.800000e+01
  6513	6.513500e+00	5.700000e+01
  6514	6.514500e+00	6.700000e+01
  6515	6.515500e+00	6.600000e+01
  6516	6.516500e+00	5.600000e+01
  6517	6.517500e+00	6.800000e+01
  6518	6.518500e+00	5.900000e+01
  6519	6.519500e+00	6.400000e+01
  6520	6.520500e+00	5.900000e+01
  6521	6.521500e+00	5.500000e+01
  6522	6.522500e+00	5.100000e+01
  6523	6.523500e+00	6.500000e+01
  6524	6.524500e+00	7.000000e+01
  6525	6.525500e+00	6.700000e+01
  6526	6.526500e+00	5.600000e+01
  6527	6.527500e+00	4.900000e+01
  6528	6.528500e+00	6.900000e+01
  6529	6.529500e+00	6.000000e+01
  6530	6.530500e+00	6.800000e+01
  6531	6.531500e+00	7.100000e+01
  6532	6.532500e+00	7.600000e+01
  6533	6.533500e+00	7.600000e+01
  6534	6.534500e+00	6.300000e+01
  6535	6.535500e+00	6.500000e+01
  6536	6.536500e+00	6.200000e+01
  6537	6.537500e+00	7.000000e+01
  6538	6.538500e+00	5.800000e+01
  6539	6.539500e+00	6.800000e+01
  6540	6.540500e+00	6.900000e+01
  6541	6.541500e+00	6.400000e+01
  6542	6.542500e+00	6.300000e+01
  6543	6.543500e+00	5.500000e+01
  6544	6.544500e+00	6.300000e+01
  6545	6.545500e+00	7.500000e+01
  6546	6.546500e+00	7.500000e+01
  6547	6.547500e+00	7.300000e+01
  6548	6.548500e+00	6.200000e+01
  6549	6.549500e+00	6.300000e+01
  6550	6.550500e+00	5.900000e+01
  6551	6.551500e+00	7.600000e+01
  6552	6.552500e+00	7.200000e+01
  6553	6.553500e+00	6.900000e+01
  6554	6.554500e+00	6.300000e+01
  6555	6.555500e+00	5.500000e+01
  6556	6.556500e+00	8.400000e+01
  6557	6.557500e+00	6.400000e+01
  6558	6.558500e+00	5.300000e+01
  6559	6.559500e+00	5.600000e+01
  6560	6.560500e+00	5.700000e+01
  6561	6.561500e+00	6.900000e+01
  6562	6.562500e+00	5.500000e+01
  6563	6.563500e+00	6.700000e+01
  6564	6.564500e+00	5.900000e+01
  6565	6.565500e+00	6.900000e+01
  6566	6.566500e+00	6.700000e+01
  6567	6.567500e+00	6.200000e+01
  6568	6.568500e+00	7.400000e+01
  6569	6.569500e+00	5.000000e+01
  6570	6.570500e+00	6.900000e+01
  6571	6.571500e+00	7.300000e+01
  6572	6.572500e+00	7.000000e+01
  6573	6.573500e+00	6.200000e+01
  6574	6.574500e+00	6.700000e+01
  6575	6.575500e+00	5.800000e+01
  6576	6.576500e+00	7.600000e+01
  6577	6.577500e+00	7.100000e+01
  6578	6.578500e+00	7.200000e+01
  6579	6.579500e+00	5.100000e+01
  6580	6.580500e+00	6.100000e+01
  6581	6.581500e+00	5.400000e+01
  6582	6.582500e+00	6.400000e+01
  6583	6.583500e+00	7.600000e+01
  6584	6.584500e+00	5.400000e+01
  6585	6.585500e+00	7.100000e+01
  6586	6.586500e+00	6.900000e+01
  6587	6.587500e+00	6.700000e+01
  6588	6.588500e+00	5.700000e+01
  6589	6.589500e+00	7.600000e+01
  6590	6.590500e+00	7.000000e+01
  6591	6.591500e+00	5.800000e+01
  6592	6.592500e+00	7.000000e+01
  6593	6.593500e+00	6.900000e+01
  6594	6.594500e+00	6.400000e+01
  6595	6.595500e+00	5.600000e+01
  6596	6.596500e+00	5.900000e+01
  6597	6.597500e+00	5.400000e+01
  6598	6.598500e+00	7.000000e+01
  6599	6.599500e+00	7.000000e+01
  6600	6.600500e+00	6.400000e+01
  6601	6.601500e+00	4.900000e+01
  6602	6.602500e+00	6.300000e+01
  6603	6.603500e+00	5.600000e+01
  6604	6.604500e+00	5.700000e+01
  6605	6.605500e+00	6.500000e+01
  6606	6.606500e+00	6.700000e+01
  6607	6.607500e+00	4.600000e+01
  6608	6.608500e+00	6.600000e+01
  6609	6.609500e+00	6.100000e+01
  6610	6.610500e+00	6.700000e+01
  6611	6.611500e+00	5.600000e+01
  6612	6.612500e+00	6.500000e+01
  6613	6.613500e+00	4.000000e+01
  6614	6.614500e+00	6.100000e+01
  6615	6.615500e+00	5.100000e+01
  6616	6.616500e+00	5.900000e+01
  6617	6.617500e+00	5.900000e+01
  6618	6.618500e+00	5.000000e+01
  6619	6.619500e+00	4.900000e+01
  6620	6.620500e+00	6.900000e+01
  6621	6.621500e+00	6.200000e+01
  6622	6.622500e+00	6.000000e+01
  6623	6.623500e+00	6.600000e+01
  6624	6.624500e+00	5.800000e+01
  6625	6.625500e+00	5.900000e+01
  6626	6.626500e+00	7.100000e+01
  6627	6.627500e+00	7.300000e+01
  6628	6.628500e+00	6.100000e+01
  6629	6.629500e+00	6.100000e+01
  6630	6.630500e+00	5.400000e+01
  6631	6.631500e+00	5.100000e+01
  6632	6.632500e+00	5.600000e+01
  6633	6.633500e+00	5.900000e+01
  6634	6.634500e+00	7.300000e+01
  6635	6.635500e+00	6.200000e+01
  6636	6.636500e+00	5.600000e+01
  6637	6.637500e+00	7.200000e+01
  6638	6.638500e+00	6.900000e+01
  6639	6.639500e+00	6.400000e+01
  6640	6.640500e+00	6.500000e+01
  6641	6.641500e+00	6.400000e+01
  6642	6.642500e+00	6.600000e+01
  6643	6.643500e+00	7.400000e+01
  6644	6.644500e+00	6.400000e+01
  6645	6.645500e+00	6.000000e+01
  6646	6.646500e+00	5.900000e+01
  6647	6.647500e+00	6.000000e+01
  6648	6.648500e+00	5.500000e+01
  6649	6.649500e+00	5.000000e+01
  6650	6.650500e+00	4.700000e+01
  6651	6.651500e+00	6.100000e+01
  6652	6.652500e+00	5.900000e+01
  6653	6.653500e+00	7.600000e+01
  6654	6.654500e+00	5.300000e+01
  6655	6.655500e+00	6.100000e+01
  6656	6.656500e+00	6.400000e+01
  6657	6.657500e+00	4.200000e+01
  6658	6.658500e+00	6.700000e+01
  6659	6.659500e+00	5.800000e+01
  6660	6.660500e+00	5.700000e+01
  6661	6.661500e+00	5.100000e+01
  6662	6.662500e+00	6.400000e+01
  6663	6.663500e+00	6.000000e+01
  6664	6.664500e+00	6.500000e+01
  6665	6.665500e+00	6.100000e+01
  6666	6.666500e+00	6.400000e+01
  6667	6.667500e+00	7.700000e+01
  6668	6.668500e+00	6.600000e+01
  6669	6.669500e+00	6.100000e+01
  6670	6.670500e+00	5.500000e+01
  6671	6.671500e+00	7.000000e+01
  6672	6.672500e+00	4.600000e+01
  6673	6.673500e+00	5.400000e+01
  6674	6.674500e+00	6.100000e+01
  6675	6.675500e+00	6.400000e+01
  6676	6.676500e+00	5.300000e+01
  6677	6.677500e+00	6.800000e+01
  6678	6.678500e+00	6.100000e+01
  6679	6.679500e+00	6.600000e+01
  6680	6.680500e+00	7.200000e+01
  6681	6.681500e+00	6.600000e+01
  6682	6.682500e+00	6.200000e+01
  6683	6.683500e+00	6.400000e+01
  6684	6.684500e+00	5.200000e+01
  6685	6.685500e+00	6.500000e+01
  6686	6.686500e+00	5.600000e+01
  6687	6.687500e+00	5.300000e+01
  6688	6.688500e+00	5.400000e+01
  6689	6.689500e+00	5.100000e+01
  6690	6.690500e+00	7.000000e+01
  6691	6.691500e+00	7.600000e+01
  6692	6.692500e+00	4.000000e+01
  6693	6.693500e+00	5.700000e+01
  6694	6.694500e+00	7.400000e+01
  6695	6.695500e+00	6.100000e+01
  6696	6.696500e+00	6.000000e+01
  6697	6.697500e+00	6.500000e+01
  6698	6.698500e+00	7.000000e+01
  6699	6.699500e+00	6.200000e+01
  6700	6.700500e+00	5.800000e+01
  6701	6.701500e+00	5.700000e+01
  6702	6.702500e+00	7.100000e+01
  6703	6.703500e+00	5.700000e+01
  6704	6.704500e+00	6.200000e+01
  6705	6.705500e+00	5.600000e+01
  6706	6.706500e+00	6.400000e+01
  6707	6.707500e+00	5.900000e+01
  6708	6.708500e+00	4.700000e+01
  6709	6.709500e+00	6.000000e+01
  6710	6.710500e+00	5.700000e+01
  6711	6.711500e+00	5.900000e+01
  6712	6.712500e+00	6.700000e+01
  6713	6.713500e+00	5.700000e+01
  6714	6.714500e+00	5.900000e+01
  6715	6.715500e+00	5.300000e+01
  6716	6.716500e+00	7.700000e+01
  6717	6.717500e+00	5.000000e+01
  6718	6.718500e+00	5.900000e+01
  6719	6.719500e+00	6.600000e+01
  6720	6.720500e+00	5.300000e+01
  6721	6.721500e+00	6.300000e+01
  6722	6.722500e+00	6.300000e+01
  6723	6.723500e+00	6.400000e+01
  6724	6.724500e+00	6.700000e+01
  6725	6.725500e+00	4.900000e+01
  6726	6.726500e+00	4.600000e+01
  6727	6.727500e+00	7.600000e+01
  6728	6.728500e+00	5.100000e+01
  6729	6.729500e+00	4.700000e+01
  6730	6.730500e+00	7.500000e+01
  6731	6.731500e+00	7.100000e+01
  6732	6.732500e+00	6.100000e+01
  6733	6.733500e+00	5.400000e+01
  6734	6.734500e+00	5.700000e+01
  6735	6.735500e+00	5.500000e+01
  6736	6.736500e+00	6.000000e+01
  6737	6.737500e+00	6.500000e+01
  6738	6.738500e+00	6.000000e+01
  6739	6.739500e+00	6.800000e+01
  6740	6.740500e+00	5.600000e+01
  6741	6.741500e+00	7.600000e+01
  6742	6.742500e+00	7.200000e+01
  6743	6.743500e+00	5.300000e+01
  6744	6.744500e+00	6.100000e+01
  6745	6.745500e+00	5.000000e+01
  6746	6.746500e+00	5.400000e+01
  6747	6.747500e+00	6.700000e+01
  6748	6.748500e+00	4.800000e+01
  6749	6.749500e+00	6.100000e+01
  6750	6.750500e+00	6.500000e+01
  6751	6.751500e+00	7.000000e+01
  6752	6.752500e+00	6.100000e+01
  6753	6.753500e+00	6.600000e+01
  6754	6.754500e+00	6.300000e+01
  6755	6.755500e+00	5.900000e+01
  6756	6.756500e+00	6.200000e+01
  6757	6.757500e+00	5.800000e+01
  6758	6.758500e+00	6.500000e+01
  6759	6.759500e+00	4.800000e+01
  6760	6.760500e+00	6.800000e+01
  6761	6.761500e+00	6.100000e+01
  6762	6.762500e+00	4.900000e+01
  6763	6.763500e+00	5.300000e+01
  6764	6.764500e+00	6.200000e+01
  6765	6.765500e+00	6.700000e+01
  6766	6.766500e+00	6.000000e+01
  6767	6.767500e+00	5.200000e+01
  6768	6.768500e+00	4.300000e+01
  6769	6.769500e+00	6.100000e+01
  6770	6.770500e+00	5.300000e+01
  6771	6.771500e+00	6.300000e+01
  6772	6.772500e+00	5.600000e+01
  6773	6.773500e+00	5.800000e+01
  6774	6.774500e+00	6.600000e+01
  6775	6.775500e+00	5.600000e+01
  6776	6.776500e+00	5.800000e+01
  6777	6.777500e+00	5.100000e+01
  6778	6.778500e+00	6.800000e+01
  6779	6.779500e+00	4.900000e+01
  6780	6.780500e+00	7.000000e+01
  6781	6.781500e+00	6.000000e+01
  6782	6.782500e+00	5.900000e+01
  6783	6.783500e+00	4.900000e+01
  6784	6.784500e+00	6.200000e+01
  6785	6.785500e+00	5.300000e+01
  6786	6.786500e+00	5.400000e+01
  6787	6.787500e+00	6.500000e+01
  6788	6.788500e+00	5.100000e+01
  6789	6.789500e+00	7.300000e+01
  6790	6.790500e+00	5.200000e+01
  6791	6.791500e+00	6.200000e+01
  6792	6.792500e+00	6.400000e+01
  6793	6.793500e+00	4.800000e+01
  6794	6.794500e+00	5.100000e+01
  6795	6.795500e+00	6.500000e+01
  6796	6.796500e+00	4.500000e+01
  6797	6.797500e+00	9.300000e+01
  6798	6.798500e+00	5.200000e+01
  6799	6.799500e+00	6.500000e+01
  6800	6.800500e+00	5.600000e+01
  6801	6.801500e+00	6.700000e+01
  6802	6.802500e+00	5.200000e+01
  6803	6.803500e+00	6.300000e+01
  6804	6.804500e+00	6.200000e+01
  6805	6.805500e+00	5.600000e+01
  6806	6.806500e+00	7.000000e+01
  6807	6.807500e+00	6.500000e+01
  6808	6.808500e+00	6.200000e+01
  6809	6.809500e+00	5.600000e+01
  6810	6.810500e+00	5.600000e+01
  6811	6.811500e+00	5.100000e+01
  6812	6.812500e+00	4.100000e+01
  6813	6.813500e+00	6.200000e+01
  6814	6.814500e+00	6.600000e+01
  6815	6.815500e+00	6.900000e+01
  6816	6.816500e+00	5.100000e+01
  6817	6.817500e+00	4.900000e+01
  6818	6.818500e+00	6.200000e+01
  6819	6.819500e+00	7.200000e+01
  6820	6.820500e+00	6.500000e+01
  6821	6.821500e+00	8.200000e+01
  6822	6.822500e+00	6.100000e+01
  6823	6.823500e+00	6.000000e+01
  6824	6.824500e+00	6.800000e+01
  6825	6.825500e+00	6.500000e+01
  6826	6.826500e+00	5.600000e+01
  6827	6.827500e+00	6.500000e+01
  6828	6.828500e+00	6.800000e+01
  6829	6.829500e+00	5.900000e+01
  6830	6.830500e+00	5.400000e+01
  6831	6.831500e+00	4.600000e+01
  6832	6.832500e+00	5.500000e+01
  6833	6.833500e+00	5.100000e+01
  6834	6.834500e+00	5.800000e+01
  6835	6.835500e+00	6.700000e+01
  6836	6.836500e+00	6.400000e+01
  6837	6.837500e+00	5.000000e+01
  6838	6.838500e+00	4.700000e+01
  6839	6.839500e+00	5.400000e+01
  6840	6.840500e+00	5.400000e+01
  6841	6.841500e+00	5.100000e+01
  6842	6.842500e+00	6.900000e+01
  6843	6.843500e+00	5.800000e+01
  6844	6.844500e+00	5.000000e+01
  6845	6.845500e+00	4.500000e+01
  6846	6.846500e+00	6.600000e+01
  6847	6.847500e+00	7.600000e+01
  6848	6.848500e+00	4.900000e+01
  6849	6.849500e+00	5.600000e+01
  6850	6.850500e+00	5.000000e+01
  6851	6.851500e+00	6.100000e+01
  6852	6.852500e+00	5.600000e+01
  6853	6.853500e+00	6.000000e+01
  6854	6.854500e+00	5.000000e+01
  6855	6.855500e+00	5.400000e+01
  6856	6.856500e+00	4.600000e+01
  6857	6.857500e+00	5.900000e+01
  6858	6.858500e+00	6.200000e+01
  6859	6.859500e+00	5.300000e+01
  6860	6.860500e+00	4.400000e+01
  6861	6.861500e+00	7.500000e+01
  6862	6.862500e+00	7.600000e+01
  6863	6.863500e+00	5.800000e+01
  6864	6.864500e+00	7.000000e+01
  6865	6.865500e+00	5.800000e+01
  6866	6.866500e+00	6.300000e+01
  6867	6.867500e+00	6.500000e+01
  6868	6.868500e+00	5.500000e+01
  6869	6.869500e+00	5.500000e+01
  6870	6.870500e+00	5.700000e+01
  6871	6.871500e+00	5.000000e+01
  6872	6.872500e+00	5.100000e+01
  6873	6.873500e+00	5.000000e+01
  6874	6.874500e+00	6.300000e+01
  6875	6.875500e+00	5.700000e+01
  6876	6.876500e+00	5.400000e+01
  6877	6.877500e+00	7.100000e+01
  6878	6.878500e+00	6.300000e+01
  6879	6.879500e+00	5.000000e+01
  6880	6.880500e+00	6.400000e+01
  6881	6.881500e+00	5.100000e+01
  6882	6.882500e+00	5.800000e+01
  6883	6.883500e+00	5.400000e+01
  6884	6.884500e+00	5.200000e+01
  6885	6.885500e+00	6.800000e+01
  6886	6.886500e+00	5.900000e+01
  6887	6.887500e+00	6.100000e+01
  6888	6.888500e+00	5.600000e+01
  6889	6.889500e+00	5.200000e+01
  6890	6.890500e+00	5.600000e+01
  6891	6.891500e+00	6.000000e+01
  6892	6.892500e+00	4.800000e+01
  6893	6.893500e+00	4.300000e+01
  6894	6.894500e+00	7.100000e+01
  6895	6.895500e+00	5.100000e+01
  6896	6.896500e+00	5.700000e+01
  6897	6.897500e+00	4.900000e+01
  6898	6.898500e+00	4.800000e+01
  6899	6.899500e+00	5.000000e+01
  6900	6.900500e+00	7.100000e+01
  6901	6.901500e+00	5.700000e+01
  6902	6.902500e+00	5.200000e+01
  6903	6.903500e+00	4.300000e+01
  6904	6.904500e+00	6.800000e+01
  6905	6.905500e+00	5.300000e+01
  6906	6.906500e+00	6.200000e+01
  6907	6.907500e+00	7.500000e+01
  6908	6.908500e+00	5.800000e+01
  6909	6.909500e+00	4.700000e+01
  6910	6.910500e+00	6.600000e+01
  6911	6.911500e+00	5.100000e+01
  6912	6.912500e+00	7.400000e+01
  6913	6.913500e+00	4.500000e+01
  6914	6.914500e+00	4.600000e+01
  6915	6.915500e+00	7.000000e+01
  6916	6.916500e+00	6.600000e+01
  6917	6.917500e+00	6.300000e+01
  6918	6.918500e+00	4.000000e+01
  6919	6.919500e+00	5.500000e+01
  6920	6.920500e+00	6.100000e+01
  6921	6.921500e+00	5.700000e+01
  6922	6.922500e+00	4.700000e+01
  6923	6.923500e+00	5.200000e+01
  6924	6.924500e+00	6.400000e+01
  6925	6.925500e+00	4.900000e+01
  6926	6.926500e+00	4.300000e+01
  6927	6.927500e+00	5.500000e+01
  6928	6.928500e+00	7.300000e+01
  6929	6.929500e+00	6.000000e+01
  6930	6.930500e+00	6.500000e+01
  6931	6.931500e+00	5.100000e+01
  6932	6.932500e+00	6.900000e+01
  6933	6.933500e+00	5.800000e+01
  6934	6.934500e+00	5.200000e+01
  6935	6.935500e+00	6.000000e+01
  6936	6.936500e+00	6.200000e+01
  6937	6.937500e+00	4.600000e+01
  6938	6.938500e+00	5.100000e+01
  6939	6.939500e+00	7.600000e+01
  6940	6.940500e+00	6.400000e+01
  6941	6.941500e+00	5.600000e+01
  6942	6.942500e+00	5.000000e+01
  6943	6.943500e+00	5.200000e+01
  6944	6.944500e+00	5.800000e+01
  6945	6.945500e+00	6.200000e+01
  6946	6.946500e+00	5.500000e+01
  6947	6.947500e+00	7.400000e+01
  6948	6.948500e+00	6.900000e+01
  6949	6.949500e+00	5.700000e+01
  6950	6.950500e+00	6.600000e+01
  6951	6.951500e+00	5.800000e+01
  6952	6.952500e+00	4.800000e+01
  6953	6.953500e+00	6.500000e+01
  6954	6.954500e+00	5.700000e+01
  6955	6.955500e+00	4.900000e+01
  6956	6.956500e+00	5.600000e+01
  6957	6.957500e+00	6.200000e+01
  6958	6.958500e+00	5.400000e+01
  6959	6.959500e+00	5.000000e+01
  6960	6.960500e+00	4.800000e+01
  6961	6.961500e+00	4.600000e+01
  6962	6.962500e+00	6.700000e+01
  6963	6.963500e+00	5.400000e+01
  6964	6.964500e+00	5.600000e+01
  6965	6.965500e+00	4.600000e+01
  6966	6.966500e+00	6.100000e+01
  6967	6.967500e+00	5.400000e+01
  6968	6.968500e+00	7.000000e+01
  6969	6.969500e+00	5.400000e+01
  6970	6.970500e+00	6.500000e+01
  6971	6.971500e+00	5.500000e+01
  6972	6.972500e+00	5.300000e+01
  6973	6.973500e+00	6.100000e+01
  6974	6.974500e+00	5.500000e+01
  6975	6.975500e+00	7.000000e+01
  6976	6.976500e+00	5.400000e+01
  6977	6.977500e+00	6.400000e+01
  6978	6.978500e+00	6.000000e+01
  6979	6.979500e+00	4.600000e+01
  6980	6.980500e+00	7.300000e+01
  6981	6.981500e+00	5.200000e+01
  6982	6.982500e+00	7.000000e+01
  6983	6.983500e+00	5.400000e+01
  6984	6.984500e+00	5.600000e+01
  6985	6.985500e+00	5.900000e+01
  6986	6.986500e+00	5.300000e+01
  6987	6.987500e+00	5.900000e+01
  6988	6.988500e+00	6.100000e+01
  6989	6.989500e+00	6.100000e+01
  6990	6.990500e+00	6.900000e+01
  6991	6.991500e+00	5.500000e+01
  6992	6.992500e+00	6.100000e+01
  6993	6.993500e+00	6.400000e+01
  6994	6.994500e+00	6.600000e+01
  6995	6.995500e+00	6.900000e+01
  6996	6.996500e+00	7.800000e+01
  6997	6.997500e+00	6.200000e+01
  6998	6.998500e+00	6.500000e+01
  6999	6.999500e+00	6.700000e+01
  7000	7.000500e+00	7.500000e+01
  7001	7.001500e+00	4.600000e+01
  7002	7.002500e+00	4.900000e+01
  7003	7.003500e+00	5.900000e+01
  7004	7.004500e+00	6.400000e+01
  7005	7.005500e+00	5.900000e+01
  7006	7.006500e+00	5.200000e+01
  7007	7.007500e+00	6.100000e+01
  7008	7.008500e+00	4.800000e+01
  7009	7.009500e+00	5.100000e+01
  7010	7.010500e+00	5.800000e+01
  7011	7.011500e+00	5.200000e+01
  7012	7.012500e+00	4.700000e+01
  7013	7.013500e+00	5.500000e+01
  7014	7.014500e+00	6.200000e+01
  7015	7.015500e+00	4.200000e+01
  7016	7.016500e+00	6.100000e+01
  7017	7.017500e+00	6.300000e+01
  7018	7.018500e+00	6.900000e+01
  7019	7.019500e+00	5.200000e+01
  7020	7.020500e+00	4.800000e+01
  7021	7.021500e+00	5.100000e+01
  7022	7.022500e+00	6.300000e+01
  7023	7.023500e+00	5.900000e+01
  7024	7.024500e+00	6.400000e+01
  7025	7.025500e+00	5.700000e+01
  7026	7.026500e+00	5.500000e+01
  7027	7.027500e+00	5.800000e+01
  7028	7.028500e+00	5.100000e+01
  7029	7.029500e+00	5.100000e+01
  7030	7.030500e+00	4.700000e+01
  7031	7.031500e+00	6.100000e+01
  7032	7.032500e+00	5.700000e+01
  7033	7.033500e+00	6.400000e+01
  7034	7.034500e+00	5.400000e+01
  7035	7.035500e+00	5.400000e+01
  7036	7.036500e+00	5.100000e+01
  7037	7.037500e+00	6.700000e+01
  7038	7.038500e+00	5.300000e+01
  7039	7.039500e+00	5.400000e+01
  7040	7.040500e+00	5.700000e+01
  7041	7.041500e+00	6.800000e+01
  7042	7.042500e+00	5.700000e+01
  7043	7.043500e+00	5.400000e+01
  7044	7.044500e+00	4.300000e+01
  7045	7.045500e+00	5.900000e+01
  7046	7.046500e+00	5.500000e+01
  7047	7.047500e+00	4.300000e+01
  7048	7.048500e+00	4.200000e+01
  7049	7.049500e+00	5.200000e+01
  7050	7.050500e+00	5.600000e+01
  7051	7.051500e+00	4.400000e+01
  7052	7.052500e+00	5.400000e+01
  7053	7.053500e+00	6.000000e+01
  7054	7.054500e+00	5.400000e+01
  7055	7.055500e+00	6.700000e+01
  7056	7.056500e+00	5.800000e+01
  7057	7.057500e+00	5.700000e+01
  7058	7.058500e+00	5.100000e+01
  7059	7.059500e+00	7.300000e+01
  7060	7.060500e+00	4.800000e+01
  7061	7.061500e+00	5.700000e+01
  7062	7.062500e+00	5.300000e+01
  7063	7.063500e+00	6.900000e+01
  7064	7.064500e+00	5.300000e+01
  7065	7.065500e+00	6.500000e+01
  7066	7.066500e+00	5.500000e+01
  7067	7.067500e+00	5.000000e+01
  7068	7.068500e+00	5.800000e+01
  7069	7.069500e+00	6.700000e+01
  7070	7.070500e+00	4.900000e+01
  7071	7.071500e+00	4.800000e+01
  7072	7.072500e+00	5.700000e+01
  7073	7.073500e+00	5.800000e+01
  7074	7.074500e+00	5.400000e+01
  7075	7.075500e+00	6.000000e+01
  7076	7.076500e+00	6.000000e+01
  7077	7.077500e+00	4.900000e+01
  7078	7.078500e+00	4.400000e+01
  7079	7.079500e+00	5.600000e+01
  7080	7.080500e+00	5.600000e+01
  7081	7.081500e+00	5.900000e+01
  7082	7.082500e+00	6.100000e+01
  7083	7.083500e+00	7.900000e+01
  7084	7.084500e+00	4.500000e+01
  7085	7.085500e+00	5.800000e+01
  7086	7.086500e+00	5.500000e+01
  7087	7.087500e+00	5.400000e+01
  7088	7.088500e+00	5.700000e+01
  7089	7.089500e+00	5.500000e+01
  7090	7.090500e+00	4.500000e+01
  7091	7.091500e+00	5.100000e+01
  7092	7.092500e+00	5.900000e+01
  7093	7.093500e+00	5.000000e+01
  7094	7.094500e+00	4.900000e+01
  7095	7.095500e+00	4.400000e+01
  7096	7.096500e+00	5.500000e+01
  7097	7.097500e+00	4.400000e+01
  7098	7.098500e+00	6.100000e+01
  7099	7.099500e+00	6.100000e+01
  7100	7.100500e+00	4.700000e+01
  7101	7.101500e+00	5.000000e+01
  7102	7.102500e+00	5.000000e+01
  7103	7.103500e+00	5.900000e+01
  7104	7.104500e+00	5.600000e+01
  7105	7.105500e+00	7.200000e+01
  7106	7.106500e+00	7.000000e+01
  7107	7.107500e+00	4.900000e+01
  7108	7.108500e+00	5.000000e+01
  7109	7.109500e+00	5.800000e+01
  7110	7.110500e+00	5.700000e+01
  7111	7.111500e+00	5.900000e+01
  7112	7.112500e+00	4.500000e+01
  7113	7.113500e+00	4.400000e+01
  7114	7.114500e+00	5.500000e+01
  7115	7.115500e+00	5.600000e+01
  7116	7.116500e+00	4.500000e+01
  7117	7.117500e+00	5.400000e+01
  7118	7.118500e+00	5.400000e+01
  7119	7.119500e+00	5.200000e+01
  7120	7.120500e+00	5.300000e+01
  7121	7.121500e+00	6.100000e+01
  7122	7.122500e+00	5.200000e+01
  7123	7.123500e+00	6.000000e+01
  7124	7.124500e+00	6.100000e+01
  7125	7.125500e+00	4.700000e+01
  7126	7.126500e+00	6.300000e+01
  7127	7.127500e+00	5.800000e+01
  7128	7.128500e+00	5.900000e+01
  7129	7.129500e+00	5.000000e+01
  7130	7.130500e+00	5.500000e+01
  7131	7.131500e+00	6.100000e+01
  7132	7.132500e+00	5.000000e+01
  7133	7.133500e+00	5.100000e+01
  7134	7.134500e+00	5.500000e+01
  7135	7.135500e+00	5.700000e+01
  7136	7.136500e+00	6.100000e+01
  7137	7.137500e+00	6.200000e+01
  7138	7.138500e+00	5.200000e+01
  7139	7.139500e+00	5.600000e+01
  7140	7.140500e+00	5.400000e+01
  7141	7.141500e+00	5.400000e+01
  7142	7.142500e+00	5.400000e+01
  7143	7.143500e+00	6.300000e+01
  7144	7.144500e+00	5.100000e+01
  7145	7.145500e+00	5.200000e+01
  7146	7.146500e+00	3.700000e+01
  7147	7.147500e+00	5.000000e+01
  7148	7.148500e+00	6.700000e+01
  7149	7.149500e+00	5.700000e+01
  7150	7.150500e+00	6.400000e+01
  7151	7.151500e+00	5.500000e+01
  7152	7.152500e+00	5.200000e+01
  7153	7.153500e+00	6.200000e+01
  7154	7.154500e+00	6.200000e+01
  7155	7.155500e+00	5.100000e+01
  7156	7.156500e+00	5.700000e+01
  7157	7.157500e+00	5.900000e+01
  7158	7.158500e+00	6.400000e+01
  7159	7.159500e+00	5.000000e+01
  7160	7.160500e+00	5.900000e+01
  7161	7.161500e+00	4.900000e+01
  7162	7.162500e+00	5.900000e+01
  7163	7.163500e+00	6.300000e+01
  7164	7.164500e+00	5.400000e+01
  7165	7.165500e+00	6.300000e+01
  7166	7.166500e+00	5.000000e+01
  7167	7.167500e+00	6.900000e+01
  7168	7.168500e+00	6.900000e+01
  7169	7.169500e+00	5.300000e+01
  7170	7.170500e+00	6.200000e+01
  7171	7.171500e+00	5.800000e+01
  7172	7.172500e+00	6.400000e+01
  7173	7.173500e+00	5.500000e+01
  7174	7.174500e+00	5.800000e+01
  7175	7.175500e+00	5.900000e+01
  7176	7.176500e+00	5.300000e+01
  7177	7.177500e+00	4.300000e+01
  7178	7.178500e+00	6.100000e+01
  7179	7.179500e+00	4.500000e+01
  7180	7.180500e+00	5.300000e+01
  7181	7.181500e+00	5.800000e+01
  7182	7.182500e+00	4.200000e+01
  7183	7.183500e+00	4.200000e+01
  7184	7.184500e+00	4.800000e+01
  7185	7.185500e+00	5.100000e+01
  7186	7.186500e+00	5.200000e+01
  7187	7.187500e+00	4.500000e+01
  7188	7.188500e+00	4.300000e+01
  7189	7.189500e+00	4.700000e+01
  7190	7.190500e+00	5.500000e+01
  7191	7.191500e+00	4.100000e+01
  7192	7.192500e+00	5.600000e+01
  7193	7.193500e+00	5.400000e+01
  7194	7.194500e+00	7.200000e+01
  7195	7.195500e+00	5.300000e+01
  7196	7.196500e+00	5.000000e+01
  7197	7.197500e+00	5.100000e+01
  7198	7.198500e+00	5.300000e+01
  7199	7.199500e+00	5.400000e+01
  7200	7.200500e+00	6.000000e+01
  7201	7.201500e+00	5.200000e+01
  7202	7.202500e+00	5.900000e+01
  7203	7.203500e+00	4.700000e+01
  7204	7.204500e+00	5.700000e+01
  7205	7.205500e+00	4.900000e+01
  7206	7.206500e+00	6.600000e+01
  7207	7.207500e+00	4.600000e+01
  7208	7.208500e+00	5.800000e+01
  7209	7.209500e+00	5.300000e+01
  7210	7.210500e+00	6.700000e+01
  7211	7.211500e+00	6.700000e+01
  7212	7.212500e+00	5.800000e+01
  7213	7.213500e+00	5.800000e+01
  7214	7.214500e+00	4.200000e+01
  7215	7.215500e+00	5.800000e+01
  7216	7.216500e+00	5.700000e+01
  7217	7.217500e+00	6.200000e+01
  7218	7.218500e+00	4.800000e+01
  7219	7.219500e+00	5.000000e+01
  7220	7.220500e+00	5.000000e+01
  7221	7.221500e+00	5.500000e+01
  7222	7.222500e+00	5.300000e+01
  7223	7.223500e+00	6.000000e+01
  7224	7.224500e+00	6.000000e+01
  7225	7.225500e+00	4.300000e+01
  7226	7.226500e+00	5.500000e+01
  7227	7.227500e+00	5.800000e+01
  7228	7.228500e+00	5.300000e+01
  7229	7.229500e+00	5.900000e+01
  7230	7.230500e+00	5.900000e+01
  7231	7.231500e+00	6.000000e+01
  7232	7.232500e+00	5.000000e+01
  7233	7.233500e+00	5.700000e+01
  7234	7.234500e+00	3.900000e+01
  7235	7.235500e+00	4.900000e+01
  7236	7.236500e+00	5.300000e+01
  7237	7.237500e+00	5.000000e+01
  7238	7.238500e+00	7.200000e+01
  7239	7.239500e+00	4.300000e+01
  7240	7.240500e+00	5.900000e+01
  7241	7.241500e+00	6.400000e+01
  7242	7.242500e+00	6.500000e+01
  7243	7.243500e+00	4.300000e+01
  7244	7.244500e+00	5.200000e+01
  7245	7.245500e+00	7.100000e+01
  7246	7.246500e+00	6.400000e+01
  7247	7.247500e+00	4.400000e+01
  7248	7.248500e+00	5.900000e+01
  7249	7.249500e+00	5.700000e+01
  7250	7.250500e+00	4.500000e+01
  7251	7.251500e+00	5.300000e+01
  7252	7.252500e+00	5.400000e+01
  7253	7.253500e+00	5.500000e+01
  7254	7.254500e+00	6.400000e+01
  7255	7.255500e+00	5.800000e+01
  7256	7.256500e+00	6.500000e+01
  7257	7.257500e+00	5.600000e+01
  7258	7.258500e+00	6.800000e+01
  7259	7.259500e+00	4.700000e+01
  7260	7.260500e+00	4.800000e+01
  7261	7.261500e+00	5.600000e+01
  7262	7.262500e+00	4.600000e+01
  7263	7.263500e+00	4.500000e+01
  7264	7.264500e+00	5.700000e+01
  7265	7.265500e+00	4.300000e+01
  7266	7.266500e+00	5.000000e+01
  7267	7.267500e+00	5.500000e+01
  7268	7.268500e+00	6.000000e+01
  7269	7.269500e+00	5.200000e+01
  7270	7.270500e+00	5.400000e+01
  7271	7.271500e+00	5.800000e+01
  7272	7.272500e+00	5.600000e+01
  7273	7.273500e+00	5.600000e+01
  7274	7.274500e+00	6.900000e+01
  7275	7.275500e+00	4.800000e+01
  7276	7.276500e+00	4.800000e+01
  7277	7.277500e+00	5.000000e+01
  7278	7.278500e+00	6.500000e+01
  7279	7.279500e+00	4.700000e+01
  7280	7.280500e+00	3.500000e+01
  7281	7.281500e+00	5.000000e+01
  7282	7.282500e+00	6.000000e+01
  7283	7.283500e+00	5.800000e+01
  7284	7.284500e+00	6.800000e+01
  7285	7.285500e+00	6.200000e+01
  7286	7.286500e+00	5.800000e+01
  7287	7.287500e+00	5.500000e+01
  7288	7.288500e+00	4.900000e+01
  7289	7.289500e+00	5.700000e+01
  7290	7.290500e+00	5.000000e+01
  7291	7.291500e+00	6.200000e+01
  7292	7.292500e+00	7.200000e+01
  7293	7.293500e+00	4.100000e+01
  7294	7.294500e+00	6.300000e+01
  7295	7.295500e+00	6.500000e+01
  7296	7.296500e+00	5.600000e+01
  7297	7.297500e+00	6.500000e+01
  7298	7.298500e+00	6.000000e+01
  7299	7.299500e+00	6.200000e+01
  7300	7.300500e+00	5.700000e+01
  7301	7.301500e+00	5.200000e+01
  7302	7.302500e+00	5.400000e+01
  7303	7.303500e+00	5.400000e+01
  7304	7.304500e+00	6.100000e+01
  7305	7.305500e+00	5.400000e+01
  7306	7.306500e+00	6.200000e+01
  7307	7.307500e+00	5.900000e+01
  7308	7.308500e+00	4.800000e+01
  7309	7.309500e+00	4.900000e+01
  7310	7.310500e+00	4.800000e+01
  7311	7.311500e+00	4.800000e+01
  7312	7.312500e+00	5.400000e+01
  7313	7.313500e+00	5.800000e+01
  7314	7.314500e+00	4.700000e+01
  7315	7.315500e+00	4.700000e+01
  7316	7.316500e+00	4.000000e+01
  7317	7.317500e+00	6.800000e+01
  7318	7.318500e+00	5.200000e+01
  7319	7.319500e+00	5.500000e+01
  7320	7.320500e+00	5.900000e+01
  7321	7.321500e+00	5.700000e+01
  7322	7.322500e+00	5.200000e+01
  7323	7.323500e+00	4.800000e+01
  7324	7.324500e+00	6.300000e+01
  7325	7.325500e+00	4.100000e+01
  7326	7.326500e+00	5.100000e+01
  7327	7.327500e+00	4.500000e+01
  7328	7.328500e+00	6.300000e+01
  7329	7.329500e+00	5.800000e+01
  7330	7.330500e+00	4.400000e+01
  7331	7.331500e+00	5.000000e+01
  7332	7.332500e+00	5.000000e+01
  7333	7.333500e+00	5.200000e+01
  7334	7.334500e+00	5.200000e+01
  7335	7.335500e+00	4.800000e+01
  7336	7.336500e+00	4.900000e+01
  7337	7.337500e+00	5.900000e+01
  7338	7.338500e+00	5.200000e+01
  7339	7.339500e+00	5.500000e+01
  7340	7.340500e+00	4.900000e+01
  7341	7.341500e+00	5.100000e+01
  7342	7.342500e+00	4.800000e+01
  7343	7.343500e+00	5.400000e+01
  7344	7.344500e+00	4.700000e+01
  7345	7.345500e+00	4.800000e+01
  7346	7.346500e+00	4.300000e+01
  7347	7.347500e+00	6.000000e+01
  7348	7.348500e+00	5.200000e+01
  7349	7.349500e+00	4.900000e+01
  7350	7.350500e+00	6.100000e+01
  7351	7.351500e+00	6.300000e+01
  7352	7.352500e+00	5.800000e+01
  7353	7.353500e+00	6.100000e+01
  7354	7.354500e+00	5.700000e+01
  7355	7.355500e+00	5.400000e+01
  7356	7.356500e+00	4.400000e+01
  7357	7.357500e+00	4.900000e+01
  7358	7.358500e+00	5.800000e+01
  7359	7.359500e+00	5.900000e+01
  7360	7.360500e+00	4.600000e+01
  7361	7.361500e+00	5.700000e+01
  7362	7.362500e+00	5.700000e+01
  7363	7.363500e+00	5.300000e+01
  7364	7.364500e+00	5.300000e+01
  7365	7.365500e+00	5.200000e+01
  7366	7.366500e+00	5.300000e+01
  7367	7.367500e+00	5.300000e+01
  7368	7.368500e+00	5.000000e+01
  7369	7.369500e+00	6.000000e+01
  7370	7.370500e+00	4.900000e+01
  7371	7.371500e+00	6.800000e+01
  7372	7.372500e+00	5.300000e+01
  7373	7.373500e+00	4.000000e+01
  7374	7.374500e+00	6.500000e+01
  7375	7.375500e+00	5.200000e+01
  7376	7.376500e+00	6.000000e+01
  7377	7.377500e+00	4.600000e+01
  7378	7.378500e+00	5.400000e+01
  7379	7.379500e+00	6.000000e+01
  7380	7.380500e+00	6.600000e+01
  7381	7.381500e+00	6.300000e+01
  7382	7.382500e+00	5.100000e+01
  7383	7.383500e+00	4.900000e+01
  7384	7.384500e+00	4.700000e+01
  7385	7.385500e+00	5.400000e+01
  7386	7.386500e+00	6.200000e+01
  7387	7.387500e+00	5.900000e+01
  7388	7.388500e+00	6.700000e+01
  7389	7.389500e+00	4.900000e+01
  7390	7.390500e+00	6.200000e+01
  7391	7.391500e+00	5.500000e+01
  7392	7.392500e+00	4.600000e+01
  7393	7.393500e+00	4.500000e+01
  7394	7.394500e+00	5.000000e+01
  7395	7.395500e+00	4.800000e+01
  7396	7.396500e+00	4.800000e+01
  7397	7.397500e+00	4.700000e+01
  7398	7.398500e+00	5.100000e+01
  7399	7.399500e+00	4.500000e+01
  7400	7.400500e+00	5.300000e+01
  7401	7.401500e+00	5.700000e+01
  7402	7.402500e+00	4.600000e+01
  7403	7.403500e+00	6.100000e+01
  7404	7.404500e+00	6.000000e+01
  7405	7.405500e+00	4.700000e+01
  7406	7.406500e+00	4.600000e+01
  7407	7.407500e+00	5.200000e+01
  7408	7.408500e+00	5.200000e+01
  7409	7.409500e+00	5.200000e+01
  7410	7.410500e+00	6.000000e+01
  7411	7.411500e+00	5.200000e+01
  7412	7.412500e+00	3.900000e+01
  7413	7.413500e+00	5.600000e+01
  7414	7.414500e+00	5.600000e+01
  7415	7.415500e+00	6.200000e+01
  7416	7.416500e+00	4.700000e+01
  7417	7.417500e+00	6.400000e+01
  7418	7.418500e+00	5.800000e+01
  7419	7.419500e+00	5.500000e+01
  7420	7.420500e+00	4.600000e+01
  7421	7.421500e+00	4.500000e+01
  7422	7.422500e+00	5.900000e+01
  7423	7.423500e+00	5.500000e+01
  7424	7.424500e+00	6.000000e+01
  7425	7.425500e+00	5.600000e+01
  7426	7.426500e+00	5.200000e+01
  7427	7.427500e+00	4.900000e+01
  7428	7.428500e+00	5.600000e+01
  7429	7.429500e+00	3.800000e+01
  7430	7.430500e+00	4.200000e+01
  7431	7.431500e+00	5.700000e+01
  7432	7.432500e+00	4.200000e+01
  7433	7.433500e+00	4.400000e+01
  7434	7.434500e+00	4.900000e+01
  7435	7.435500e+00	4.500000e+01
  7436	7.436500e+00	5.600000e+01
  7437	7.437500e+00	6.100000e+01
  7438	7.438500e+00	5.600000e+01
  7439	7.439500e+00	6.100000e+01
  7440	7.440500e+00	4.700000e+01
  7441	7.441500e+00	6.100000e+01
  7442	7.442500e+00	4.100000e+01
  7443	7.443500e+00	5.100000e+01
  7444	7.444500e+00	5.400000e+01
  7445	7.445500e+00	5.300000e+01
  7446	7.446500e+00	5.600000e+01
  7447	7.447500e+00	5.300000e+01
  7448	7.448500e+00	7.100000e+01
  7449	7.449500e+00	4.100000e+01
  7450	7.450500e+00	5.400000e+01
  7451	7.451500e+00	5.200000e+01
  7452	7.452500e+00	4.500000e+01
  7453	7.453500e+00	6.300000e+01
  7454	7.454500e+00	6.500000e+01
  7455	7.455500e+00	4.900000e+01
  7456	7.456500e+00	5.000000e+01
  7457	7.457500e+00	7.100000e+01
  7458	7.458500e+00	4.600000e+01
  7459	7.459500e+00	7.100000e+01
  7460	7.460500e+00	6.100000e+01
  7461	7.461500e+00	4.900000e+01
  7462	7.462500e+00	6.300000e+01
  7463	7.463500e+00	6.100000e+01
  7464	7.464500e+00	4.800000e+01
  7465	7.465500e+00	5.700000e+01
  7466	7.466500e+00	5.500000e+01
  7467	7.467500e+00	4.700000e+01
  7468	7.468500e+00	6.200000e+01
  7469	7.469500e+00	5.900000e+01
  7470	7.470500e+00	6.100000e+01
  7471	7.471500e+00	3.900000e+01
  7472	7.472500e+00	4.600000e+01
  7473	7.473500e+00	4.900000e+01
  7474	7.474500e+00	4.700000e+01
  7475	7.475500e+00	5.300000e+01
  7476	7.476500e+00	4.900000e+01
  7477	7.477500e+00	5.000000e+01
  7478	7.478500e+00	4.100000e+01
  7479	7.479500e+00	4.900000e+01
  7480	7.480500e+00	5.500000e+01
  7481	7.481500e+00	5.800000e+01
  7482	7.482500e+00	6.400000e+01
  7483	7.483500e+00	5.800000e+01
  7484	7.484500e+00	5.200000e+01
  7485	7.485500e+00	6.700000e+01
  7486	7.486500e+00	5.800000e+01
  7487	7.487500e+00	6.100000e+01
  7488	7.488500e+00	5.600000e+01
  7489	7.489500e+00	4.700000e+01
  7490	7.490500e+00	5.000000e+01
  7491	7.491500e+00	5.200000e+01
  7492	7.492500e+00	6.100000e+01
  7493	7.493500e+00	4.700000e+01
  7494	7.494500e+00	5.400000e+01
  7495	7.495500e+00	5.100000e+01
  7496	7.496500e+00	6.300000e+01
  7497	7.497500e+00	5.400000e+01
  7498	7.498500e+00	6.200000e+01
  7499	7.499500e+00	4.900000e+01
  7500	7.500500e+00	5.400000e+01
  7501	7.501500e+00	5.600000e+01
  7502	7.502500e+00	5.500000e+01
  7503	7.503500e+00	5.700000e+01
  7504	7.504500e+00	5.400000e+01
  7505	7.505500e+00	4.500000e+01
  7506	7.506500e+00	6.200000e+01
  7507	7.507500e+00	4.400000e+01
  7508	7.508500e+00	4.600000e+01
  7509	7.509500e+00	6.200000e+01
  7510	7.510500e+00	4.200000e+01
  7511	7.511500e+00	4.400000e+01
  7512	7.512500e+00	5.000000e+01
  7513	7.513500e+00	5.000000e+01
  7514	7.514500e+00	6.000000e+01
  7515	7.515500e+00	4.300000e+01
  7516	7.516500e+00	5.900000e+01
  7517	7.517500e+00	5.900000e+01
  7518	7.518500e+00	4.900000e+01
  7519	7.519500e+00	4.500000e+01
  7520	7.520500e+00	4.900000e+01
  7521	7.521500e+00	5.200000e+01
  7522	7.522500e+00	5.600000e+01
  7523	7.523500e+00	5.900000e+01
  7524	7.524500e+00	5.400000e+01
  7525	7.525500e+00	5.100000e+01
  7526	7.526500e+00	5.800000e+01
  7527	7.527500e+00	5.500000e+01
  7528	7.528500e+00	5.200000e+01
  7529	7.529500e+00	5.000000e+01
  7530	7.530500e+00	3.500000e+01
  7531	7.531500e+00	5.400000e+01
  7532	7.532500e+00	5.400000e+01
  7533	7.533500e+00	5.300000e+01
  7534	7.534500e+00	6.100000e+01
  7535	7.535500e+00	5.300000e+01
  7536	7.536500e+00	4.600000e+01
  7537	7.537500e+00	3.700000e+01
  7538	7.538500e+00	5.400000e+01
  7539	7.539500e+00	5.200000e+01
  7540	7.540500e+00	6.900000e+01
  7541	7.541500e+00	5.300000e+01
  7542	7.542500e+00	5.000000e+01
  7543	7.543500e+00	4.600000e+01
  7544	7.544500e+00	5.100000e+01
  7545	7.545500e+00	5.000000e+01
  7546	7.546500e+00	4.800000e+01
  7547	7.547500e+00	5.900000e+01
  7548	7.548500e+00	5.100000e+01
  7549	7.549500e+00	3.700000e+01
  7550	7.550500e+00	5.500000e+01
  7551	7.551500e+00	6.000000e+01
  7552	7.552500e+00	5.400000e+01
  7553	7.553500e+00	4.800000e+01
  7554	7.554500e+00	4.900000e+01
  7555	7.555500e+00	5.400000e+01
  7556	7.556500e+00	5.000000e+01
  7557	7.557500e+00	4.500000e+01
  7558	7.558500e+00	6.400000e+01
  7559	7.559500e+00	5.800000e+01
  7560	7.560500e+00	4.900000e+01
  7561	7.561500e+00	3.900000e+01
  7562	7.562500e+00	4.700000e+01
  7563	7.563500e+00	5.000000e+01
  7564	7.564500e+00	5.000000e+01
  7565	7.565500e+00	4.400000e+01
  7566	7.566500e+00	5.400000e+01
  7567	7.567500e+00	3.800000e+01
  7568	7.568500e+00	5.000000e+01
  7569	7.569500e+00	5.900000e+01
  7570	7.570500e+00	4.300000e+01
  7571	7.571500e+00	4.800000e+01
  7572	7.572500e+00	5.800000e+01
  7573	7.573500e+00	3.900000e+01
  7574	7.574500e+00	4.600000e+01
  7575	7.575500e+00	4.500000e+01
  7576	7.576500e+00	4.700000e+01
  7577	7.577500e+00	5.400000e+01
  7578	7.578500e+00	6.200000e+01
  7579	7.579500e+00	5.300000e+01
  7580	7.580500e+00	5.700000e+01
  7581	7.581500e+00	4.200000e+01
  7582	7.582500e+00	4.800000e+01
  7583	7.583500e+00	4.500000e+01
  7584	7.584500e+00	4.900000e+01
  7585	7.585500e+00	5.000000e+01
  7586	7.586500e+00	4.600000e+01
  7587	7.587500e+00	5.600000e+01
  7588	7.588500e+00	4.900000e+01
  7589	7.589500e+00	4.700000e+01
  7590	7.590500e+00	6.000000e+01
  7591	7.591500e+00	5.100000e+01
  7592	7.592500e+00	5.300000e+01
  7593	7.593500e+00	4.100000e+01
  7594	7.594500e+00	5.200000e+01
  7595	7.595500e+00	4.300000e+01
  7596	7.596500e+00	4.500000e+01
  7597	7.597500e+00	4.500000e+01
  7598	7.598500e+00	4.100000e+01
  7599	7.599500e+00	5.500000e+01
  7600	7.600500e+00	5.100000e+01
  7601	7.601500e+00	3.500000e+01
  7602	7.602500e+00	5.300000e+01
  7603	7.603500e+00	5.400000e+01
  7604	7.604500e+00	4.800000e+01
  7605	7.605500e+00	4.000000e+01
  7606	7.606500e+00	4.800000e+01
  7607	7.607500e+00	3.800000e+01
  7608	7.608500e+00	5.800000e+01
  7609	7.609500e+00	4.800000e+01
  7610	7.610500e+00	5.200000e+01
  7611	7.611500e+00	5.000000e+01
  7612	7.612500e+00	4.800000e+01
  7613	7.613500e+00	4.200000e+01
  7614	7.614500e+00	5.100000e+01
  7615	7.615500e+00	4.100000e+01
  7616	7.616500e+00	5.600000e+01
  7617	7.617500e+00	5.000000e+01
  7618	7.618500e+00	4.400000e+01
  7619	7.619500e+00	5.200000e+01
  7620	7.620500e+00	4.200000e+01
  7621	7.621500e+00	6.000000e+01
  7622	7.622500e+00	3.500000e+01
  7623	7.623500e+00	6.900000e+01
  7624	7.624500e+00	5.400000e+01
  7625	7.625500e+00	5.100000e+01
  7626	7.626500e+00	4.500000e+01
  7627	7.627500e+00	4.000000e+01
  7628	7.628500e+00	4.700000e+01
  7629	7.629500e+00	3.700000e+01
  7630	7.630500e+00	3.900000e+01
  7631	7.631500e+00	6.100000e+01
  7632	7.632500e+00	4.900000e+01
  7633	7.633500e+00	4.900000e+01
  7634	7.634500e+00	4.900000e+01
  7635	7.635500e+00	5.000000e+01
  7636	7.636500e+00	5.500000e+01
  7637	7.637500e+00	5.900000e+01
  7638	7.638500e+00	5.200000e+01
  7639	7.639500e+00	6.100000e+01
  7640	7.640500e+00	4.400000e+01
  7641	7.641500e+00	3.600000e+01
  7642	7.642500e+00	4.100000e+01
  7643	7.643500e+00	4.200000e+01
  7644	7.644500e+00	5.300000e+01
  7645	7.645500e+00	6.100000e+01
  7646	7.646500e+00	6.200000e+01
  7647	7.647500e+00	4.100000e+01
  7648	7.648500e+00	5.200000e+01
  7649	7.649500e+00	5.800000e+01
  7650	7.650500e+00	4.900000e+01
  7651	7.651500e+00	6.200000e+01
  7652	7.652500e+00	4.600000e+01
  7653	7.653500e+00	4.300000e+01
  7654	7.654500e+00	4.600000e+01
  7655	7.655500e+00	4.700000e+01
  7656	7.656500e+00	4.300000e+01
  7657	7.657500e+00	5.100000e+01
  7658	7.658500e+00	6.700000e+01
  7659	7.659500e+00	4.100000e+01
  7660	7.660500e+00	4.500000e+01
  7661	7.661500e+00	4.300000e+01
  7662	7.662500e+00	5.900000e+01
  7663	7.663500e+00	5.100000e+01
  7664	7.664500e+00	4.300000e+01
  7665	7.665500e+00	5.600000e+01
  7666	7.666500e+00	4.600000e+01
  7667	7.667500e+00	3.700000e+01
  7668	7.668500e+00	4.100000e+01
  7669	7.669500e+00	4.600000e+01
  7670	7.670500e+00	4.600000e+01
  7671	7.671500e+00	6.100000e+01
  7672	7.672500e+00	5.900000e+01
  7673	7.673500e+00	4.300000e+01
  7674	7.674500e+00	4.900000e+01
  7675	7.675500e+00	6.900000e+01
  7676	7.676500e+00	4.500000e+01
  7677	7.677500e+00	6.100000e+01
  7678	7.678500e+00	4.500000e+01
  7679	7.679500e+00	5.600000e+01
  7680	7.680500e+00	4.700000e+01
  7681	7.681500e+00	4.400000e+01
  7682	7.682500e+00	5.800000e+01
  7683	7.683500e+00	4.000000e+01
  7684	7.684500e+00	6.600000e+01
  7685	7.685500e+00	5.400000e+01
  7686	7.686500e+00	5.100000e+01
  7687	7.687500e+00	4.900000e+01
  7688	7.688500e+00	4.300000e+01
  7689	7.689500e+00	4.300000e+01
  7690	7.690500e+00	4.500000e+01
  7691	7.691500e+00	4.600000e+01
  7692	7.692500e+00	4.800000e+01
  7693	7.693500e+00	4.900000e+01
  7694	7.694500e+00	7.000000e+01
  7695	7.695500e+00	5.700000e+01
  7696	7.696500e+00	3.900000e+01
  7697	7.697500e+00	4.500000e+01
  7698	7.698500e+00	5.300000e+01
  7699	7.699500e+00	5.300000e+01
  7700	7.700500e+00	5.200000e+01
  7701	7.701500e+00	5.100000e+01
  7702	7.702500e+00	4.400000e+01
  7703	7.703500e+00	4.800000e+01
  7704	7.704500e+00	5.200000e+01
  7705	7.705500e+00	4.000000e+01
  7706	7.706500e+00	5.600000e+01
  7707	7.707500e+00	4.900000e+01
  7708	7.708500e+00	4.200000e+01
  7709	7.709500e+00	4.300000e+01
  7710	7.710500e+00	6.300000e+01
  7711	7.711500e+00	5.300000e+01
  7712	7.712500e+00	4.500000e+01
  7713	7.713500e+00	5.100000e+01
  7714	7.714500e+00	5.100000e+01
  7715	7.715500e+00	4.200000e+01
  7716	7.716500e+00	3.900000e+01
  7717	7.717500e+00	4.700000e+01
  7718	7.718500e+00	5.100000e+01
  7719	7.719500e+00	4.300000e+01
  7720	7.720500e+00	5.300000e+01
  7721	7.721500e+00	5.000000e+01
  7722	7.722500e+00	6.000000e+01
  7723	7.723500e+00	3.700000e+01
  7724	7.724500e+00	6.300000e+01
  7725	7.725500e+00	5.600000e+01
  7726	7.726500e+00	4.800000e+01
  7727	7.727500e+00	4.700000e+01
  7728	7.728500e+00	4.500000e+01
  7729	7.729500e+00	4.500000e+01
  7730	7.730500e+00	6.400000e+01
  7731	7.731500e+00	5.800000e+01
  7732	7.732500e+00	4.900000e+01
  7733	7.733500e+00	5.400000e+01
  7734	7.734500e+00	3.800000e+01
  7735	7.735500e+00	4.700000e+01
  7736	7.736500e+00	4.900000e+01
  7737	7.737500e+00	3.600000e+01
  7738	7.738500e+00	4.800000e+01
  7739	7.739500e+00	5.300000e+01
  7740	7.740500e+00	5.500000e+01
  7741	7.741500e+00	5.400000e+01
  7742	7.742500e+00	4.400000e+01
  7743	7.743500e+00	5.600000e+01
  7744	7.744500e+00	5.300000e+01
  7745	7.745500e+00	5.900000e+01
  7746	7.746500e+00	4.900000e+01
  7747	7.747500e+00	5.700000e+01
  7748	7.748500e+00	4.900000e+01
  7749	7.749500e+00	4.600000e+01
  7750	7.750500e+00	4.400000e+01
  7751	7.751500e+00	4.600000e+01
  7752	7.752500e+00	4.800000e+01
  7753	7.753500e+00	5.200000e+01
  7754	7.754500e+00	5.100000e+01
  7755	7.755500e+00	5.300000e+01
  7756	7.756500e+00	3.700000e+01
  7757	7.757500e+00	5.700000e+01
  7758	7.758500e+00	5.600000e+01
  7759	7.759500e+00	4.700000e+01
  7760	7.760500e+00	4.400000e+01
  7761	7.761500e+00	5.400000e+01
  7762	7.762500e+00	5.300000e+01
  7763	7.763500e+00	4.600000e+01
  7764	7.764500e+00	6.000000e+01
  7765	7.765500e+00	4.100000e+01
  7766	7.766500e+00	5.500000e+01
  7767	7.767500e+00	5.500000e+01
  7768	7.768500e+00	6.400000e+01
  7769	7.769500e+00	5.100000e+01
  7770	7.770500e+00	5.000000e+01
  7771	7.771500e+00	4.200000e+01
  7772	7.772500e+00	4.600000e+01
  7773	7.773500e+00	4.000000e+01
  7774	7.774500e+00	5.000000e+01
  7775	7.775500e+00	5.000000e+01
  7776	7.776500e+00	4.700000e+01
  7777	7.777500e+00	4.200000e+01
  7778	7.778500e+00	4.500000e+01
  7779	7.779500e+00	4.300000e+01
  7780	7.780500e+00	4.500000e+01
  7781	7.781500e+00	4.800000e+01
  7782	7.782500e+00	6.800000e+01
  7783	7.783500e+00	3.900000e+01
  7784	7.784500e+00	5.000000e+01
  7785	7.785500e+00	4.200000e+01
  7786	7.786500e+00	6.200000e+01
  7787	7.787500e+00	4.800000e+01
  7788	7.788500e+00	4.700000e+01
  7789	7.789500e+00	3.100000e+01
  7790	7.790500e+00	4.400000e+01
  7791	7.791500e+00	5.500000e+01
  7792	7.792500e+00	4.500000e+01
  7793	7.793500e+00	5.300000e+01
  7794	7.794500e+00	3.800000e+01
  7795	7.795500e+00	4.800000e+01
  7796	7.796500e+00	4.700000e+01
  7797	7.797500e+00	5.300000e+01
  7798	7.798500e+00	4.500000e+01
  7799	7.799500e+00	3.900000e+01
  7800	7.800500e+00	4.900000e+01
  7801	7.801500e+00	5.100000e+01
  7802	7.802500e+00	5.300000e+01
  7803	7.803500e+00	4.400000e+01
  7804	7.804500e+00	4.500000e+01
  7805	7.805500e+00	4.600000e+01
  7806	7.806500e+00	6.100000e+01
  7807	7.807500e+00	4.100000e+01
  7808	7.808500e+00	4.900000e+01
  7809	7.809500e+00	5.700000e+01
  7810	7.810500e+00	5.300000e+01
  7811	7.811500e+00	5.500000e+01
  7812	7.812500e+00	5.200000e+01
  7813	7.813500e+00	4.300000e+01
  7814	7.814500e+00	5.800000e+01
  7815	7.815500e+00	3.600000e+01
  7816	7.816500e+00	5.600000e+01
  7817	7.817500e+00	5.200000e+01
  7818	7.818500e+00	4.400000e+01
  7819	7.819500e+00	3.400000e+01
  7820	7.820500e+00	4.300000e+01
  7821	7.821500e+00	4.300000e+01
  7822	7.822500e+00	3.100000e+01
  7823	7.823500e+00	4.700000e+01
  7824	7.824500e+00	4.000000e+01
  7825	7.825500e+00	6.100000e+01
  7826	7.826500e+00	5.300000e+01
  7827	7.827500e+00	6.100000e+01
  7828	7.828500e+00	5.100000e+01
  7829	7.829500e+00	4.500000e+01
  7830	7.830500e+00	4.800000e+01
  7831	7.831500e+00	5.000000e+01
  7832	7.832500e+00	5.300000e+01
  7833	7.833500e+00	4.900000e+01
  7834	7.834500e+00	5.100000e+01
  7835	7.835500e+00	4.200000e+01
  7836	7.836500e+00	5.300000e+01
  7837	7.837500e+00	4.600000e+01
  7838	7.838500e+00	4.400000e+01
  7839	7.839500e+00	5.300000e+01
  7840	7.840500e+00	4.400000e+01
  7841	7.841500e+00	6.400000e+01
  7842	7.842500e+00	5.100000e+01
  7843	7.843500e+00	5.200000e+01
  7844	7.844500e+00	5.200000e+01
  7845	7.845500e+00	4.700000e+01
  7846	7.846500e+00	5.500000e+01
  7847	7.847500e+00	4.500000e+01
  7848	7.848500e+00	4.100000e+01
  7849	7.849500e+00	4.400000e+01
  7850	7.850500e+00	6.000000e+01
  7851	7.851500e+00	4.600000e+01
  7852	7.852500e+00	4.800000e+01
  7853	7.853500e+00	5.500000e+01
  7854	7.854500e+00	4.900000e+01
  7855	7.855500e+00	4.800000e+01
  7856	7.856500e+00	4.600000e+01
  7857	7.857500e+00	5.100000e+01
  7858	7.858500e+00	5.900000e+01
  7859	7.859500e+00	4.000000e+01
  7860	7.860500e+00	5.500000e+01
  7861	7.861500e+00	3.700000e+01
  7862	7.862500e+00	5.000000e+01
  7863	7.863500e+00	4.900000e+01
  7864	7.864500e+00	5.900000e+01
  7865	7.865500e+00	4.400000e+01
  7866	7.866500e+00	5.400000e+01
  7867	7.867500e+00	5.200000e+01
  7868	7.868500e+00	5.000000e+01
  7869	7.869500e+00	3.200000e+01
  7870	7.870500e+00	4.900000e+01
  7871	7.871500e+00	5.200000e+01
  7872	7.872500e+00	4.100000e+01
  7873	7.873500e+00	5.000000e+01
  7874	7.874500e+00	4.400000e+01
  7875	7.875500e+00	4.400000e+01
  7876	7.876500e+00	5.600000e+01
  7877	7.877500e+00	4.500000e+01
  7878	7.878500e+00	4.800000e+01
  7879	7.879500e+00	5.800000e+01
  7880	7.880500e+00	5.200000e+01
  7881	7.881500e+00	3.900000e+01
  7882	7.882500e+00	5.700000e+01
  7883	7.883500e+00	4.600000e+01
  7884	7.884500e+00	4.900000e+01
  7885	7.885500e+00	4.300000e+01
  7886	7.886500e+00	5.100000e+01
  7887	7.887500e+00	3.800000e+01
  7888	7.888500e+00	3.700000e+01
  7889	7.889500e+00	5.200000e+01
  7890	7.890500e+00	4.100000e+01
  7891	7.891500e+00	3.600000e+01
  7892	7.892500e+00	4.700000e+01
  7893	7.893500e+00	5.100000e+01
  7894	7.894500e+00	3.600000e+01
  7895	7.895500e+00	4.800000e+01
  7896	7.896500e+00	4.700000e+01
  7897	7.897500e+00	4.200000e+01
  7898	7.898500e+00	5.000000e+01
  7899	7.899500e+00	5.000000e+01
  7900	7.900500e+00	4.700000e+01
  7901	7.901500e+00	3.700000e+01
  7902	7.902500e+00	4.900000e+01
  7903	7.903500e+00	5.600000e+01
  7904	7.904500e+00	5.200000e+01
  7905	7.905500e+00	4.700000e+01
  7906	7.906500e+00	5.400000e+01
  7907	7.907500e+00	5.100000e+01
  7908	7.908500e+00	4.900000e+01
  7909	7.909500e+00	4.500000e+01
  7910	7.910500e+00	3.600000e+01
  7911	7.911500e+00	4.900000e+01
  7912	7.912500e+00	3.600000e+01
  7913	7.913500e+00	4.400000e+01
  7914	7.914500e+00	6.400000e+01
  7915	7.915500e+00	4.600000e+01
  7916	7.916500e+00	4.300000e+01
  7917	7.917500e+00	5.000000e+01
  7918	7.918500e+00	5.800000e+01
  7919	7.919500e+00	5.500000e+01
  7920	7.920500e+00	5.100000e+01
  7921	7.921500e+00	4.200000e+01
  7922	7.922500e+00	4.800000e+01
  7923	7.923500e+00	5.100000e+01
  7924	7.924500e+00	4.600000e+01
  7925	7.925500e+00	5.500000e+01
  7926	7.926500e+00	5.400000e+01
  7927	7.927500e+00	3.800000e+01
  7928	7.928500e+00	4.900000e+01
  7929	7.929500e+00	4.300000e+01
  7930	7.930500e+00	4.400000e+01
  7931	7.931500e+00	5.000000e+01
  7932	7.932500e+00	4.000000e+01
  7933	7.933500e+00	5.300000e+01
  7934	7.934500e+00	5.800000e+01
  7935	7.935500e+00	5.500000e+01
  7936	7.936500e+00	3.400000e+01
  7937	7.937500e+00	4.100000e+01
  7938	7.938500e+00	4.700000e+01
  7939	7.939500e+00	4.000000e+01
  7940	7.940500e+00	4.500000e+01
  7941	7.941500e+00	6.600000e+01
  7942	7.942500e+00	5.400000e+01
  7943	7.943500e+00	4.300000e+01
  7944	7.944500e+00	4.900000e+01
  7945	7.945500e+00	5.100000e+01
  7946	7.946500e+00	5.400000e+01
  7947	7.947500e+00	4.700000e+01
  7948	7.948500e+00	4.700000e+01
  7949	7.949500e+00	4.700000e+01
  7950	7.950500e+00	5.200000e+01
  7951	7.951500e+00	4.900000e+01
  7952	7.952500e+00	3.800000e+01
  7953	7.953500e+00	5.600000e+01
  7954	7.954500e+00	4.800000e+01
  7955	7.955500e+00	4.600000e+01
  7956	7.956500e+00	4.100000e+01
  7957	7.957500e+00	4.200000e+01
  7958	7.958500e+00	4.400000e+01
  7959	7.959500e+00	6.400000e+01
  7960	7.960500e+00	4.900000e+01
  7961	7.961500e+00	6.000000e+01
  7962	7.962500e+00	4.900000e+01
  7963	7.963500e+00	4.900000e+01
  7964	7.964500e+00	5.600000e+01
  7965	7.965500e+00	4.000000e+01
  7966	7.966500e+00	5.000000e+01
  7967	7.967500e+00	4.900000e+01
  7968	7.968500e+00	5.200000e+01
  7969	7.969500e+00	4.400000e+01
  7970	7.970500e+00	5.000000e+01
  7971	7.971500e+00	5.000000e+01
  7972	7.972500e+00	4.800000e+01
  7973	7.973500e+00	5.400000e+01
  7974	7.974500e+00	6.000000e+01
  7975	7.975500e+00	5.200000e+01
  7976	7.976500e+00	3.400000e+01
  7977	7.977500e+00	4.000000e+01
  7978	7.978500e+00	4.400000e+01
  7979	7.979500e+00	5.500000e+01
  7980	7.980500e+00	4.800000e+01
  7981	7.981500e+00	4.100000e+01
  7982	7.982500e+00	5.100000e+01
  7983	7.983500e+00	4.000000e+01
  7984	7.984500e+00	3.700000e+01
  7985	7.985500e+00	4.500000e+01
  7986	7.986500e+00	5.600000e+01
  7987	7.987500e+00	2.800000e+01
  7988	7.988500e+00	4.200000e+01
  7989	7.989500e+00	5.500000e+01
  7990	7.990500e+00	4.800000e+01
  7991	7.991500e+00	5.100000e+01
  7992	7.992500e+00	4.400000e+01
  7993	7.993500e+00	3.500000e+01
  7994	7.994500e+00	3.400000e+01
  7995	7.995500e+00	4.800000e+01
  7996	7.996500e+00	5.000000e+01
  7997	7.997500e+00	4.600000e+01
  7998	7.998500e+00	5.400000e+01
  7999	7.999500e+00	3.900000e+01
  8000	8.000500e+00	4.600000e+01
  8001	8.001500e+00	5.000000e+01
  8002	8.002500e+00	4.400000e+01
  8003	8.003500e+00	4.600000e+01
  8004	8.004500e+00	4.100000e+01
  8005	8.005500e+00	4.200000e+01
  8006	8.006500e+00	4.100000e+01
  8007	8.007500e+00	4.500000e+01
  8008	8.008500e+00	4.600000e+01
  8009	8.009500e+00	4.500000e+01
  8010	8.010500e+00	5.600000e+01
  8011	8.011500e+00	4.500000e+01
  8012	8.012500e+00	5.500000e+01
  8013	8.013500e+00	5.200000e+01
  8014	8.014500e+00	4.800000e+01
  8015	8.015500e+00	4.700000e+01
  8016	8.016500e+00	4.400000e+01
  8017	8.017500e+00	4.300000e+01
  8018	8.018500e+00	4.100000e+01
  8019	8.019500e+00	4.700000e+01
  8020	8.020500e+00	5.600000e+01
  8021	8.021500e+00	5.000000e+01
  8022	8.022500e+00	4.100000e+01
  8023	8.023500e+00	4.800000e+01
  8024	8.024500e+00	5.000000e+01
  8025	8.025500e+00	4.400000e+01
  8026	8.026500e+00	3.700000e+01
  8027	8.027500e+00	4.600000e+01
  8028	8.028500e+00	4.300000e+01
  8029	8.029500e+00	3.900000e+01
  8030	8.030500e+00	4.700000e+01
  8031	8.031500e+00	3.900000e+01
  8032	8.032500e+00	4.700000e+01
  8033	8.033500e+00	4.600000e+01
  8034	8.034500e+00	4.700000e+01
  8035	8.035500e+00	5.200000e+01
  8036	8.036500e+00	4.200000e+01
  8037	8.037500e+00	4.200000e+01
  8038	8.038500e+00	5.300000e+01
  8039	8.039500e+00	5.400000e+01
  8040	8.040500e+00	4.700000e+01
  8041	8.041500e+00	4.400000e+01
  8042	8.042500e+00	6.700000e+01
  8043	8.043500e+00	5.300000e+01
  8044	8.044500e+00	4.700000e+01
  8045	8.045500e+00	3.800000e+01
  8046	8.046500e+00	5.500000e+01
  8047	8.047500e+00	5.200000e+01
  8048	8.048500e+00	5.200000e+01
  8049	8.049500e+00	4.500000e+01
  8050	8.050500e+00	5.100000e+01
  8051	8.051500e+00	3.900000e+01
  8052	8.052500e+00	4.300000e+01
  8053	8.053500e+00	3.900000e+01
  8054	8.054500e+00	4.300000e+01
  8055	8.055500e+00	4.800000e+01
  8056	8.056500e+00	4.000000e+01
  8057	8.057500e+00	5.300000e+01
  8058	8.058500e+00	3.300000e+01
  8059	8.059500e+00	5.000000e+01
  8060	8.060500e+00	3.600000e+01
  8061	8.061500e+00	5.200000e+01
  8062	8.062500e+00	4.900000e+01
  8063	8.063500e+00	5.700000e+01
  8064	8.064500e+00	4.700000e+01
  8065	8.065500e+00	5.200000e+01
  8066	8.066500e+00	5.300000e+01
  8067	8.067500e+00	4.700000e+01
  8068	8.068500e+00	5.500000e+01
  8069	8.069500e+00	4.000000e+01
  8070	8.070500e+00	4.400000e+01
  8071	8.071500e+00	4.100000e+01
  8072	8.072500e+00	6.000000e+01
  8073	8.073500e+00	5.500000e+01
  8074	8.074500e+00	4.500000e+01
  8075	8.075500e+00	4.000000e+01
  8076	8.076500e+00	4.600000e+01
  8077	8.077500e+00	5.100000e+01
  8078	8.078500e+00	4.100000e+01
  8079	8.079500e+00	5.400000e+01
  8080	8.080500e+00	4.800000e+01
  8081	8.081500e+00	4.400000e+01
  8082	8.082500e+00	4.200000e+01
  8083	8.083500e+00	4.800000e+01
  8084	8.084500e+00	3.900000e+01
  8085	8.085500e+00	4.600000e+01
  8086	8.086500e+00	5.600000e+01
  8087	8.087500e+00	4.500000e+01
  8088	8.088500e+00	4.700000e+01
  8089	8.089500e+00	5.400000e+01
  8090	8.090500e+00	4.700000e+01
  8091	8.091500e+00	4.800000e+01
  8092	8.092500e+00	4.500000e+01
  8093	8.093500e+00	4.900000e+01
  8094	8.094500e+00	6.400000e+01
  8095	8.095500e+00	4.100000e+01
  8096	8.096500e+00	4.200000e+01
  8097	8.097500e+00	4.700000e+01
  8098	8.098500e+00	4.300000e+01
  8099	8.099500e+00	5.500000e+01
  8100	8.100500e+00	4.400000e+01
  8101	8.101500e+00	4.300000e+01
  8102	8.102500e+00	3.400000e+01
  8103	8.103500e+00	4.200000e+01
  8104	8.104500e+00	3.800000e+01
  8105	8.105500e+00	5.300000e+01
  8106	8.106500e+00	3.400000e+01
  8107	8.107500e+00	4.100000e+01
  8108	8.108500e+00	4.300000e+01
  8109	8.109500e+00	4.100000e+01
  8110	8.110500e+00	4.500000e+01
  8111	8.111500e+00	4.700000e+01
  8112	8.112500e+00	4.700000e+01
  8113	8.113500e+00	4.500000e+01
  8114	8.114500e+00	4.000000e+01
  8115	8.115500e+00	3.600000e+01
  8116	8.116500e+00	4.800000e+01
  8117	8.117500e+00	5.200000e+01
  8118	8.118500e+00	5.200000e+01
  8119	8.119500e+00	3.500000e+01
  8120	8.120500e+00	4.300000e+01
  8121	8.121500e+00	5.200000e+01
  8122	8.122500e+00	4.700000e+01
  8123	8.123500e+00	3.600000e+01
  8124	8.124500e+00	5.000000e+01
  8125	8.125500e+00	4.500000e+01
  8126	8.126500e+00	4.300000e+01
  8127	8.127500e+00	4.100000e+01
  8128	8.128500e+00	4.200000e+01
  8129	8.129500e+00	4.800000e+01
  8130	8.130500e+00	5.400000e+01
  8131	8.131500e+00	5.300000e+01
  8132	8.132500e+00	5.700000e+01
  8133	8.133500e+00	3.600000e+01
  8134	8.134500e+00	5.100000e+01
  8135	8.135500e+00	3.700000e+01
  8136	8.136500e+00	5.500000e+01
  8137	8.137500e+00	4.700000e+01
  8138	8.138500e+00	4.300000e+01
  8139	8.139500e+00	4.600000e+01
  8140	8.140500e+00	5.200000e+01
  8141	8.141500e+00	4.800000e+01
  8142	8.142500e+00	3.700000e+01
  8143	8.143500e+00	3.500000e+01
  8144	8.144500e+00	4.300000e+01
  8145	8.145500e+00	4.100000e+01
  8146	8.146500e+00	4.800000e+01
  8147	8.147500e+00	4.100000e+01
  8148	8.148500e+00	4.300000e+01
  8149	8.149500e+00	4.200000e+01
  8150	8.150500e+00	5.000000e+01
  8151	8.151500e+00	5.000000e+01
  8152	8.152500e+00	4.600000e+01
  8153	8.153500e+00	4.400000e+01
  8154	8.154500e+00	5.900000e+01
  8155	8.155500e+00	4.400000e+01
  8156	8.156500e+00	5.000000e+01
  8157	8.157500e+00	5.600000e+01
  8158	8.158500e+00	4.000000e+01
  8159	8.159500e+00	5.000000e+01
  8160	8.160500e+00	4.900000e+01
  8161	8.161500e+00	5.300000e+01
  8162	8.162500e+00	4.400000e+01
  8163	8.163500e+00	4.700000e+01
  8164	8.164500e+00	5.500000e+01
  8165	8.165500e+00	4.000000e+01
  8166	8.166500e+00	4.000000e+01
  8167	8.167500e+00	5.000000e+01
  8168	8.168500e+00	4.500000e+01
  8169	8.169500e+00	4.800000e+01
  8170	8.170500e+00	4.400000e+01
  8171	8.171500e+00	5.000000e+01
  8172	8.172500e+00	3.800000e+01
  8173	8.173500e+00	3.900000e+01
  8174	8.174500e+00	4.700000e+01
  8175	8.175500e+00	4.300000e+01
  8176	8.176500e+00	4.400000e+01
  8177	8.177500e+00	4.700000e+01
  8178	8.178500e+00	5.000000e+01
  8179	8.179500e+00	3.300000e+01
  8180	8.180500e+00	4.100000e+01
  8181	8.181500e+00	3.800000e+01
  8182	8.182500e+00	4.300000e+01
  8183	8.183500e+00	4.300000e+01
  8184	8.184500e+00	4.500000e+01
  8185	8.185500e+00	5.300000e+01
  8186	8.186500e+00	5.300000e+01
  8187	8.187500e+00	3.600000e+01
  8188	8.188500e+00	4.000000e+01
  8189	8.189500e+00	4.000000e+01
  8190	8.190500e+00	3.900000e+01
  8191	8.191500e+00	3.500000e+01
  8192	8.192500e+00	4.000000e+01
  8193	8.193500e+00	3.700000e+01
  8194	8.194500e+00	5.400000e+01
  8195	8.195500e+00	4.600000e+01
  8196	8.196500e+00	5.100000e+01
  8197	8.197500e+00	4.800000e+01
  8198	8.198500e+00	4.500000e+01
  8199	8.199500e+00	5.000000e+01
  8200	8.200500e+00	4.400000e+01
  8201	8.201500e+00	4.200000e+01
  8202	8.202500e+00	3.600000e+01
  8203	8.203500e+00	3.900000e+01
  8204	8.204500e+00	4.700000e+01
  8205	8.205500e+00	3.500000e+01
  8206	8.206500e+00	4.300000e+01
  8207	8.207500e+00	3.900000e+01
  8208	8.208500e+00	5.100000e+01
  8209	8.209500e+00	5.700000e+01
  8210	8.210500e+00	5.900000e+01
  8211	8.211500e+00	5.100000e+01
  8212	8.212500e+00	3.800000e+01
  8213	8.213500e+00	3.900000e+01
  8214	8.214500e+00	3.500000e+01
  8215	8.215500e+00	3.700000e+01
  8216	8.216500e+00	4.200000e+01
  8217	8.217500e+00	5.000000e+01
  8218	8.218500e+00	5.200000e+01
  8219	8.219500e+00	4.200000e+01
  8220	8.220500e+00	4.700000e+01
  8221	8.221500e+00	5.300000e+01
  8222	8.222500e+00	4.800000e+01
  8223	8.223500e+00	4.500000e+01
  8224	8.224500e+00	6.200000e+01
  8225	8.225500e+00	5.300000e+01
  8226	8.226500e+00	5.300000e+01
  8227	8.227500e+00	3.700000e+01
  8228	8.228500e+00	4.000000e+01
  8229	8.229500e+00	3.800000e+01
  8230	8.230500e+00	6.000000e+01
  8231	8.231500e+00	4.300000e+01
  8232	8.232500e+00	4.700000e+01
  8233	8.233500e+00	4.400000e+01
  8234	8.234500e+00	4.400000e+01
  8235	8.235500e+00	5.700000e+01
  8236	8.236500e+00	4.400000e+01
  8237	8.237500e+00	5.300000e+01
  8238	8.238500e+00	4.400000e+01
  8239	8.239500e+00	4.000000e+01
  8240	8.240500e+00	4.100000e+01
  8241	8.241500e+00	5.200000e+01
  8242	8.242500e+00	4.900000e+01
  8243	8.243500e+00	3.700000e+01
  8244	8.244500e+00	4.300000e+01
  8245	8.245500e+00	4.700000e+01
  8246	8.246500e+00	3.700000e+01
  8247	8.247500e+00	4.200000e+01
  8248	8.248500e+00	4.100000e+01
  8249	8.249500e+00	4.300000e+01
  8250	8.250500e+00	4.700000e+01
  8251	8.251500e+00	4.300000e+01
  8252	8.252500e+00	4.700000e+01
  8253	8.253500e+00	4.100000e+01
  8254	8.254500e+00	3.800000e+01
  8255	8.255500e+00	5.200000e+01
  8256	8.256500e+00	5.700000e+01
  8257	8.257500e+00	4.600000e+01
  8258	8.258500e+00	3.600000e+01
  8259	8.259500e+00	4.700000e+01
  8260	8.260500e+00	4.500000e+01
  8261	8.261500e+00	5.200000e+01
  8262	8.262500e+00	3.500000e+01
  8263	8.263500e+00	3.900000e+01
  8264	8.264500e+00	3.800000e+01
  8265	8.265500e+00	4.600000e+01
  8266	8.266500e+00	4.400000e+01
  8267	8.267500e+00	4.500000e+01
  8268	8.268500e+00	5.400000e+01
  8269	8.269500e+00	3.600000e+01
  8270	8.270500e+00	4.500000e+01
  8271	8.271500e+00	5.200000e+01
  8272	8.272500e+00	4.900000e+01
  8273	8.273500e+00	4.400000e+01
  8274	8.274500e+00	4.100000e+01
  8275	8.275500e+00	4.900000e+01
  8276	8.276500e+00	2.900000e+01
  8277	8.277500e+00	3.600000e+01
  8278	8.278500e+00	4.900000e+01
  8279	8.279500e+00	3.700000e+01
  8280	8.280500e+00	4.900000e+01
  8281	8.281500e+00	5.000000e+01
  8282	8.282500e+00	4.900000e+01
  8283	8.283500e+00	3.600000e+01
  8284	8.284500e+00	4.700000e+01
  8285	8.285500e+00	5.200000e+01
  8286	8.286500e+00	5.800000e+01
  8287	8.287500e+00	4.700000e+01
  8288	8.288500e+00	4.500000e+01
  8289	8.289500e+00	3.700000e+01
  8290	8.290500e+00	4.900000e+01
  8291	8.291500e+00	5.100000e+01
  8292	8.292500e+00	4.700000e+01
  8293	8.293500e+00	5.100000e+01
  8294	8.294500e+00	4.600000e+01
  8295	8.295500e+00	4.600000e+01
  8296	8.296500e+00	4.100000e+01
  8297	8.297500e+00	5.800000e+01
  8298	8.298500e+00	4.400000e+01
  8299	8.299500e+00	5.300000e+01
  8300	8.300500e+00	4.400000e+01
  8301	8.301500e+00	5.100000e+01
  8302	8.302500e+00	3.900000e+01
  8303	8.303500e+00	4.200000e+01
  8304	8.304500e+00	4.200000e+01
  8305	8.305500e+00	3.300000e+01
  8306	8.306500e+00	4.800000e+01
  8307	8.307500e+00	4.500000e+01
  8308	8.308500e+00	4.800000e+01
  8309	8.309500e+00	3.800000e+01
  8310	8.310500e+00	3.400000e+01
  8311	8.311500e+00	3.700000e+01
  8312	8.312500e+00	3.800000e+01
  8313	8.313500e+00	5.100000e+01
  8314	8.314500e+00	4.100000e+01
  8315	8.315500e+00	5.900000e+01
  8316	8.316500e+00	4.400000e+01
  8317	8.317500e+00	4.800000e+01
  8318	8.318500e+00	5.700000e+01
  8319	8.319500e+00	4.000000e+01
  8320	8.320500e+00	4.800000e+01
  8321	8.321500e+00	4.300000e+01
  8322	8.322500e+00	5.100000e+01
  8323	8.323500e+00	5.100000e+01
  8324	8.324500e+00	4.300000e+01
  8325	8.325500e+00	3.500000e+01
  8326	8.326500e+00	4.400000e+01
  8327	8.327500e+00	5.300000e+01
  8328	8.328500e+00	4.900000e+01
  8329	8.329500e+00	3.900000e+01
  8330	8.330500e+00	5.200000e+01
  8331	8.331500e+00	3.700000e+01
  8332	8.332500e+00	3.900000e+01
  8333	8.333500e+00	3.900000e+01
  8334	8.334500e+00	2.900000e+01
  8335	8.335500e+00	3.700000e+01
  8336	8.336500e+00	3.300000e+01
  8337	8.337500e+00	4.400000e+01
  8338	8.338500e+00	4.900000e+01
  8339	8.339500e+00	3.700000e+01
  8340	8.340500e+00	4.500000e+01
  8341	8.341500e+00	3.500000e+01
  8342	8.342500e+00	5.100000e+01
  8343	8.343500e+00	5.200000e+01
  8344	8.344500e+00	5.500000e+01
  8345	8.345500e+00	3.400000e+01
  8346	8.346500e+00	4.800000e+01
  8347	8.347500e+00	3.400000e+01
  8348	8.348500e+00	5.800000e+01
  8349	8.349500e+00	3.300000e+01
  8350	8.350500e+00	3.700000e+01
  8351	8.351500e+00	4.900000e+01
  8352	8.352500e+00	4.800000e+01
  8353	8.353500e+00	4.200000e+01
  8354	8.354500e+00	4.600000e+01
  8355	8.355500e+00	4.700000e+01
  8356	8.356500e+00	4.300000e+01
  8357	8.357500e+00	4.500000e+01
  8358	8.358500e+00	4.800000e+01
  8359	8.359500e+00	3.500000e+01
  8360	8.360500e+00	5.000000e+01
  8361	8.361500e+00	5.200000e+01
  8362	8.362500e+00	4.600000e+01
  8363	8.363500e+00	4.100000e+01
  8364	8.364500e+00	3.500000e+01
  8365	8.365500e+00	4.300000e+01
  8366	8.366500e+00	4.100000e+01
  8367	8.367500e+00	4.200000e+01
  8368	8.368500e+00	3.900000e+01
  8369	8.369500e+00	4.500000e+01
  8370	8.370500e+00	3.800000e+01
  8371	8.371500e+00	4.000000e+01
  8372	8.372500e+00	2.300000e+01
  8373	8.373500e+00	3.600000e+01
  8374	8.374500e+00	3.700000e+01
  8375	8.375500e+00	4.700000e+01
  8376	8.376500e+00	4.700000e+01
  8377	8.377500e+00	3.900000e+01
  8378	8.378500e+00	4.000000e+01
  8379	8.379500e+00	4.700000e+01
  8380	8.380500e+00	3.700000e+01
  8381	8.381500e+00	4.200000e+01
  8382	8.382500e+00	3.500000e+01
  8383	8.383500e+00	3.700000e+01
  8384	8.384500e+00	5.600000e+01
  8385	8.385500e+00	5.900000e+01
  8386	8.386500e+00	3.900000e+01
  8387	8.387500e+00	4.100000e+01
  8388	8.388500e+00	4.600000e+01
  8389	8.389500e+00	4.400000e+01
  8390	8.390500e+00	3.600000e+01
  8391	8.391500e+00	4.300000e+01
  8392	8.392500e+00	4.800000e+01
  8393	8.393500e+00	4.000000e+01
  8394	8.394500e+00	5.700000e+01
  8395	8.395500e+00	3.800000e+01
  8396	8.396500e+00	4.600000e+01
  8397	8.397500e+00	4.900000e+01
  8398	8.398500e+00	4.900000e+01
  8399	8.399500e+00	5.300000e+01
  8400	8.400500e+00	3.300000e+01
  8401	8.401500e+00	3.500000e+01
  8402	8.402500e+00	5.800000e+01
  8403	8.403500e+00	4.200000e+01
  8404	8.404500e+00	4.000000e+01
  8405	8.405500e+00	4.100000e+01
  8406	8.406500e+00	3.700000e+01
  8407	8.407500e+00	3.800000e+01
  8408	8.408500e+00	3.900000e+01
  8409	8.409500e+00	5.000000e+01
  8410	8.410500e+00	3.300000e+01
  8411	8.411500e+00	4.500000e+01
  8412	8.412500e+00	3.700000e+01
  8413	8.413500e+00	3.700000e+01
  8414	8.414500e+00	4.800000e+01
  8415	8.415500e+00	4.600000e+01
  8416	8.416500e+00	3.500000e+01
  8417	8.417500e+00	4.800000e+01
  8418	8.418500e+00	4.500000e+01
  8419	8.419500e+00	3.900000e+01
  8420	8.420500e+00	3.700000e+01
  8421	8.421500e+00	4.400000e+01
  8422	8.422500e+00	5.000000e+01
  8423	8.423500e+00	4.200000e+01
  8424	8.424500e+00	3.400000e+01
  8425	8.425500e+00	2.900000e+01
  8426	8.426500e+00	4.700000e+01
  8427	8.427500e+00	4.200000e+01
  8428	8.428500e+00	4.600000e+01
  8429	8.429500e+00	4.900000e+01
  8430	8.430500e+00	5.100000e+01
  8431	8.431500e+00	3.600000e+01
  8432	8.432500e+00	3.600000e+01
  8433	8.433500e+00	5.100000e+01
  8434	8.434500e+00	4.300000e+01
  8435	8.435500e+00	3.800000e+01
  8436	8.436500e+00	4.900000e+01
  8437	8.437500e+00	4.700000e+01
  8438	8.438500e+00	3.600000e+01
  8439	8.439500e+00	4.200000e+01
  8440	8.440500e+00	4.800000e+01
  8441	8.441500e+00	3.100000e+01
  8442	8.442500e+00	3.600000e+01
  8443	8.443500e+00	3.900000e+01
  8444	8.444500e+00	4.500000e+01
  8445	8.445500e+00	4.300000e+01
  8446	8.446500e+00	4.100000e+01
  8447	8.447500e+00	5.100000e+01
  8448	8.448500e+00	4.000000e+01
  8449	8.449500e+00	3.500000e+01
  8450	8.450500e+00	2.300000e+01
  8451	8.451500e+00	5.000000e+01
  8452	8.452500e+00	4.200000e+01
  8453	8.453500e+00	4.100000e+01
  8454	8.454500e+00	4.800000e+01
  8455	8.455500e+00	4.000000e+01
  8456	8.456500e+00	3.600000e+01
  8457	8.457500e+00	3.600000e+01
  8458	8.458500e+00	4.400000e+01
  8459	8.459500e+00	3.200000e+01
  8460	8.460500e+00	4.400000e+01
  8461	8.461500e+00	4.400000e+01
  8462	8.462500e+00	5.100000e+01
  8463	8.463500e+00	4.800000e+01
  8464	8.464500e+00	5.400000e+01
  8465	8.465500e+00	5.500000e+01
  8466	8.466500e+00	4.700000e+01
  8467	8.467500e+00	4.900000e+01
  8468	8.468500e+00	4.400000e+01
  8469	8.469500e+00	2.800000e+01
  8470	8.470500e+00	5.500000e+01
  8471	8.471500e+00	3.300000e+01
  8472	8.472500e+00	4.600000e+01
  8473	8.473500e+00	3.000000e+01
  8474	8.474500e+00	4.300000e+01
  8475	8.475500e+00	4.000000e+01
  8476	8.476500e+00	4.300000e+01
  8477	8.477500e+00	4.100000e+01
  8478	8.478500e+00	3.900000e+01
  8479	8.479500e+00	5.400000e+01
  8480	8.480500e+00	4.100000e+01
  8481	8.481500e+00	2.900000e+01
  8482	8.482500e+00	4.200000e+01
  8483	8.483500e+00	5.300000e+01
  8484	8.484500e+00	4.300000e+01
  8485	8.485500e+00	4.600000e+01
  8486	8.486500e+00	3.700000e+01
  8487	8.487500e+00	3.500000e+01
  8488	8.488500e+00	5.000000e+01
  8489	8.489500e+00	4.300000e+01
  8490	8.490500e+00	5.200000e+01
  8491	8.491500e+00	4.100000e+01
  8492	8.492500e+00	4.000000e+01
  8493	8.493500e+00	4.100000e+01
  8494	8.494500e+00	4.800000e+01
  8495	8.495500e+00	4.200000e+01
  8496	8.496500e+00	4.500000e+01
  8497	8.497500e+00	3.900000e+01
  8498	8.498500e+00	3.400000e+01
  8499	8.499500e+00	4.200000e+01
  8500	8.500500e+00	3.600000e+01
  8501	8.501500e+00	4.400000e+01
  8502	8.502500e+00	4.100000e+01
  8503	8.503500e+00	5.200000e+01
  8504	8.504500e+00	3.700000e+01
  8505	8.505500e+00	4.400000e+01
  8506	8.506500e+00	4.300000e+01
  8507	8.507500e+00	4.500000e+01
  8508	8.508500e+00	4.300000e+01
  8509	8.509500e+00	4.800000e+01
  8510	8.510500e+00	4.500000e+01
  8511	8.511500e+00	4.200000e+01
  8512	8.512500e+00	4.500000e+01
  8513	8.513500e+00	5.100000e+01
  8514	8.514500e+00	4.600000e+01
  8515	8.515500e+00	4.400000e+01
  8516	8.516500e+00	3.800000e+01
  8517	8.517500e+00	4.000000e+01
  8518	8.518500e+00	4.400000e+01
  8519	8.519500e+00	5.100000e+01
  8520	8.520500e+00	4.700000e+01
  8521	8.521500e+00	4.600000e+01
  8522	8.522500e+00	4.400000e+01
  8523	8.523500e+00	3.900000e+01
  8524	8.524500e+00	5.800000e+01
  8525	8.525500e+00	3.700000e+01
  8526	8.526500e+00	4.000000e+01
  8527	8.527500e+00	3.200000e+01
  8528	8.528500e+00	4.100000e+01
  8529	8.529500e+00	4.800000e+01
  8530	8.530500e+00	5.900000e+01
  8531	8.531500e+00	4.100000e+01
  8532	8.532500e+00	3.900000e+01
  8533	8.533500e+00	3.200000e+01
  8534	8.534500e+00	4.200000e+01
  8535	8.535500e+00	3.000000e+01
  8536	8.536500e+00	4.400000e+01
  8537	8.537500e+00	4.000000e+01
  8538	8.538500e+00	3.100000e+01
  8539	8.539500e+00	4.100000e+01
  8540	8.540500e+00	4.600000e+01
  8541	8.541500e+00	5.400000e+01
  8542	8.542500e+00	4.000000e+01
  8543	8.543500e+00	4.900000e+01
  8544	8.544500e+00	5.300000e+01
  8545	8.545500e+00	4.100000e+01
  8546	8.546500e+00	4.400000e+01
  8547	8.547500e+00	3.200000e+01
  8548	8.548500e+00	5.000000e+01
  8549	8.549500e+00	5.200000e+01
  8550	8.550500e+00	3.300000e+01
  8551	8.551500e+00	3.300000e+01
  8552	8.552500e+00	5.200000e+01
  8553	8.553500e+00	3.600000e+01
  8554	8.554500e+00	3.300000e+01
  8555	8.555500e+00	4.500000e+01
  8556	8.556500e+00	3.500000e+01
  8557	8.557500e+00	4.200000e+01
  8558	8.558500e+00	2.800000e+01
  8559	8.559500e+00	3.400000e+01
  8560	8.560500e+00	3.800000e+01
  8561	8.561500e+00	4.500000e+01
  8562	8.562500e+00	4.500000e+01
  8563	8.563500e+00	4.200000e+01
  8564	8.564500e+00	4.100000e+01
  8565	8.565500e+00	3.900000e+01
  8566	8.566500e+00	4.400000e+01
  8567	8.567500e+00	3.900000e+01
  8568	8.568500e+00	5.100000e+01
  8569	8.569500e+00	5.000000e+01
  8570	8.570500e+00	3.200000e+01
  8571	8.571500e+00	5.300000e+01
  8572	8.572500e+00	5.100000e+01
  8573	8.573500e+00	4.200000e+01
  8574	8.574500e+00	4.700000e+01
  8575	8.575500e+00	5.500000e+01
  8576	8.576500e+00	4.400000e+01
  8577	8.577500e+00	4.000000e+01
  8578	8.578500e+00	4.600000e+01
  8579	8.579500e+00	4.400000e+01
  8580	8.580500e+00	4.200000e+01
  8581	8.581500e+00	4.600000e+01
  8582	8.582500e+00	3.500000e+01
  8583	8.583500e+00	4.100000e+01
  8584	8.584500e+00	3.600000e+01
  8585	8.585500e+00	3.200000e+01
  8586	8.586500e+00	3.500000e+01
  8587	8.587500e+00	3.100000e+01
  8588	8.588500e+00	3.100000e+01
  8589	8.589500e+00	4.400000e+01
  8590	8.590500e+00	4.200000e+01
  8591	8.591500e+00	3.800000e+01
  8592	8.592500e+00	4.200000e+01
  8593	8.593500e+00	3.900000e+01
  8594	8.594500e+00	5.300000e+01
  8595	8.595500e+00	4.600000e+01
  8596	8.596500e+00	4.300000e+01
  8597	8.597500e+00	3.200000e+01
  8598	8.598500e+00	5.200000e+01
  8599	8.599500e+00	4.400000e+01
  8600	8.600500e+00	4.100000e+01
  8601	8.601500e+00	3.100000e+01
  8602	8.602500e+00	4.600000e+01
  8603	8.603500e+00	4.700000e+01
  8604	8.604500e+00	3.200000e+01
  8605	8.605500e+00	4.700000e+01
  8606	8.606500e+00	4.200000e+01
  8607	8.607500e+00	3.200000e+01
  8608	8.608500e+00	4.300000e+01
  8609	8.609500e+00	4.000000e+01
  8610	8.610500e+00	3.400000e+01
  8611	8.611500e+00	3.300000e+01
  8612	8.612500e+00	4.200000e+01
  8613	8.613500e+00	5.200000e+01
  8614	8.614500e+00	3.800000e+01
  8615	8.615500e+00	3.600000e+01
  8616	8.616500e+00	4.200000e+01
  8617	8.617500e+00	3.900000e+01
  8618	8.618500e+00	3.900000e+01
  8619	8.619500e+00	3.500000e+01
  8620	8.620500e+00	4.300000e+01
  8621	8.621500e+00	4.100000e+01
  8622	8.622500e+00	3.400000e+01
  8623	8.623500e+00	3.800000e+01
  8624	8.624500e+00	3.800000e+01
  8625	8.625500e+00	5.100000e+01
  8626	8.626500e+00	3.800000e+01
  8627	8.627500e+00	4.000000e+01
  8628	8.628500e+00	4.100000e+01
  8629	8.629500e+00	2.900000e+01
  8630	8.630500e+00	4.800000e+01
  8631	8.631500e+00	3.700000e+01
  8632	8.632500e+00	4.900000e+01
  8633	8.633500e+00	4.700000e+01
  8634	8.634500e+00	3.600000e+01
  8635	8.635500e+00	3.900000e+01
  8636	8.636500e+00	4.500000e+01
  8637	8.637500e+00	3.200000e+01
  8638	8.638500e+00	5.600000e+01
  8639	8.639500e+00	3.200000e+01
  8640	8.640500e+00	4.400000e+01
  8641	8.641500e+00	4.300000e+01
  8642	8.642500e+00	4.200000e+01
  8643	8.643500e+00	4.100000e+01
  8644	8.644500e+00	3.800000e+01
  8645	8.645500e+00	4.100000e+01
  8646	8.646500e+00	4.800000e+01
  8647	8.647500e+00	3.700000e+01
  8648	8.648500e+00	4.000000e+01
  8649	8.649500e+00	5.100000e+01
  8650	8.650500e+00	3.500000e+01
  8651	8.651500e+00	4.600000e+01
  8652	8.652500e+00	4.100000e+01
  8653	8.653500e+00	3.800000e+01
  8654	8.654500e+00	4.000000e+01
  8655	8.655500e+00	5.400000e+01
  8656	8.656500e+00	3.800000e+01
  8657	8.657500e+00	4.200000e+01
  8658	8.658500e+00	3.500000e+01
  8659	8.659500e+00	3.900000e+01
  8660	8.660500e+00	2.900000e+01
  8661	8.661500e+00	4.300000e+01
  8662	8.662500e+00	5.100000e+01
  8663	8.663500e+00	4.100000e+01
  8664	8.664500e+00	3.900000e+01
  8665	8.665500e+00	3.700000e+01
  8666	8.666500e+00	4.100000e+01
  8667	8.667500e+00	3.700000e+01
  8668	8.668500e+00	5.400000e+01
  8669	8.669500e+00	4.600000e+01
  8670	8.670500e+00	4.600000e+01
  8671	8.671500e+00	4.100000e+01
  8672	8.672500e+00	3.000000e+01
  8673	8.673500e+00	3.600000e+01
  8674	8.674500e+00	3.900000e+01
  8675	8.675500e+00	4.800000e+01
  8676	8.676500e+00	3.400000e+01
  8677	8.677500e+00	4.200000e+01
  8678	8.678500e+00	3.700000e+01
  8679	8.679500e+00	3.500000e+01
  8680	8.680500e+00	4.400000e+01
  8681	8.681500e+00	3.600000e+01
  8682	8.682500e+00	3.200000e+01
  8683	8.683500e+00	3.500000e+01
  8684	8.684500e+00	4.400000e+01
  8685	8.685500e+00	4.000000e+01
  8686	8.686500e+00	3.700000e+01
  8687	8.687500e+00	5.400000e+01
  8688	8.688500e+00	4.100000e+01
  8689	8.689500e+00	3.100000e+01
  8690	8.690500e+00	4.300000e+01
  8691	8.691500e+00	5.200000e+01
  8692	8.692500e+00	5.000000e+01
  8693	8.693500e+00	4.600000e+01
  8694	8.694500e+00	3.000000e+01
  8695	8.695500e+00	5.200000e+01
  8696	8.696500e+00	4.200000e+01
  8697	8.697500e+00	3.600000e+01
  8698	8.698500e+00	3.900000e+01
  8699	8.699500e+00	4.400000e+01
  8700	8.700500e+00	3.300000e+01
  8701	8.701500e+00	4.100000e+01
  8702	8.702500e+00	3.800000e+01
  8703	8.703500e+00	4.100000e+01
  8704	8.704500e+00	3.700000e+01
  8705	8.705500e+00	4.300000e+01
  8706	8.706500e+00	3.400000e+01
  8707	8.707500e+00	3.100000e+01
  8708	8.708500e+00	4.300000e+01
  8709	8.709500e+00	4.600000e+01
  8710	8.710500e+00	4.200000e+01
  8711	8.711500e+00	3.100000e+01
  8712	8.712500e+00	4.400000e+01
  8713	8.713500e+00	4.400000e+01
  8714	8.714500e+00	4.200000e+01
  8715	8.715500e+00	4.500000e+01
  8716	8.716500e+00	2.500000e+01
  8717	8.717500e+00	4.100000e+01
  8718	8.718500e+00	4.600000e+01
  8719	8.719500e+00	4.200000e+01
  8720	8.720500e+00	4.100000e+01
  8721	8.721500e+00	4.500000e+01
  8722	8.722500e+00	3.500000e+01
  8723	8.723500e+00	4.200000e+01
  8724	8.724500e+00	4.400000e+01
  8725	8.725500e+00	3.100000e+01
  8726	8.726500e+00	4.700000e+01
  8727	8.727500e+00	3.400000e+01
  8728	8.728500e+00	3.500000e+01
  8729	8.729500e+00	4.300000e+01
  8730	8.730500e+00	3.900000e+01
  8731	8.731500e+00	5.000000e+01
  8732	8.732500e+00	4.700000e+01
  8733	8.733500e+00	2.800000e+01
  8734	8.734500e+00	3.700000e+01
  8735	8.735500e+00	4.100000e+01
  8736	8.736500e+00	4.400000e+01
  8737	8.737500e+00	3.700000e+01
  8738	8.738500e+00	4.400000e+01
  8739	8.739500e+00	5.700000e+01
  8740	8.740500e+00	3.700000e+01
  8741	8.741500e+00	3.600000e+01
  8742	8.742500e+00	4.800000e+01
  8743	8.743500e+00	5.600000e+01
  8744	8.744500e+00	4.400000e+01
  8745	8.745500e+00	4.800000e+01
  8746	8.746500e+00	4.200000e+01
  8747	8.747500e+00	3.700000e+01
  8748	8.748500e+00	3.800000e+01
  8749	8.749500e+00	4.400000e+01
  8750	8.750500e+00	3.600000e+01
  8751	8.751500e+00	4.200000e+01
  8752	8.752500e+00	4.700000e+01
  8753	8.753500e+00	4.400000e+01
  8754	8.754500e+00	4.100000e+01
  8755	8.755500e+00	4.400000e+01
  8756	8.756500e+00	4.000000e+01
  8757	8.757500e+00	3.400000e+01
  8758	8.758500e+00	3.500000e+01
  8759	8.759500e+00	4.200000e+01
  8760	8.760500e+00	4.300000e+01
  8761	8.761500e+00	4.000000e+01
  8762	8.762500e+00	4.500000e+01
  8763	8.763500e+00	4.300000e+01
  8764	8.764500e+00	4.000000e+01
  8765	8.765500e+00	4.400000e+01
  8766	8.766500e+00	4.600000e+01
  8767	8.767500e+00	3.800000e+01
  8768	8.768500e+00	4.100000e+01
  8769	8.769500e+00	4.000000e+01
  8770	8.770500e+00	4.500000e+01
  8771	8.771500e+00	3.700000e+01
  8772	8.772500e+00	3.800000e+01
  8773	8.773500e+00	4.300000e+01
  8774	8.774500e+00	3.900000e+01
  8775	8.775500e+00	3.000000e+01
  8776	8.776500e+00	5.000000e+01
  8777	8.777500e+00	3.800000e+01
  8778	8.778500e+00	3.300000e+01
  8779	8.779500e+00	4.700000e+01
  8780	8.780500e+00	3.700000e+01
  8781	8.781500e+00	4.100000e+01
  8782	8.782500e+00	3.400000e+01
  8783	8.783500e+00	4.300000e+01
  8784	8.784500e+00	3.400000e+01
  8785	8.785500e+00	4.000000e+01
  8786	8.786500e+00	4.400000e+01
  8787	8.787500e+00	4.100000e+01
  8788	8.788500e+00	3.900000e+01
  8789	8.789500e+00	3.500000e+01
  8790	8.790500e+00	4.000000e+01
  8791	8.791500e+00	3.400000e+01
  8792	8.792500e+00	4.200000e+01
  8793	8.793500e+00	4.000000e+01
  8794	8.794500e+00	2.300000e+01
  8795	8.795500e+00	4.000000e+01
  8796	8.796500e+00	4.300000e+01
  8797	8.797500e+00	3.300000e+01
  8798	8.798500e+00	4.000000e+01
  8799	8.799500e+00	2.700000e+01
  8800	8.800500e+00	3.200000e+01
  8801	8.801500e+00	4.600000e+01
  8802	8.802500e+00	3.500000e+01
  8803	8.803500e+00	3.700000e+01
  8804	8.804500e+00	3.500000e+01
  8805	8.805500e+00	3.100000e+01
  8806	8.806500e+00	4.500000e+01
  8807	8.807500e+00	4.500000e+01
  8808	8.808500e+00	4.200000e+01
  8809	8.809500e+00	3.300000e+01
  8810	8.810500e+00	4.500000e+01
  8811	8.811500e+00	3.300000e+01
  8812	8.812500e+00	3.300000e+01
  8813	8.813500e+00	4.400000e+01
  8814	8.814500e+00	4.100000e+01
  8815	8.815500e+00	4.000000e+01
  8816	8.816500e+00	5.000000e+01
  8817	8.817500e+00	4.500000e+01
  8818	8.818500e+00	4.500000e+01
  8819	8.819500e+00	4.300000e+01
  8820	8.820500e+00	3.100000e+01
  8821	8.821500e+00	4.300000e+01
  8822	8.822500e+00	3.700000e+01
  8823	8.823500e+00	4.500000e+01
  8824	8.824500e+00	5.600000e+01
  8825	8.825500e+00	3.200000e+01
  8826	8.826500e+00	3.500000e+01
  8827	8.827500e+00	3.900000e+01
  8828	8.828500e+00	4.200000e+01
  8829	8.829500e+00	4.000000e+01
  8830	8.830500e+00	3.200000e+01
  8831	8.831500e+00	3.200000e+01
  8832	8.832500e+00	4.300000e+01
  8833	8.833500e+00	4.000000e+01
  8834	8.834500e+00	3.300000e+01
  8835	8.835500e+00	2.600000e+01
  8836	8.836500e+00	3.700000e+01
  8837	8.837500e+00	3.300000e+01
  8838	8.838500e+00	4.100000e+01
  8839	8.839500e+00	4.200000e+01
  8840	8.840500e+00	5.300000e+01
  8841	8.841500e+00	4.200000e+01
  8842	8.842500e+00	3.200000e+01
  8843	8.843500e+00	4.200000e+01
  8844	8.844500e+00	4.700000e+01
  8845	8.845500e+00	3.500000e+01
  8846	8.846500e+00	2.400000e+01
  8847	8.847500e+00	4.600000e+01
  8848	8.848500e+00	3.500000e+01
  8849	8.849500e+00	3.500000e+01
  8850	8.850500e+00	4.700000e+01
  8851	8.851500e+00	4.500000e+01
  8852	8.852500e+00	4.300000e+01
  8853	8.853500e+00	3.700000e+01
  8854	8.854500e+00	3.600000e+01
  8855	8.855500e+00	4.000000e+01
  8856	8.856500e+00	3.600000e+01
  8857	8.857500e+00	4.100000e+01
  8858	8.858500e+00	3.300000e+01
  8859	8.859500e+00	4.900000e+01
  8860	8.860500e+00	3.400000e+01
  8861	8.861500e+00	3.200000e+01
  8862	8.862500e+00	3.700000e+01
  8863	8.863500e+00	3.600000e+01
  8864	8.864500e+00	3.600000e+01
  8865	8.865500e+00	5.100000e+01
  8866	8.866500e+00	4.100000e+01
  8867	8.867500e+00	3.900000e+01
  8868	8.868500e+00	4.100000e+01
  8869	8.869500e+00	3.800000e+01
  8870	8.870500e+00	3.700000e+01
  8871	8.871500e+00	4.600000e+01
  8872	8.872500e+00	3.900000e+01
  8873	8.873500e+00	4.200000e+01
  8874	8.874500e+00	4.000000e+01
  8875	8.875500e+00	3.600000e+01
  8876	8.876500e+00	3.900000e+01
  8877	8.877500e+00	4.100000e+01
  8878	8.878500e+00	3.500000e+01
  8879	8.879500e+00	3.500000e+01
  8880	8.880500e+00	3.000000e+01
  8881	8.881500e+00	4.100000e+01
  8882	8.882500e+00	3.700000e+01
  8883	8.883500e+00	3.100000e+01
  8884	8.884500e+00	5.400000e+01
  8885	8.885500e+00	4.000000e+01
  8886	8.886500e+00	4.000000e+01
  8887	8.887500e+00	3.300000e+01
  8888	8.888500e+00	3.100000e+01
  8889	8.889500e+00	4.500000e+01
  8890	8.890500e+00	3.800000e+01
  8891	8.891500e+00	3.500000e+01
  8892	8.892500e+00	4.800000e+01
  8893	8.893500e+00	4.200000e+01
  8894	8.894500e+00	3.700000e+01
  8895	8.895500e+00	3.600000e+01
  8896	8.896500e+00	3.600000e+01
  8897	8.897500e+00	4.500000e+01
  8898	8.898500e+00	5.000000e+01
  8899	8.899500e+00	3.800000e+01
  8900	8.900500e+00	3.600000e+01
  8901	8.901500e+00	3.800000e+01
  8902	8.902500e+00	4.600000e+01
  8903	8.903500e+00	3.700000e+01
  8904	8.904500e+00	2.500000e+01
  8905	8.905500e+00	3.500000e+01
  8906	8.906500e+00	3.500000e+01
  8907	8.907500e+00	3.800000e+01
  8908	8.908500e+00	4.500000e+01
  8909	8.909500e+00	4.600000e+01
  8910	8.910500e+00	3.800000e+01
  8911	8.911500e+00	4.000000e+01
  8912	8.912500e+00	4.600000e+01
  8913	8.913500e+00	3.000000e+01
  8914	8.914500e+00	3.700000e+01
  8915	8.915500e+00	4.500000e+01
  8916	8.916500e+00	2.800000e+01
  8917	8.917500e+00	3.700000e+01
  8918	8.918500e+00	3.700000e+01
  8919	8.919500e+00	5.500000e+01
  8920	8.920500e+00	4.100000e+01
  8921	8.921500e+00	3.300000e+01
  8922	8.922500e+00	3.900000e+01
  8923	8.923500e+00	4.500000e+01
  8924	8.924500e+00	5.000000e+01
  8925	8.925500e+00	3.600000e+01
  8926	8.926500e+00	3.300000e+01
  8927	8.927500e+00	4.700000e+01
  8928	8.928500e+00	3.500000e+01
  8929	8.929500e+00	3.200000e+01
  8930	8.930500e+00	4.700000e+01
  8931	8.931500e+00	4.000000e+01
  8932	8.932500e+00	3.700000e+01
  8933	8.933500e+00	3.800000e+01
  8934	8.934500e+00	3.500000e+01
  8935	8.935500e+00	3.600000e+01
  8936	8.936500e+00	3.600000e+01
  8937	8.937500e+00	3.300000e+01
  8938	8.938500e+00	3.800000e+01
  8939	8.939500e+00	3.800000e+01
  8940	8.940500e+00	4.300000e+01
  8941	8.941500e+00	3.900000e+01
  8942	8.942500e+00	4.400000e+01
  8943	8.943500e+00	4.200000e+01
  8944	8.944500e+00	3.600000e+01
  8945	8.945500e+00	3.200000e+01
  8946	8.946500e+00	3.800000e+01
  8947	8.947500e+00	3.200000e+01
  8948	8.948500e+00	2.800000e+01
  8949	8.949500e+00	3.400000e+01
  8950	8.950500e+00	3.600000e+01
  8951	8.951500e+00	3.600000e+01
  8952	8.952500e+00	3.900000e+01
  8953	8.953500e+00	2.600000e+01
  8954	8.954500e+00	3.900000e+01
  8955	8.955500e+00	4.200000e+01
  8956	8.956500e+00	4.700000e+01
  8957	8.957500e+00	2.700000e+01
  8958	8.958500e+00	4.400000e+01
  8959	8.959500e+00	4.000000e+01
  8960	8.960500e+00	5.600000e+01
  8961	8.961500e+00	4.400000e+01
  8962	8.962500e+00	3.400000e+01
  8963	8.963500e+00	4.100000e+01
  8964	8.964500e+00	3.400000e+01
  8965	8.965500e+00	4.400000e+01
  8966	8.966500e+00	3.000000e+01
  8967	8.967500e+00	3.500000e+01
  8968	8.968500e+00	4.000000e+01
  8969	8.969500e+00	3.600000e+01
  8970	8.970500e+00	3.800000e+01
  8971	8.971500e+00	4.200000e+01
  8972	8.972500e+00	4.300000e+01
  8973	8.973500e+00	4.700000e+01
  8974	8.974500e+00	3.300000e+01
  8975	8.975500e+00	4.100000e+01
  8976	8.976500e+00	3.700000e+01
  8977	8.977500e+00	3.900000e+01
  8978	8.978500e+00	4.500000e+01
  8979	8.979500e+00	4.000000e+01
  8980	8.980500e+00	3.000000e+01
  8981	8.981500e+00	2.400000e+01
  8982	8.982500e+00	3.600000e+01
  8983	8.983500e+00	4.600000e+01
  8984	8.984500e+00	3.600000e+01
  8985	8.985500e+00	3.900000e+01
  8986	8.986500e+00	3.400000e+01
  8987	8.987500e+00	3.100000e+01
  8988	8.988500e+00	4.400000e+01
  8989	8.989500e+00	4.500000e+01
  8990	8.990500e+00	4.300000e+01
  8991	8.991500e+00	3.800000e+01
  8992	8.992500e+00	3.900000e+01
  8993	8.993500e+00	3.400000e+01
  8994	8.994500e+00	3.600000e+01
  8995	8.995500e+00	4.200000e+01
  8996	8.996500e+00	4.000000e+01
  8997	8.997500e+00	3.200000e+01
  8998	8.998500e+00	4.000000e+01
  8999	8.999500e+00	4.100000e+01
  9000	9.000500e+00	2.300000e+01
  9001	9.001500e+00	3.400000e+01
  9002	9.002500e+00	3.900000e+01
  9003	9.003500e+00	3.200000e+01
  9004	9.004500e+00	3.500000e+01
  9005	9.005500e+00	3.400000e+01
  9006	9.006500e+00	4.500000e+01
  9007	9.007500e+00	4.100000e+01
  9008	9.008500e+00	3.400000e+01
  9009	9.009500e+00	2.800000e+01
  9010	9.010500e+00	4.000000e+01
  9011	9.011500e+00	4.500000e+01
  9012	9.012500e+00	4.000000e+01
  9013	9.013500e+00	4.200000e+01
  9014	9.014500e+00	3.600000e+01
  9015	9.015500e+00	3.800000e+01
  9016	9.016500e+00	4.300000e+01
  9017	9.017500e+00	2.300000e+01
  9018	9.018500e+00	2.900000e+01
  9019	9.019500e+00	3.700000e+01
  9020	9.020500e+00	3.300000e+01
  9021	9.021500e+00	4.000000e+01
  9022	9.022500e+00	3.900000e+01
  9023	9.023500e+00	3.700000e+01
  9024	9.024500e+00	3.700000e+01
  9025	9.025500e+00	4.000000e+01
  9026	9.026500e+00	3.400000e+01
  9027	9.027500e+00	3.400000e+01
  9028	9.028500e+00	4.200000e+01
  9029	9.029500e+00	4.000000e+01
  9030	9.030500e+00	4.700000e+01
  9031	9.031500e+00	4.300000e+01
  9032	9.032500e+00	3.300000e+01
  9033	9.033500e+00	4.100000e+01
  9034	9.034500e+00	3.400000e+01
  9035	9.035500e+00	3.800000e+01
  9036	9.036500e+00	2.900000e+01
  9037	9.037500e+00	4.300000e+01
  9038	9.038500e+00	4.000000e+01
  9039	9.039500e+00	3.100000e+01
  9040	9.040500e+00	2.700000e+01
  9041	9.041500e+00	3.300000e+01
  9042	9.042500e+00	4.000000e+01
  9043	9.043500e+00	4.300000e+01
  9044	9.044500e+00	3.900000e+01
  9045	9.045500e+00	3.100000e+01
  9046	9.046500e+00	3.300000e+01
  9047	9.047500e+00	3.900000e+01
  9048	9.048500e+00	4.400000e+01
  9049	9.049500e+00	3.300000e+01
  9050	9.050500e+00	4.100000e+01
  9051	9.051500e+00	4.200000e+01
  9052	9.052500e+00	2.800000e+01
  9053	9.053500e+00	3.400000e+01
  9054	9.054500e+00	4.500000e+01
  9055	9.055500e+00	3.300000e+01
  9056	9.056500e+00	3.900000e+01
  9057	9.057500e+00	4.300000e+01
  9058	9.058500e+00	3.200000e+01
  9059	9.059500e+00	3.900000e+01
  9060	9.060500e+00	3.600000e+01
  9061	9.061500e+00	2.900000e+01
  9062	9.062500e+00	2.200000e+01
  9063	9.063500e+00	2.400000e+01
  9064	9.064500e+00	3.300000e+01
  9065	9.065500e+00	4.000000e+01
  9066	9.066500e+00	3.400000e+01
  9067	9.067500e+00	4.000000e+01
  9068	9.068500e+00	3.100000e+01
  9069	9.069500e+00	3.800000e+01
  9070	9.070500e+00	3.600000e+01
  9071	9.071500e+00	3.700000e+01
  9072	9.072500e+00	5.400000e+01
  9073	9.073500e+00	4.700000e+01
  9074	9.074500e+00	4.300000e+01
  9075	9.075500e+00	2.700000e+01
  9076	9.076500e+00	3.800000e+01
  9077	9.077500e+00	3.900000e+01
  9078	9.078500e+00	2.600000e+01
  9079	9.079500e+00	3.100000e+01
  9080	9.080500e+00	4.700000e+01
  9081	9.081500e+00	3.500000e+01
  9082	9.082500e+00	3.500000e+01
  9083	9.083500e+00	3.300000e+01
  9084	9.084500e+00	3.800000e+01
  9085	9.085500e+00	3.400000e+01
  9086	9.086500e+00	3.000000e+01
  9087	9.087500e+00	4.300000e+01
  9088	9.088500e+00	3.500000e+01
  9089	9.089500e+00	3.700000e+01
  9090	9.090500e+00	3.100000e+01
  9091	9.091500e+00	4.100000e+01
  9092	9.092500e+00	2.800000e+01
  9093	9.093500e+00	3.800000e+01
  9094	9.094500e+00	4.500000e+01
  9095	9.095500e+00	3.700000e+01
  9096	9.096500e+00	4.800000e+01
  9097	9.097500e+00	3.400000e+01
  9098	9.098500e+00	3.600000e+01
  9099	9.099500e+00	3.300000e+01
  9100	9.100500e+00	3.500000e+01
  9101	9.101500e+00	2.800000e+01
  9102	9.102500e+00	2.600000e+01
  9103	9.103500e+00	5.300000e+01
  9104	9.104500e+00	3.200000e+01
  9105	9.105500e+00	4.200000e+01
  9106	9.106500e+00	3.500000e+01
  9107	9.107500e+00	4.700000e+01
  9108	9.108500e+00	4.000000e+01
  9109	9.109500e+00	3.500000e+01
  9110	9.110500e+00	2.400000e+01
  9111	9.111500e+00	3.000000e+01
  9112	9.112500e+00	3.500000e+01
  9113	9.113500e+00	4.700000e+01
  9114	9.114500e+00	3.400000e+01
  9115	9.115500e+00	3.700000e+01
  9116	9.116500e+00	4.200000e+01
  9117	9.117500e+00	2.600000e+01
  9118	9.118500e+00	3.400000e+01
  9119	9.119500e+00	3.700000e+01
  9120	9.120500e+00	2.900000e+01
  9121	9.121500e+00	3.700000e+01
  9122	9.122500e+00	3.300000e+01
  9123	9.123500e+00	3.000000e+01
  9124	9.124500e+00	3.300000e+01
  9125	9.125500e+00	3.800000e+01
  9126	9.126500e+00	4.000000e+01
  9127	9.127500e+00	3.500000e+01
  9128	9.128500e+00	3.800000e+01
  9129	9.129500e+00	3.500000e+01
  9130	9.130500e+00	3.200000e+01
  9131	9.131500e+00	2.100000e+01
  9132	9.132500e+00	2.400000e+01
  9133	9.133500e+00	4.300000e+01
  9134	9.134500e+00	3.900000e+01
  9135	9.135500e+00	3.500000e+01
  9136	9.136500e+00	3.500000e+01
  9137	9.137500e+00	4.600000e+01
  9138	9.138500e+00	3.900000e+01
  9139	9.139500e+00	3.300000e+01
  9140	9.140500e+00	3.700000e+01
  9141	9.141500e+00	3.800000e+01
  9142	9.142500e+00	3.600000e+01
  9143	9.143500e+00	3.900000e+01
  9144	9.144500e+00	3.200000e+01
  9145	9.145500e+00	4.400000e+01
  9146	9.146500e+00	3.200000e+01
  9147	9.147500e+00	3.700000e+01
  9148	9.148500e+00	3.600000e+01
  9149	9.149500e+00	2.900000e+01
  9150	9.150500e+00	3.500000e+01
  9151	9.151500e+00	3.700000e+01
  9152	9.152500e+00	4.100000e+01
  9153	9.153500e+00	4.600000e+01
  9154	9.154500e+00	4.000000e+01
  9155	9.155500e+00	4.400000e+01
  9156	9.156500e+00	3.700000e+01
  9157	9.157500e+00	3.900000e+01
  9158	9.158500e+00	4.500000e+01
  9159	9.159500e+00	3.000000e+01
  9160	9.160500e+00	3.900000e+01
  9161	9.161500e+00	3.600000e+01
  9162	9.162500e+00	4.200000e+01
  9163	9.163500e+00	4.900000e+01
  9164	9.164500e+00	2.800000e+01
  9165	9.165500e+00	3.200000e+01
  9166	9.166500e+00	4.200000e+01
  9167	9.167500e+00	3.500000e+01
  9168	9.168500e+00	3.300000e+01
  9169	9.169500e+00	3.300000e+01
  9170	9.170500e+00	3.900000e+01
  9171	9.171500e+00	3.400000e+01
  9172	9.172500e+00	2.500000e+01
  9173	9.173500e+00	3.500000e+01
  9174	9.174500e+00	2.800000e+01
  9175	9.175500e+00	3.900000e+01
  9176	9.176500e+00	4.400000e+01
  9177	9.177500e+00	3.800000e+01
  9178	9.178500e+00	3.200000e+01
  9179	9.179500e+00	4.500000e+01
  9180	9.180500e+00	3.500000e+01
  9181	9.181500e+00	3.200000e+01
  9182	9.182500e+00	4.100000e+01
  9183	9.183500e+00	4.100000e+01
  9184	9.184500e+00	3.300000e+01
  9185	9.185500e+00	2.900000e+01
  9186	9.186500e+00	3.000000e+01
  9187	9.187500e+00	3.200000e+01
  9188	9.188500e+00	4.000000e+01
  9189	9.189500e+00	2.500000e+01
  9190	9.190500e+00	4.500000e+01
  9191	9.191500e+00	3.900000e+01
  9192	9.192500e+00	3.400000e+01
  9193	9.193500e+00	3.200000e+01
  9194	9.194500e+00	4.000000e+01
  9195	9.195500e+00	4.100000e+01
  9196	9.196500e+00	2.500000e+01
  9197	9.197500e+00	3.800000e+01
  9198	9.198500e+00	3.400000e+01
  9199	9.199500e+00	4.200000e+01
  9200	9.200500e+00	3.000000e+01
  9201	9.201500e+00	3.500000e+01
  9202	9.202500e+00	3.900000e+01
  9203	9.203500e+00	3.200000e+01
  9204	9.204500e+00	3.900000e+01
  9205	9.205500e+00	4.800000e+01
  9206	9.206500e+00	3.100000e+01
  9207	9.207500e+00	4.700000e+01
  9208	9.208500e+00	4.100000e+01
  9209	9.209500e+00	3.600000e+01
  9210	9.210500e+00	4.700000e+01
  9211	9.211500e+00	3.000000e+01
  9212	9.212500e+00	3.000000e+01
  9213	9.213500e+00	3.600000e+01
  9214	9.214500e+00	4.800000e+01
  9215	9.215500e+00	3.000000e+01
  9216	9.216500e+00	4.100000e+01
  9217	9.217500e+00	3.900000e+01
  9218	9.218500e+00	3.100000e+01
  9219	9.219500e+00	2.900000e+01
  9220	9.220500e+00	3.600000e+01
  9221	9.221500e+00	3.500000e+01
  9222	9.222500e+00	4.400000e+01
  9223	9.223500e+00	4.300000e+01
  9224	9.224500e+00	4.200000e+01
  9225	9.225500e+00	3.400000e+01
  9226	9.226500e+00	3.100000e+01
  9227	9.227500e+00	4.500000e+01
  9228	9.228500e+00	4.400000e+01
  9229	9.229500e+00	3.400000e+01
  9230	9.230500e+00	3.700000e+01
  9231	9.231500e+00	2.500000e+01
  9232	9.232500e+00	3.600000e+01
  9233	9.233500e+00	3.000000e+01
  9234	9.234500e+00	4.000000e+01
  9235	9.235500e+00	2.400000e+01
  9236	9.236500e+00	4.000000e+01
  9237	9.237500e+00	3.000000e+01
  9238	9.238500e+00	4.000000e+01
  9239	9.239500e+00	3.500000e+01
  9240	9.240500e+00	2.500000e+01
  9241	9.241500e+00	3.200000e+01
  9242	9.242500e+00	2.400000e+01
  9243	9.243500e+00	3.500000e+01
  9244	9.244500e+00	4.100000e+01
  9245	9.245500e+00	3.300000e+01
  9246	9.246500e+00	3.300000e+01
  9247	9.247500e+00	4.200000e+01
  9248	9.248500e+00	4.600000e+01
  9249	9.249500e+00	3.200000e+01
  9250	9.250500e+00	4.200000e+01
  9251	9.251500e+00	2.500000e+01
  9252	9.252500e+00	3.200000e+01
  9253	9.253500e+00	3.300000e+01
  9254	9.254500e+00	2.200000e+01
  9255	9.255500e+00	3.600000e+01
  9256	9.256500e+00	5.000000e+01
  9257	9.257500e+00	4.200000e+01
  9258	9.258500e+00	2.900000e+01
  9259	9.259500e+00	3.400000e+01
  9260	9.260500e+00	3.300000e+01
  9261	9.261500e+00	3.300000e+01
  9262	9.262500e+00	3.300000e+01
  9263	9.263500e+00	3.700000e+01
  9264	9.264500e+00	3.900000e+01
  9265	9.265500e+00	3.000000e+01
  9266	9.266500e+00	2.800000e+01
  9267	9.267500e+00	3.500000e+01
  9268	9.268500e+00	2.100000e+01
  9269	9.269500e+00	3.800000e+01
  9270	9.270500e+00	3.900000e+01
  9271	9.271500e+00	3.200000e+01
  9272	9.272500e+00	3.300000e+01
  9273	9.273500e+00	3.100000e+01
  9274	9.274500e+00	3.700000e+01
  9275	9.275500e+00	3.200000e+01
  9276	9.276500e+00	3.600000e+01
  9277	9.277500e+00	2.700000e+01
  9278	9.278500e+00	3.400000e+01
  9279	9.279500e+00	3.000000e+01
  9280	9.280500e+00	4.500000e+01
  9281	9.281500e+00	2.800000e+01
  9282	9.282500e+00	3.800000e+01
  9283	9.283500e+00	3.500000e+01
  9284	9.284500e+00	2.600000e+01
  9285	9.285500e+00	2.300000e+01
  9286	9.286500e+00	3.600000e+01
  9287	9.287500e+00	4.300000e+01
  9288	9.288500e+00	2.500000e+01
  9289	9.289500e+00	4.300000e+01
  9290	9.290500e+00	3.700000e+01
  9291	9.291500e+00	3.400000e+01
  9292	9.292500e+00	3.000000e+01
  9293	9.293500e+00	4.600000e+01
  9294	9.294500e+00	3.800000e+01
  9295	9.295500e+00	3.500000e+01
  9296	9.296500e+00	3.400000e+01
  9297	9.297500e+00	4.000000e+01
  9298	9.298500e+00	4.100000e+01
  9299	9.299500e+00	4.100000e+01
  9300	9.300500e+00	3.800000e+01
  9301	9.301500e+00	2.400000e+01
  9302	9.302500e+00	3.400000e+01
  9303	9.303500e+00	3.700000e+01
  9304	9.304500e+00	2.700000e+01
  9305	9.305500e+00	4.500000e+01
  9306	9.306500e+00	3.700000e+01
  9307	9.307500e+00	2.700000e+01
  9308	9.308500e+00	3.200000e+01
  9309	9.309500e+00	3.600000e+01
  9310	9.310500e+00	3.200000e+01
  9311	9.311500e+00	3.000000e+01
  9312	9.312500e+00	4.500000e+01
  9313	9.313500e+00	2.900000e+01
  9314	9.314500e+00	4.000000e+01
  9315	9.315500e+00	3.700000e+01
  9316	9.316500e+00	3.600000e+01
  9317	9.317500e+00	3.300000e+01
  9318	9.318500e+00	3.400000e+01
  9319	9.319500e+00	2.500000e+01
  9320	9.320500e+00	3.400000e+01
  9321	9.321500e+00	3.100000e+01
  9322	9.322500e+00	3.700000e+01
  9323	9.323500e+00	2.500000e+01
  9324	9.324500e+00	3.200000e+01
  9325	9.325500e+00	3.600000e+01
  9326	9.326500e+00	4.600000e+01
  9327	9.327500e+00	3.700000e+01
  9328	9.328500e+00	4.700000e+01
  9329	9.329500e+00	3.600000e+01
  9330	9.330500e+00	3.400000e+01
  9331	9.331500e+00	3.900000e+01
  9332	9.332500e+00	3.400000e+01
  9333	9.333500e+00	2.800000e+01
  9334	9.334500e+00	2.000000e+01
  9335	9.335500e+00	4.000000e+01
  9336	9.336500e+00	3.600000e+01
  9337	9.337500e+00	5.100000e+01
  9338	9.338500e+00	3.300000e+01
  9339	9.339500e+00	3.700000e+01
  9340	9.340500e+00	3.000000e+01
  9341	9.341500e+00	3.400000e+01
  9342	9.342500e+00	3.900000e+01
  9343	9.343500e+00	3.700000e+01
  9344	9.344500e+00	2.500000e+01
  9345	9.345500e+00	2.200000e+01
  9346	9.346500e+00	3.200000e+01
  9347	9.347500e+00	3.300000e+01
  9348	9.348500e+00	4.000000e+01
  9349	9.349500e+00	4.100000e+01
  9350	9.350500e+00	3.600000e+01
  9351	9.351500e+00	3.200000e+01
  9352	9.352500e+00	3.700000e+01
  9353	9.353500e+00	3.200000e+01
  9354	9.354500e+00	4.500000e+01
  9355	9.355500e+00	3.800000e+01
  9356	9.356500e+00	3.100000e+01
  9357	9.357500e+00	3.300000e+01
  9358	9.358500e+00	3.400000e+01
  9359	9.359500e+00	3.800000e+01
  9360	9.360500e+00	3.400000e+01
  9361	9.361500e+00	2.200000e+01
  9362	9.362500e+00	3.500000e+01
  9363	9.363500e+00	3.800000e+01
  9364	9.364500e+00	3.600000e+01
  9365	9.365500e+00	4.000000e+01
  9366	9.366500e+00	4.100000e+01
  9367	9.367500e+00	3.600000e+01
  9368	9.368500e+00	3.600000e+01
  9369	9.369500e+00	2.800000e+01
  9370	9.370500e+00	3.900000e+01
  9371	9.371500e+00	2.000000e+01
  9372	9.372500e+00	4.300000e+01
  9373	9.373500e+00	3.200000e+01
  9374	9.374500e+00	3.400000e+01
  9375	9.375500e+00	4.200000e+01
  9376	9.376500e+00	3.000000e+01
  9377	9.377500e+00	4.700000e+01
  9378	9.378500e+00	4.100000e+01
  9379	9.379500e+00	2.400000e+01
  9380	9.380500e+00	4.000000e+01
  9381	9.381500e+00	3.900000e+01
  9382	9.382500e+00	2.700000e+01
  9383	9.383500e+00	3.400000e+01
  9384	9.384500e+00	4.100000e+01
  9385	9.385500e+00	3.200000e+01
  9386	9.386500e+00	2.900000e+01
  9387	9.387500e+00	3.600000e+01
  9388	9.388500e+00	3.500000e+01
  9389	9.389500e+00	3.700000e+01
  9390	9.390500e+00	4.100000e+01
  9391	9.391500e+00	3.400000e+01
  9392	9.392500e+00	2.500000e+01
  9393	9.393500e+00	3.600000e+01
  9394	9.394500e+00	3.300000e+01
  9395	9.395500e+00	3.400000e+01
  9396	9.396500e+00	3.900000e+01
  9397	9.397500e+00	4.000000e+01
  9398	9.398500e+00	3.100000e+01
  9399	9.399500e+00	3.700000e+01
  9400	9.400500e+00	3.000000e+01
  9401	9.401500e+00	2.800000e+01
  9402	9.402500e+00	3.300000e+01
  9403	9.403500e+00	2.800000e+01
  9404	9.404500e+00	4.000000e+01
  9405	9.405500e+00	3.800000e+01
  9406	9.406500e+00	2.500000e+01
  9407	9.407500e+00	3.700000e+01
  9408	9.408500e+00	4.200000e+01
  9409	9.409500e+00	3.700000e+01
  9410	9.410500e+00	3.200000e+01
  9411	9.411500e+00	3.700000e+01
  9412	9.412500e+00	4.500000e+01
  9413	9.413500e+00	4.300000e+01
  9414	9.414500e+00	2.800000e+01
  9415	9.415500e+00	3.500000e+01
  9416	9.416500e+00	3.400000e+01
  9417	9.417500e+00	4.200000e+01
  9418	9.418500e+00	3.200000e+01
  9419	9.419500e+00	3.200000e+01
  9420	9.420500e+00	3.300000e+01
  9421	9.421500e+00	3.100000e+01
  9422	9.422500e+00	2.700000e+01
  9423	9.423500e+00	3.600000e+01
  9424	9.424500e+00	2.700000e+01
  9425	9.425500e+00	2.600000e+01
  9426	9.426500e+00	3.100000e+01
  9427	9.427500e+00	3.200000e+01
  9428	9.428500e+00	3.800000e+01
  9429	9.429500e+00	3.700000e+01
  9430	9.430500e+00	3.900000e+01
  9431	9.431500e+00	4.100000e+01
  9432	9.432500e+00	3.200000e+01
  9433	9.433500e+00	4.100000e+01
  9434	9.434500e+00	3.400000e+01
  9435	9.435500e+00	3.300000e+01
  9436	9.436500e+00	3.800000e+01
  9437	9.437500e+00	3.000000e+01
  9438	9.438500e+00	3.100000e+01
  9439	9.439500e+00	3.000000e+01
  9440	9.440500e+00	3.300000e+01
  9441	9.441500e+00	3.800000e+01
  9442	9.442500e+00	3.200000e+01
  9443	9.443500e+00	4.500000e+01
  9444	9.444500e+00	2.900000e+01
  9445	9.445500e+00	4.400000e+01
  9446	9.446500e+00	2.900000e+01
  9447	9.447500e+00	3.400000e+01
  9448	9.448500e+00	3.800000e+01
  9449	9.449500e+00	3.000000e+01
  9450	9.450500e+00	3.000000e+01
  9451	9.451500e+00	2.900000e+01
  9452	9.452500e+00	3.600000e+01
  9453	9.453500e+00	3.200000e+01
  9454	9.454500e+00	2.800000e+01
  9455	9.455500e+00	3.100000e+01
  9456	9.456500e+00	2.600000e+01
  9457	9.457500e+00	3.500000e+01
  9458	9.458500e+00	3.000000e+01
  9459	9.459500e+00	2.800000e+01
  9460	9.460500e+00	3.000000e+01
  9461	9.461500e+00	3.000000e+01
  9462	9.462500e+00	3.300000e+01
  9463	9.463500e+00	4.100000e+01
  9464	9.464500e+00	4.000000e+01
  9465	9.465500e+00	2.800000e+01
  9466	9.466500e+00	3.900000e+01
  9467	9.467500e+00	3.900000e+01
  9468	9.468500e+00	2.700000e+01
  9469	9.469500e+00	3.700000e+01
  9470	9.470500e+00	3.400000e+01
  9471	9.471500e+00	3.200000e+01
  9472	9.472500e+00	3.100000e+01
  9473	9.473500e+00	3.400000e+01
  9474	9.474500e+00	2.800000e+01
  9475	9.475500e+00	3.500000e+01
  9476	9.476500e+00	3.300000e+01
  9477	9.477500e+00	3.000000e+01
  9478	9.478500e+00	3.600000e+01
  9479	9.479500e+00	3.000000e+01
  9480	9.480500e+00	2.300000e+01
  9481	9.481500e+00	2.600000e+01
  9482	9.482500e+00	3.500000e+01
  9483	9.483500e+00	2.900000e+01
  9484	9.484500e+00	3.200000e+01
  9485	9.485500e+00	4.600000e+01
  9486	9.486500e+00	3.000000e+01
  9487	9.487500e+00	3.300000e+01
  9488	9.488500e+00	4.400000e+01
  9489	9.489500e+00	4.500000e+01
  9490	9.490500e+00	2.900000e+01
  9491	9.491500e+00	3.400000e+01
  9492	9.492500e+00	2.500000e+01
  9493	9.493500e+00	3.500000e+01
  9494	9.494500e+00	3.900000e+01
  9495	9.495500e+00	3.900000e+01
  9496	9.496500e+00	4.600000e+01
  9497	9.497500e+00	3.300000e+01
  9498	9.498500e+00	3.100000e+01
  9499	9.499500e+00	3.200000e+01
  9500	9.500500e+00	2.700000e+01
  9501	9.501500e+00	3.600000e+01
  9502	9.502500e+00	2.500000e+01
  9503	9.503500e+00	3.600000e+01
  9504	9.504500e+00	4.000000e+01
  9505	9.505500e+00	3.700000e+01
  9506	9.506500e+00	3.200000e+01
  9507	9.507500e+00	3.700000e+01
  9508	9.508500e+00	2.600000e+01
  9509	9.509500e+00	3.900000e+01
  9510	9.510500e+00	3.800000e+01
  9511	9.511500e+00	2.700000e+01
  9512	9.512500e+00	2.600000e+01
  9513	9.513500e+00	3.300000e+01
  9514	9.514500e+00	2.400000e+01
  9515	9.515500e+00	3.000000e+01
  9516	9.516500e+00	2.900000e+01
  9517	9.517500e+00	4.000000e+01
  9518	9.518500e+00	3.800000e+01
  9519	9.519500e+00	2.700000e+01
  9520	9.520500e+00	3.700000e+01
  9521	9.521500e+00	3.200000e+01
  9522	9.522500e+00	3.500000e+01
  9523	9.523500e+00	3.600000e+01
  9524	9.524500e+00	2.700000e+01
  9525	9.525500e+00	3.000000e+01
  9526	9.526500e+00	2.800000e+01
  9527	9.527500e+00	2.900000e+01
  9528	9.528500e+00	3.800000e+01
  9529	9.529500e+00	3.300000e+01
  9530	9.530500e+00	3.000000e+01
  9531	9.531500e+00	3.300000e+01
  9532	9.532500e+00	3.900000e+01
  9533	9.533500e+00	4.600000e+01
  9534	9.534500e+00	2.500000e+01
  9535	9.535500e+00	3.100000e+01
  9536	9.536500e+00	3.500000e+01
  9537	9.537500e+00	2.500000e+01
  9538	9.538500e+00	2.700000e+01
  9539	9.539500e+00	3.300000e+01
  9540	9.540500e+00	3.700000e+01
  9541	9.541500e+00	3.400000e+01
  9542	9.542500e+00	2.900000e+01
  9543	9.543500e+00	3.300000e+01
  9544	9.544500e+00	4.300000e+01
  9545	9.545500e+00	4.200000e+01
  9546	9.546500e+00	3.200000e+01
  9547	9.547500e+00	3.000000e+01
  9548	9.548500e+00	2.900000e+01
  9549	9.549500e+00	2.700000e+01
  9550	9.550500e+00	3.900000e+01
  9551	9.551500e+00	3.400000e+01
  9552	9.552500e+00	3.600000e+01
  9553	9.553500e+00	4.200000e+01
  9554	9.554500e+00	2.800000e+01
  9555	9.555500e+00	2.800000e+01
  9556	9.556500e+00	3.500000e+01
  9557	9.557500e+00	3.900000e+01
  9558	9.558500e+00	2.500000e+01
  9559	9.559500e+00	4.000000e+01
  9560	9.560500e+00	2.700000e+01
  9561	9.561500e+00	3.600000e+01
  9562	9.562500e+00	3.700000e+01
  9563	9.563500e+00	2.600000e+01
  9564	9.564500e+00	3.100000e+01
  9565	9.565500e+00	4.500000e+01
  9566	9.566500e+00	3.300000e+01
  9567	9.567500e+00	3.200000e+01
  9568	9.568500e+00	3.100000e+01
  9569	9.569500e+00	2.600000e+01
  9570	9.570500e+00	2.900000e+01
  9571	9.571500e+00	3.300000e+01
  9572	9.572500e+00	3.200000e+01
  9573	9.573500e+00	2.900000e+01
  9574	9.574500e+00	2.500000e+01
  9575	9.575500e+00	2.500000e+01
  9576	9.576500e+00	3.400000e+01
  9577	9.577500e+00	3.300000e+01
  9578	9.578500e+00	2.000000e+01
  9579	9.579500e+00	3.600000e+01
  9580	9.580500e+00	3.100000e+01
  9581	9.581500e+00	2.200000e+01
  9582	9.582500e+00	3.400000e+01
  9583	9.583500e+00	3.700000e+01
  9584	9.584500e+00	3.400000e+01
  9585	9.585500e+00	3.600000e+01
  9586	9.586500e+00	3.500000e+01
  9587	9.587500e+00	3.700000e+01
  9588	9.588500e+00	3.800000e+01
  9589	9.589500e+00	3.300000e+01
  9590	9.590500e+00	4.300000e+01
  9591	9.591500e+00	4.000000e+01
  9592	9.592500e+00	2.800000e+01
  9593	9.593500e+00	3.500000e+01
  9594	9.594500e+00	2.200000e+01
  9595	9.595500e+00	3.600000e+01
  9596	9.596500e+00	2.700000e+01
  9597	9.597500e+00	3.900000e+01
  9598	9.598500e+00	3.000000e+01
  9599	9.599500e+00	4.300000e+01
  9600	9.600500e+00	3.600000e+01
  9601	9.601500e+00	2.800000e+01
  9602	9.602500e+00	3.300000e+01
  9603	9.603500e+00	3.400000e+01
  9604	9.604500e+00	2.500000e+01
  9605	9.605500e+00	2.700000e+01
  9606	9.606500e+00	3.000000e+01
  9607	9.607500e+00	2.600000e+01
  9608	9.608500e+00	3.300000e+01
  9609	9.609500e+00	3.600000e+01
  9610	9.610500e+00	4.500000e+01
  9611	9.611500e+00	4.000000e+01
  9612	9.612500e+00	3.300000e+01
  9613	9.613500e+00	2.900000e+01
  9614	9.614500e+00	3.000000e+01
  9615	9.615500e+00	3.400000e+01
  9616	9.616500e+00	3.400000e+01
  9617	9.617500e+00	3.200000e+01
  9618	9.618500e+00	3.400000e+01
  9619	9.619500e+00	3.000000e+01
  9620	9.620500e+00	3.800000e+01
  9621	9.621500e+00	2.700000e+01
  9622	9.622500e+00	2.900000e+01
  9623	9.623500e+00	3.100000e+01
  9624	9.624500e+00	3.100000e+01
  9625	9.625500e+00	3.100000e+01
  9626	9.626500e+00	3.400000e+01
  9627	9.627500e+00	4.000000e+01
  9628	9.628500e+00	2.600000e+01
  9629	9.629500e+00	2.600000e+01
  9630	9.630500e+00	3.000000e+01
  9631	9.631500e+00	3.600000e+01
  9632	9.632500e+00	2.800000e+01
  9633	9.633500e+00	4.000000e+01
  9634	9.634500e+00	2.900000e+01
  9635	9.635500e+00	2.800000e+01
  9636	9.636500e+00	3.600000e+01
  9637	9.637500e+00	3.400000e+01
  9638	9.638500e+00	3.600000e+01
  9639	9.639500e+00	2.400000e+01
  9640	9.640500e+00	2.900000e+01
  9641	9.641500e+00	3.500000e+01
  9642	9.642500e+00	2.700000e+01
  9643	9.643500e+00	2.400000e+01
  9644	9.644500e+00	2.700000e+01
  9645	9.645500e+00	3.700000e+01
  9646	9.646500e+00	2.100000e+01
  9647	9.647500e+00	3.000000e+01
  9648	9.648500e+00	3.200000e+01
  9649	9.649500e+00	3.200000e+01
  9650	9.650500e+00	3.300000e+01
  9651	9.651500e+00	3.500000e+01
  9652	9.652500e+00	3.600000e+01
  9653	9.653500e+00	3.000000e+01
  9654	9.654500e+00	3.400000e+01
  9655	9.655500e+00	3.000000e+01
  9656	9.656500e+00	2.600000e+01
  9657	9.657500e+00	2.300000e+01
  9658	9.658500e+00	3.700000e+01
  9659	9.659500e+00	3.500000e+01
  9660	9.660500e+00	2.600000e+01
  9661	9.661500e+00	3.100000e+01
  9662	9.662500e+00	3.500000e+01
  9663	9.663500e+00	3.400000e+01
  9664	9.664500e+00	3.400000e+01
  9665	9.665500e+00	3.500000e+01
  9666	9.666500e+00	4.200000e+01
  9667	9.667500e+00	3.000000e+01
  9668	9.668500e+00	3.000000e+01
  9669	9.669500e+00	2.800000e+01
  9670	9.670500e+00	4.100000e+01
  9671	9.671500e+00	2.600000e+01
  9672	9.672500e+00	3.300000e+01
  9673	9.673500e+00	2.900000e+01
  9674	9.674500e+00	3.200000e+01
  9675	9.675500e+00	2.800000e+01
  9676	9.676500e+00	3.100000e+01
  9677	9.677500e+00	3.200000e+01
  9678	9.678500e+00	2.800000e+01
  9679	9.679500e+00	3.700000e+01
  9680	9.680500e+00	3.000000e+01
  9681	9.681500e+00	3.600000e+01
  9682	9.682500e+00	3.400000e+01
  9683	9.683500e+00	4.300000e+01
  9684	9.684500e+00	3.200000e+01
  9685	9.685500e+00	2.600000e+01
  9686	9.686500e+00	3.300000e+01
  9687	9.687500e+00	4.200000e+01
  9688	9.688500e+00	3.000000e+01
  9689	9.689500e+00	3.300000e+01
  9690	9.690500e+00	3.700000e+01
  9691	9.691500e+00	2.700000e+01
  9692	9.692500e+00	3.900000e+01
  9693	9.693500e+00	3.300000e+01
  9694	9.694500e+00	3.100000e+01
  9695	9.695500e+00	2.700000e+01
  9696	9.696500e+00	3.000000e+01
  9697	9.697500e+00	3.000000e+01
  9698	9.698500e+00	3.200000e+01
  9699	9.699500e+00	4.300000e+01
  9700	9.700500e+00	3.900000e+01
  9701	9.701500e+00	3.700000e+01
  9702	9.702500e+00	3.100000e+01
  9703	9.703500e+00	3.500000e+01
  9704	9.704500e+00	2.600000e+01
  9705	9.705500e+00	2.800000e+01
  9706	9.706500e+00	3.100000e+01
  9707	9.707500e+00	2.800000e+01
  9708	9.708500e+00	3.100000e+01
  9709	9.709500e+00	3.300000e+01
  9710	9.710500e+00	2.500000e+01
  9711	9.711500e+00	3.300000e+01
  9712	9.712500e+00	3.600000e+01
  9713	9.713500e+00	3.000000e+01
  9714	9.714500e+00	3.100000e+01
  9715	9.715500e+00	3.800000e+01
  9716	9.716500e+00	4.600000e+01
  9717	9.717500e+00	4.200000e+01
  9718	9.718500e+00	3.100000e+01
  9719	9.719500e+00	3.800000e+01
  9720	9.720500e+00	2.800000e+01
  9721	9.721500e+00	3.400000e+01
  9722	9.722500e+00	3.300000e+01
  9723	9.723500e+00	2.900000e+01
  9724	9.724500e+00	3.500000e+01
  9725	9.725500e+00	2.600000e+01
  9726	9.726500e+00	2.500000e+01
  9727	9.727500e+00	4.000000e+01
  9728	9.728500e+00	4.000000e+01
  9729	9.729500e+00	3.500000e+01
  9730	9.730500e+00	4.100000e+01
  9731	9.731500e+00	3.400000e+01
  9732	9.732500e+00	3.500000e+01
  9733	9.733500e+00	3.100000e+01
  9734	9.734500e+00	2.100000e+01
  9735	9.735500e+00	3.300000e+01
  9736	9.736500e+00	3.100000e+01
  9737	9.737500e+00	3.000000e+01
  9738	9.738500e+00	3.000000e+01
  9739	9.739500e+00	3.400000e+01
  9740	9.740500e+00	1.800000e+01
  9741	9.741500e+00	2.700000e+01
  9742	9.742500e+00	2.100000e+01
  9743	9.743500e+00	3.000000e+01
  9744	9.744500e+00	2.800000e+01
  9745	9.745500e+00	3.100000e+01
  9746	9.746500e+00	3.300000e+01
  9747	9.747500e+00	3.200000e+01
  9748	9.748500e+00	3.500000e+01
  9749	9.749500e+00	3.500000e+01
  9750	9.750500e+00	3.400000e+01
  9751	9.751500e+00	2.800000e+01
  9752	9.752500e+00	3.300000e+01
  9753	9.753500e+00	3.400000e+01
  9754	9.754500e+00	3.000000e+01
  9755	9.755500e+00	2.600000e+01
  9756	9.756500e+00	3.900000e+01
  9757	9.757500e+00	3.700000e+01
  9758	9.758500e+00	2.400000e+01
  9759	9.759500e+00	2.500000e+01
  9760	9.760500e+00	2.800000e+01
  9761	9.761500e+00	4.200000e+01
  9762	9.762500e+00	2.100000e+01
  9763	9.763500e+00	2.600000e+01
  9764	9.764500e+00	4.000000e+01
  9765	9.765500e+00	3.200000e+01
  9766	9.766500e+00	3.200000e+01
  9767	9.767500e+00	2.000000e+01
  9768	9.768500e+00	2.700000e+01
  9769	9.769500e+00	2.300000e+01
  9770	9.770500e+00	3.600000e+01
  9771	9.771500e+00	2.600000e+01
  9772	9.772500e+00	3.800000e+01
  9773	9.773500e+00	2.600000e+01
  9774	9.774500e+00	2.400000e+01
  9775	9.775500e+00	2.400000e+01
  9776	9.776500e+00	3.300000e+01
  9777	9.777500e+00	3.200000e+01
  9778	9.778500e+00	2.800000e+01
  9779	9.779500e+00	3.000000e+01
  9780	9.780500e+00	2.800000e+01
  9781	9.781500e+00	3.300000e+01
  9782	9.782500e+00	3.500000e+01
  9783	9.783500e+00	3.100000e+01
  9784	9.784500e+00	3.500000e+01
  9785	9.785500e+00	2.600000e+01
  9786	9.786500e+00	3.400000e+01
  9787	9.787500e+00	2.500000e+01
  9788	9.788500e+00	2.900000e+01
  9789	9.789500e+00	3.300000e+01
  9790	9.790500e+00	3.600000e+01
  9791	9.791500e+00	2.900000e+01
  9792	9.792500e+00	3.100000e+01
  9793	9.793500e+00	4.000000e+01
  9794	9.794500e+00	3.000000e+01
  9795	9.795500e+00	3.700000e+01
  9796	9.796500e+00	4.300000e+01
  9797	9.797500e+00	3.600000e+01
  9798	9.798500e+00	3.700000e+01
  9799	9.799500e+00	3.900000e+01
  9800	9.800500e+00	3.100000e+01
  9801	9.801500e+00	3.400000e+01
  9802	9.802500e+00	5.000000e+01
  9803	9.803500e+00	2.300000e+01
  9804	9.804500e+00	3.000000e+01
  9805	9.805500e+00	3.000000e+01
  9806	9.806500e+00	3.300000e+01
  9807	9.807500e+00	2.700000e+01
  9808	9.808500e+00	3.600000e+01
  9809	9.809500e+00	3.600000e+01
  9810	9.810500e+00	2.800000e+01
  9811	9.811500e+00	3.000000e+01
  9812	9.812500e+00	2.800000e+01
  9813	9.813500e+00	2.100000e+01
  9814	9.814500e+00	3.200000e+01
  9815	9.815500e+00	3.800000e+01
  9816	9.816500e+00	2.500000e+01
  9817	9.817500e+00	2.400000e+01
  9818	9.818500e+00	3.800000e+01
  9819	9.819500e+00	4.000000e+01
  9820	9.820500e+00	2.600000e+01
  9821	9.821500e+00	2.800000e+01
  9822	9.822500e+00	2.700000e+01
  9823	9.823500e+00	3.200000e+01
  9824	9.824500e+00	2.500000e+01
  9825	9.825500e+00	2.500000e+01
  9826	9.826500e+00	3.400000e+01
  9827	9.827500e+00	4.400000e+01
  9828	9.828500e+00	3.000000e+01
  9829	9.829500e+00	3.800000e+01
  9830	9.830500e+00	3.000000e+01
  9831	9.831500e+00	3.300000e+01
  9832	9.832500e+00	3.900000e+01
  9833	9.833500e+00	3.000000e+01
  9834	9.834500e+00	3.800000e+01
  9835	9.835500e+00	2.500000e+01
  9836	9.836500e+00	3.200000e+01
  9837	9.837500e+00	3.200000e+01
  9838	9.838500e+00	2.300000e+01
  9839	9.839500e+00	3.100000e+01
  9840	9.840500e+00	3.000000e+01
  9841	9.841500e+00	2.600000e+01
  9842	9.842500e+00	3.300000e+01
  9843	9.843500e+00	4.300000e+01
  9844	9.844500e+00	3.400000e+01
  9845	9.845500e+00	2.600000e+01
  9846	9.846500e+00	2.600000e+01
  9847	9.847500e+00	3.900000e+01
  9848	9.848500e+00	3.700000e+01
  9849	9.849500e+00	2.800000e+01
  9850	9.850500e+00	2.300000e+01
  9851	9.851500e+00	3.200000e+01
  9852	9.852500e+00	2.500000e+01
  9853	9.853500e+00	4.200000e+01
  9854	9.854500e+00	4.300000e+01
  9855	9.855500e+00	4.100000e+01
  9856	9.856500e+00	3.300000e+01
  9857	9.857500e+00	3.300000e+01
  9858	9.858500e+00	4.300000e+01
  9859	9.859500e+00	3.500000e+01
  9860	9.860500e+00	3.400000e+01
  9861	9.861500e+00	2.400000e+01
  9862	9.862500e+00	3.500000e+01
  9863	9.863500e+00	2.500000e+01
  9864	9.864500e+00	3.400000e+01
  9865	9.865500e+00	3.900000e+01
  9866	9.866500e+00	3.500000e+01
  9867	9.867500e+00	2.900000e+01
  9868	9.868500e+00	3.400000e+01
  9869	9.869500e+00	3.100000e+01
  9870	9.870500e+00	2.600000e+01
  9871	9.871500e+00	3.100000e+01
  9872	9.872500e+00	2.600000e+01
  9873	9.873500e+00	4.500000e+01
  9874	9.874500e+00	3.300000e+01
  9875	9.875500e+00	3.400000e+01
  9876	9.876500e+00	3.500000e+01
  9877	9.877500e+00	3.800000e+01
  9878	9.878500e+00	3.200000e+01
  9879	9.879500e+00	3.400000e+01
  9880	9.880500e+00	2.900000e+01
  9881	9.881500e+00	3.900000e+01
  9882	9.882500e+00	2.700000e+01
  9883	9.883500e+00	3.700000e+01
  9884	9.884500e+00	3.800000e+01
  9885	9.885500e+00	2.800000e+01
  9886	9.886500e+00	2.100000e+01
  9887	9.887500e+00	3.200000e+01
  9888	9.888500e+00	3.300000e+01
  9889	9.889500e+00	3.700000e+01
  9890	9.890500e+00	3.000000e+01
  9891	9.891500e+00	2.100000e+01
  9892	9.892500e+00	3.300000e+01
  9893	9.893500e+00	2.800000e+01
  9894	9.894500e+00	2.500000e+01
  9895	9.895500e+00	2.600000e+01
  9896	9.896500e+00	3.000000e+01
  9897	9.897500e+00	3.000000e+01
  9898	9.898500e+00	2.900000e+01
  9899	9.899500e+00	3.600000e+01
  9900	9.900500e+00	2.500000e+01
  9901	9.901500e+00	2.500000e+01
  9902	9.902500e+00	2.400000e+01
  9903	9.903500e+00	3.300000e+01
  9904	9.904500e+00	3.400000e+01
  9905	9.905500e+00	3.400000e+01
  9906	9.906500e+00	3.600000e+01
  9907	9.907500e+00	2.100000e+01
  9908	9.908500e+00	3.600000e+01
  9909	9.909500e+00	2.200000e+01
  9910	9.910500e+00	3.400000e+01
  9911	9.911500e+00	3.500000e+01
  9912	9.912500e+00	3.000000e+01
  9913	9.913500e+00	3.100000e+01
  9914	9.914500e+00	2.900000e+01
  9915	9.915500e+00	2.600000e+01
  9916	9.916500e+00	2.900000e+01
  9917	9.917500e+00	2.700000e+01
  9918	9.918500e+00	3.000000e+01
  9919	9.919500e+00	3.200000e+01
  9920	9.920500e+00	3.700000e+01
  9921	9.921500e+00	3.900000e+01
  9922	9.922500e+00	2.100000e+01
  9923	9.923500e+00	2.000000e+01
  9924	9.924500e+00	2.800000e+01
  9925	9.925500e+00	2.600000e+01
  9926	9.926500e+00	3.600000e+01
  9927	9.927500e+00	3.600000e+01
  9928	9.928500e+00	2.800000e+01
  9929	9.929500e+00	2.700000e+01
  9930	9.930500e+00	3.300000e+01
  9931	9.931500e+00	4.200000e+01
  9932	9.932500e+00	3.000000e+01
  9933	9.933500e+00	2.400000e+01
  9934	9.934500e+00	4.800000e+01
  9935	9.935500e+00	3.100000e+01
  9936	9.936500e+00	3.600000e+01
  9937	9.937500e+00	3.100000e+01
  9938	9.938500e+00	2.600000e+01
  9939	9.939500e+00	3.900000e+01
  9940	9.940500e+00	1.800000e+01
  9941	9.941500e+00	2.600000e+01
  9942	9.942500e+00	2.500000e+01
  9943	9.943500e+00	3.300000e+01
  9944	9.944500e+00	3.600000e+01
  9945	9.945500e+00	2.900000e+01
  9946	9.946500e+00	2.700000e+01
  9947	9.947500e+00	3.300000e+01
  9948	9.948500e+00	3.500000e+01
  9949	9.949500e+00	2.700000e+01
  9950	9.950500e+00	2.400000e+01
  9951	9.951500e+00	3.200000e+01
  9952	9.952500e+00	3.600000e+01
  9953	9.953500e+00	3.200000e+01
  9954	9.954500e+00	2.700000e+01
  9955	9.955500e+00	3.400000e+01
  9956	9.956500e+00	3.900000e+01
  9957	9.957500e+00	2.700000e+01
  9958	9.958500e+00	2.800000e+01
  9959	9.959500e+00	3.200000e+01
  9960	9.960500e+00	3.600000e+01
  9961	9.961500e+00	3.100000e+01
  9962	9.962500e+00	3.600000e+01
  9963	9.963500e+00	3.300000e+01
  9964	9.964500e+00	3.800000e+01
  9965	9.965500e+00	4.800000e+01
  9966	9.966500e+00	2.300000e+01
  9967	9.967500e+00	3.200000e+01
  9968	9.968500e+00	2.900000e+01
  9969	9.969500e+00	2.100000e+01
  9970	9.970500e+00	2.000000e+01
  9971	9.971500e+00	3.400000e+01
  9972	9.972500e+00	2.300000e+01
  9973	9.973500e+00	2.200000e+01
  9974	9.974500e+00	2.500000e+01
  9975	9.975500e+00	2.800000e+01
  9976	9.976500e+00	2.300000e+01
  9977	9.977500e+00	3.600000e+01
  9978	9.978500e+00	3.000000e+01
  9979	9.979500e+00	2.500000e+01
  9980	9.980500e+00	2.200000e+01
  9981	9.981500e+00	2.600000e+01
  9982	9.982500e+00	2.300000e+01
  9983	9.983500e+00	2.500000e+01
  9984	9.984500e+00	3.900000e+01
  9985	9.985500e+00	3.100000e+01
  9986	9.986500e+00	2.400000e+01
  9987	9.987500e+00	3.200000e+01
  9988	9.988500e+00	2.600000e+01
  9989	9.989500e+00	2.900000e+01
  9990	9.990500e+00	2.600000e+01
  9991	9.991500e+00	2.500000e+01
  9992	9.992500e+00	3.000000e+01
  9993	9.993500e+00	2.600000e+01
  9994	9.994500e+00	2.900000e+01
  9995	9.995500e+00	1.900000e+01
  9996	9.996500e+00	2.400000e+01
  9997	9.997500e+00	2.500000e+01
  9998	9.998500e+00	3.800000e+01
  9999	9.999500e+00	3.100000e+01

  1D histogram 12: energy spectrum of secondary e-
 
 	     X 		     Y
  0	5.000000e-02	0.000000e+00
  1	1.500000e-01	0.000000e+00
  2	2.500000e-01	0.000000e+00
  3	3.500000e-01	0.000000e+00
  4	4.500000e-01	0.000000e+00
  5	5.500000e-01	0.000000e+00
  6	6.500000e-01	0.000000e+00
  7	7.500000e-01	0.000000e+00
  8	8.500000e-01	0.000000e+00
  9	9.500000e-01	9.824000e+03
  10	1.050000e+00	8.796400e+04
  11	1.150000e+00	7.310600e+04
  12	1.250000e+00	6.244800e+04
  13	1.350000e+00	5.327600e+04
  14	1.450000e+00	4.606100e+04
  15	1.550000e+00	4.080700e+04
  16	1.650000e+00	3.559800e+04
  17	1.750000e+00	3.173900e+04
  18	1.850000e+00	2.837700e+04
  19	1.950000e+00	2.573200e+04
  20	2.050000e+00	2.287600e+04
  21	2.150000e+00	2.106700e+04
  22	2.250000e+00	1.903700e+04
  23	2.350000e+00	1.750900e+04
  24	2.450000e+00	1.609300e+04
  25	2.550000e+00	1.484700e+04
  26	2.650000e+00	1.389200e+04
  27	2.750000e+00	1.286600e+04
  28	2.850000e+00	1.205800e+04
  29	2.950000e+00	1.124300e+04
  30	3.050000e+00	1.057000e+04
  31	3.150000e+00	9.687000e+03
  32	3.250000e+00	9.028000e+03
  33	3.350000e+00	8.645000e+03
  34	3.450000e+00	8.105000e+03
  35	3.550000e+00	7.715000e+03
  36	3.650000e+00	7.293000e+03
  37	3.750000e+00	6.888000e+03
  38	3.850000e+00	6.503000e+03
  39	3.950000e+00	6.165000e+03
  40	4.050000e+00	6.133000e+03
  41	4.150000e+00	5.580000e+03
  42	4.250000e+00	5.354000e+03
  43	4.350000e+00	5.128000e+03
  44	4.450000e+00	4.947000e+03
  45	4.550000e+00	4.802000e+03
  46	4.650000e+00	4.613000e+03
  47	4.750000e+00	4.251000e+03
  48	4.850000e+00	4.037000e+03
  49	4.950000e+00	4.055000e+03
  50	5.050000e+00	3.821000e+03
  51	5.150000e+00	3.601000e+03
  52	5.250000e+00	3.403000e+03
  53	5.350000e+00	3.326000e+03
  54	5.450000e+00	3.173000e+03
  55	5.550000e+00	3.194000e+03
  56	5.650000e+00	3.153000e+03
  57	5.750000e+00	2.968000e+03
  58	5.850000e+00	2.798000e+03
  59	5.950000e+00	2.707000e+03
  60	6.050000e+00	2.659000e+03
  61	6.150000e+00	2.589000e+03
  62	6.250000e+00	2.416000e+03
  63	6.350000e+00	2.396000e+03
  64	6.450000e+00	2.262000e+03
  65	6.550000e+00	2.306000e+03
  66	6.650000e+00	2.148000e+03
  67	6.750000e+00	2.138000e+03
  68	6.850000e+00	2.010000e+03
  69	6.950000e+00	1.918000e+03
  70	7.050000e+00	1.919000e+03
  71	7.150000e+00	1.852000e+03
  72	7.250000e+00	1.786000e+03
  73	7.350000e+00	1.743000e+03
  74	7.450000e+00	1.768000e+03
  75	7.550000e+00	1.633000e+03
  76	7.650000e+00	1.585000e+03
  77	7.750000e+00	1.641000e+03
  78	7.850000e+00	1.611000e+03
  79	7.950000e+00	1.545000e+03
  80	8.050000e+00	1.454000e+03
  81	8.150000e+00	1.493000e+03
  82	8.250000e+00	1.439000e+03
  83	8.350000e+00	1.437000e+03
  84	8.450000e+00	1.359000e+03
  85	8.550000e+00	1.312000e+03
  86	8.650000e+00	1.286000e+03
  87	8.750000e+00	1.340000e+03
  88	8.850000e+00	1.184000e+03
  89	8.950000e+00	1.209000e+03
  90	9.050000e+00	1.196000e+03
  91	9.150000e+00	1.138000e+03
  92	9.250000e+00	1.117000e+03
  93	9.350000e+00	1.077000e+03
  94	9.450000e+00	1.099000e+03
  95	9.550000e+00	9.950000e+02
  96	9.650000e+00	9.950000e+02
  97	9.750000e+00	1.030000e+03
  98	9.850000e+00	1.002000e+03
  99	9.950000e+00	9.380000e+02
  100	1.005000e+01	9.530000e+02
  101	1.015000e+01	9.310000e+02
  102	1.025000e+01	8.780000e+02
  103	1.035000e+01	8.750000e+02
  104	1.045000e+01	8.580000e+02
  105	1.055000e+01	9.020000e+02
  106	1.065000e+01	7.950000e+02
  107	1.075000e+01	8.280000e+02
  108	1.085000e+01	7.930000e+02
  109	1.095000e+01	7.800000e+02
  110	1.105000e+01	8.040000e+02
  111	1.115000e+01	7.410000e+02
  112	1.125000e+01	7.830000e+02
  113	1.135000e+01	7.360000e+02
  114	1.145000e+01	7.130000e+02
  115	1.155000e+01	6.780000e+02
  116	1.165000e+01	6.890000e+02
  117	1.175000e+01	6.930000e+02
  118	1.185000e+01	6.770000e+02
  119	1.195000e+01	6.680000e+02
  120	1.205000e+01	6.350000e+02
  121	1.215000e+01	6.690000e+02
  122	1.225000e+01	6.520000e+02
  123	1.235000e+01	6.330000e+02
  124	1.245000e+01	6.220000e+02
  125	1.255000e+01	6.060000e+02
  126	1.265000e+01	5.570000e+02
  127	1.275000e+01	6.020000e+02
  128	1.285000e+01	6.230000e+02
  129	1.295000e+01	6.280000e+02
  130	1.305000e+01	5.460000e+02
  131	1.315000e+01	5.460000e+02
  132	1.325000e+01	5.410000e+02
  133	1.335000e+01	5.690000e+02
  134	1.345000e+01	5.530000e+02
  135	1.355000e+01	5.420000e+02
  136	1.365000e+01	5.500000e+02
  137	1.375000e+01	4.800000e+02
  138	1.385000e+01	4.940000e+02
  139	1.395000e+01	4.860000e+02
  140	1.405000e+01	4.840000e+02
  141	1.415000e+01	4.750000e+02
  142	1.425000e+01	4.860000e+02
  143	1.435000e+01	4.460000e+02
  144	1.445000e+01	4.630000e+02
  145	1.455000e+01	4.730000e+02
  146	1.465000e+01	4.180000e+02
  147	1.475000e+01	4.540000e+02
  148	1.485000e+01	4.320000e+02
  149	1.495000e+01	4.460000e+02
  150	1.505000e+01	4.270000e+02
  151	1.515000e+01	4.200000e+02
  152	1.525000e+01	4.370000e+02
  153	1.535000e+01	4.250000e+02
  154	1.545000e+01	3.870000e+02
  155	1.555000e+01	4.290000e+02
  156	1.565000e+01	4.180000e+02
  157	1.575000e+01	3.770000e+02
  158	1.585000e+01	3.650000e+02
  159	1.595000e+01	3.690000e+02
  160	1.605000e+01	3.680000e+02
  161	1.615000e+01	3.500000e+02
  162	1.625000e+01	3.730000e+02
  163	1.635000e+01	3.440000e+02
  164	1.645000e+01	3.600000e+02
  165	1.655000e+01	3.580000e+02
  166	1.665000e+01	3.600000e+02
  167	1.675000e+01	3.770000e+02
  168	1.685000e+01	3.090000e+02
  169	1.695000e+01	3.320000e+02
  170	1.705000e+01	3.510000e+02
  171	1.715000e+01	3.310000e+02
  172	1.725000e+01	3.120000e+02
  173	1.735000e+01	3.120000e+02
  174	1.745000e+01	2.990000e+02
  175	1.755000e+01	2.980000e+02
  176	1.765000e+01	3.310000e+02
  177	1.775000e+01	2.870000e+02
  178	1.785000e+01	3.510000e+02
  179	1.795000e+01	3.160000e+02
  180	1.805000e+01	2.980000e+02
  181	1.815000e+01	2.920000e+02
  182	1.825000e+01	2.850000e+02
  183	1.835000e+01	2.730000e+02
  184	1.845000e+01	2.590000e+02
  185	1.855000e+01	2.810000e+02
  186	1.865000e+01	2.930000e+02
  187	1.875000e+01	2.480000e+02
  188	1.885000e+01	2.740000e+02
  189	1.895000e+01	2.700000e+02
  190	1.905000e+01	2.490000e+02
  191	1.915000e+01	2.650000e+02
  192	1.925000e+01	2.560000e+02
  193	1.935000e+01	2.590000e+02
  194	1.945000e+01	2.540000e+02
  195	1.955000e+01	2.800000e+02
  196	1.965000e+01	2.480000e+02
  197	1.975000e+01	2.420000e+02
  198	1.985000e+01	2.500000e+02
  199	1.995000e+01	2.300000e+02
