
  1D histogram 1: step size of primary track
 
 	     X 		     Y
  0	2.500000e-03	3.366000e+03
  1	7.500000e-03	3.395000e+03
  2	1.250000e-02	3.313000e+03
  3	1.750000e-02	3.283000e+03
  4	2.250000e-02	3.269000e+03
  5	2.750000e-02	3.334000e+03
  6	3.250000e-02	3.402000e+03
  7	3.750000e-02	3.413000e+03
  8	4.250000e-02	3.456000e+03
  9	4.750000e-02	3.460000e+03
  10	5.250000e-02	3.254000e+03
  11	5.750000e-02	3.372000e+03
  12	6.250000e-02	3.125000e+03
  13	6.750000e-02	3.227000e+03
  14	7.250000e-02	3.246000e+03
  15	7.750000e-02	3.461000e+03
  16	8.250000e-02	3.406000e+03
  17	8.750000e-02	3.352000e+03
  18	9.250000e-02	3.311000e+03
  19	9.750000e-02	3.364000e+03
  20	1.025000e-01	3.378000e+03
  21	1.075000e-01	3.381000e+03
  22	1.125000e-01	3.287000e+03
  23	1.175000e-01	3.264000e+03
  24	1.225000e-01	3.377000e+03
  25	1.275000e-01	3.284000e+03
  26	1.325000e-01	3.307000e+03
  27	1.375000e-01	3.280000e+03
  28	1.425000e-01	3.288000e+03
  29	1.475000e-01	3.271000e+03
  30	1.525000e-01	3.329000e+03
  31	1.575000e-01	3.250000e+03
  32	1.625000e-01	3.407000e+03
  33	1.675000e-01	3.337000e+03
  34	1.725000e-01	3.333000e+03
  35	1.775000e-01	3.314000e+03
  36	1.825000e-01	3.141000e+03
  37	1.875000e-01	3.362000e+03
  38	1.925000e-01	3.306000e+03
  39	1.975000e-01	3.258000e+03
  40	2.025000e-01	3.314000e+03
  41	2.075000e-01	3.215000e+03
  42	2.125000e-01	3.297000e+03
  43	2.175000e-01	3.230000e+03
  44	2.225000e-01	3.320000e+03
  45	2.275000e-01	3.229000e+03
  46	2.325000e-01	3.294000e+03
  47	2.375000e-01	3.310000e+03
  48	2.425000e-01	3.146000e+03
  49	2.475000e-01	3.250000e+03
  50	2.525000e-01	3.366000e+03
  51	2.575000e-01	3.160000e+03
  52	2.625000e-01	3.185000e+03
  53	2.675000e-01	3.226000e+03
  54	2.725000e-01	3.265000e+03
  55	2.775000e-01	3.224000e+03
  56	2.825000e-01	3.179000e+03
  57	2.875000e-01	3.175000e+03
  58	2.925000e-01	3.330000e+03
  59	2.975000e-01	3.276000e+03
  60	3.025000e-01	3.288000e+03
  61	3.075000e-01	3.306000e+03
  62	3.125000e-01	3.302000e+03
  63	3.175000e-01	3.170000e+03
  64	3.225000e-01	3.089000e+03
  65	3.275000e-01	3.262000e+03
  66	3.325000e-01	3.269000e+03
  67	3.375000e-01	3.149000e+03
  68	3.425000e-01	3.281000e+03
  69	3.475000e-01	3.218000e+03
  70	3.525000e-01	3.163000e+03
  71	3.575000e-01	3.198000e+03
  72	3.625000e-01	3.191000e+03
  73	3.675000e-01	3.286000e+03
  74	3.725000e-01	3.264000e+03
  75	3.775000e-01	3.173000e+03
  76	3.825000e-01	3.112000e+03
  77	3.875000e-01	3.245000e+03
  78	3.925000e-01	3.203000e+03
  79	3.975000e-01	3.150000e+03
  80	4.025000e-01	3.211000e+03
  81	4.075000e-01	3.187000e+03
  82	4.125000e-01	3.215000e+03
  83	4.175000e-01	3.195000e+03
  84	4.225000e-01	3.184000e+03
  85	4.275000e-01	3.097000e+03
  86	4.325000e-01	3.129000e+03
  87	4.375000e-01	3.217000e+03
  88	4.425000e-01	3.185000e+03
  89	4.475000e-01	3.094000e+03
  90	4.525000e-01	3.161000e+03
  91	4.575000e-01	3.133000e+03
  92	4.625000e-01	3.210000e+03
  93	4.675000e-01	3.172000e+03
  94	4.725000e-01	3.144000e+03
  95	4.775000e-01	3.124000e+03
  96	4.825000e-01	3.099000e+03
  97	4.875000e-01	3.199000e+03
  98	4.925000e-01	3.207000e+03
  99	4.975000e-01	3.119000e+03
  100	5.025000e-01	3.158000e+03
  101	5.075000e-01	3.140000e+03
  102	5.125000e-01	3.076000e+03
  103	5.175000e-01	3.086000e+03
  104	5.225000e-01	3.136000e+03
  105	5.275000e-01	3.132000e+03
  106	5.325000e-01	3.170000e+03
  107	5.375000e-01	3.115000e+03
  108	5.425000e-01	3.146000e+03
  109	5.475000e-01	3.098000e+03
  110	5.525000e-01	3.236000e+03
  111	5.575000e-01	3.129000e+03
  112	5.625000e-01	3.090000e+03
  113	5.675000e-01	3.149000e+03
  114	5.725000e-01	3.117000e+03
  115	5.775000e-01	3.147000e+03
  116	5.825000e-01	3.214000e+03
  117	5.875000e-01	3.131000e+03
  118	5.925000e-01	3.120000e+03
  119	5.975000e-01	3.136000e+03
  120	6.025000e-01	3.074000e+03
  121	6.075000e-01	3.026000e+03
  122	6.125000e-01	3.042000e+03
  123	6.175000e-01	3.117000e+03
  124	6.225000e-01	3.009000e+03
  125	6.275000e-01	2.963000e+03
  126	6.325000e-01	3.107000e+03
  127	6.375000e-01	3.062000e+03
  128	6.425000e-01	3.126000e+03
  129	6.475000e-01	3.134000e+03
  130	6.525000e-01	3.025000e+03
  131	6.575000e-01	3.112000e+03
  132	6.625000e-01	3.001000e+03
  133	6.675000e-01	3.053000e+03
  134	6.725000e-01	3.136000e+03
  135	6.775000e-01	3.214000e+03
  136	6.825000e-01	3.038000e+03
  137	6.875000e-01	3.058000e+03
  138	6.925000e-01	3.039000e+03
  139	6.975000e-01	3.067000e+03
  140	7.025000e-01	2.996000e+03
  141	7.075000e-01	3.029000e+03
  142	7.125000e-01	3.045000e+03
  143	7.175000e-01	3.101000e+03
  144	7.225000e-01	3.079000e+03
  145	7.275000e-01	2.946000e+03
  146	7.325000e-01	2.936000e+03
  147	7.375000e-01	3.000000e+03
  148	7.425000e-01	3.058000e+03
  149	7.475000e-01	2.996000e+03
  150	7.525000e-01	2.997000e+03
  151	7.575000e-01	2.997000e+03
  152	7.625000e-01	3.033000e+03
  153	7.675000e-01	2.968000e+03
  154	7.725000e-01	3.056000e+03
  155	7.775000e-01	3.007000e+03
  156	7.825000e-01	2.990000e+03
  157	7.875000e-01	2.949000e+03
  158	7.925000e-01	3.005000e+03
  159	7.975000e-01	2.986000e+03
  160	8.025000e-01	3.024000e+03
  161	8.075000e-01	3.075000e+03
  162	8.125000e-01	3.046000e+03
  163	8.175000e-01	2.976000e+03
  164	8.225000e-01	3.047000e+03
  165	8.275000e-01	2.931000e+03
  166	8.325000e-01	3.047000e+03
  167	8.375000e-01	3.002000e+03
  168	8.425000e-01	2.977000e+03
  169	8.475000e-01	2.922000e+03
  170	8.525000e-01	3.026000e+03
  171	8.575000e-01	3.019000e+03
  172	8.625000e-01	3.077000e+03
  173	8.675000e-01	3.009000e+03
  174	8.725000e-01	2.871000e+03
  175	8.775000e-01	3.109000e+03
  176	8.825000e-01	2.936000e+03
  177	8.875000e-01	2.989000e+03
  178	8.925000e-01	2.943000e+03
  179	8.975000e-01	3.047000e+03
  180	9.025000e-01	3.055000e+03
  181	9.075000e-01	3.038000e+03
  182	9.125000e-01	2.944000e+03
  183	9.175000e-01	3.067000e+03
  184	9.225000e-01	2.980000e+03
  185	9.275000e-01	2.960000e+03
  186	9.325000e-01	2.969000e+03
  187	9.375000e-01	3.013000e+03
  188	9.425000e-01	3.039000e+03
  189	9.475000e-01	2.999000e+03
  190	9.525000e-01	2.925000e+03
  191	9.575000e-01	2.836000e+03
  192	9.625000e-01	2.942000e+03
  193	9.675000e-01	2.978000e+03
  194	9.725000e-01	2.977000e+03
  195	9.775000e-01	2.930000e+03
  196	9.825000e-01	2.935000e+03
  197	9.875000e-01	2.918000e+03
  198	9.925000e-01	2.904000e+03
  199	9.975000e-01	2.970000e+03
  200	1.002500e+00	3.012000e+03
  201	1.007500e+00	2.844000e+03
  202	1.012500e+00	2.934000e+03
  203	1.017500e+00	2.962000e+03
  204	1.022500e+00	2.958000e+03
  205	1.027500e+00	2.941000e+03
  206	1.032500e+00	2.920000e+03
  207	1.037500e+00	2.923000e+03
  208	1.042500e+00	2.873000e+03
  209	1.047500e+00	2.948000e+03
  210	1.052500e+00	2.905000e+03
  211	1.057500e+00	2.912000e+03
  212	1.062500e+00	2.867000e+03
  213	1.067500e+00	2.901000e+03
  214	1.072500e+00	2.942000e+03
  215	1.077500e+00	2.906000e+03
  216	1.082500e+00	2.965000e+03
  217	1.087500e+00	2.918000e+03
  218	1.092500e+00	2.917000e+03
  219	1.097500e+00	2.933000e+03
  220	1.102500e+00	2.897000e+03
  221	1.107500e+00	2.940000e+03
  222	1.112500e+00	3.045000e+03
  223	1.117500e+00	2.853000e+03
  224	1.122500e+00	2.830000e+03
  225	1.127500e+00	2.849000e+03
  226	1.132500e+00	2.918000e+03
  227	1.137500e+00	2.929000e+03
  228	1.142500e+00	2.939000e+03
  229	1.147500e+00	2.782000e+03
  230	1.152500e+00	3.021000e+03
  231	1.157500e+00	2.866000e+03
  232	1.162500e+00	2.938000e+03
  233	1.167500e+00	2.890000e+03
  234	1.172500e+00	2.866000e+03
  235	1.177500e+00	2.823000e+03
  236	1.182500e+00	2.730000e+03
  237	1.187500e+00	2.854000e+03
  238	1.192500e+00	2.891000e+03
  239	1.197500e+00	2.855000e+03
  240	1.202500e+00	2.858000e+03
  241	1.207500e+00	2.802000e+03
  242	1.212500e+00	2.917000e+03
  243	1.217500e+00	2.909000e+03
  244	1.222500e+00	2.913000e+03
  245	1.227500e+00	2.832000e+03
  246	1.232500e+00	2.926000e+03
  247	1.237500e+00	2.839000e+03
  248	1.242500e+00	2.949000e+03
  249	1.247500e+00	2.775000e+03
  250	1.252500e+00	2.810000e+03
  251	1.257500e+00	2.809000e+03
  252	1.262500e+00	2.883000e+03
  253	1.267500e+00	2.694000e+03
  254	1.272500e+00	2.790000e+03
  255	1.277500e+00	2.894000e+03
  256	1.282500e+00	2.829000e+03
  257	1.287500e+00	2.805000e+03
  258	1.292500e+00	2.827000e+03
  259	1.297500e+00	2.723000e+03
  260	1.302500e+00	2.776000e+03
  261	1.307500e+00	2.841000e+03
  262	1.312500e+00	2.969000e+03
  263	1.317500e+00	2.780000e+03
  264	1.322500e+00	2.835000e+03
  265	1.327500e+00	2.735000e+03
  266	1.332500e+00	2.838000e+03
  267	1.337500e+00	2.757000e+03
  268	1.342500e+00	2.800000e+03
  269	1.347500e+00	2.770000e+03
  270	1.352500e+00	2.833000e+03
  271	1.357500e+00	2.770000e+03
  272	1.362500e+00	2.871000e+03
  273	1.367500e+00	2.803000e+03
  274	1.372500e+00	2.870000e+03
  275	1.377500e+00	2.731000e+03
  276	1.382500e+00	2.859000e+03
  277	1.387500e+00	2.815000e+03
  278	1.392500e+00	2.897000e+03
  279	1.397500e+00	2.797000e+03
  280	1.402500e+00	2.819000e+03
  281	1.407500e+00	2.737000e+03
  282	1.412500e+00	2.776000e+03
  283	1.417500e+00	2.783000e+03
  284	1.422500e+00	2.702000e+03
  285	1.427500e+00	2.835000e+03
  286	1.432500e+00	2.705000e+03
  287	1.437500e+00	2.783000e+03
  288	1.442500e+00	2.684000e+03
  289	1.447500e+00	2.745000e+03
  290	1.452500e+00	2.758000e+03
  291	1.457500e+00	2.780000e+03
  292	1.462500e+00	2.830000e+03
  293	1.467500e+00	2.797000e+03
  294	1.472500e+00	2.767000e+03
  295	1.477500e+00	2.799000e+03
  296	1.482500e+00	2.759000e+03
  297	1.487500e+00	2.847000e+03
  298	1.492500e+00	2.854000e+03
  299	1.497500e+00	2.734000e+03
  300	1.502500e+00	2.698000e+03
  301	1.507500e+00	2.746000e+03
  302	1.512500e+00	2.759000e+03
  303	1.517500e+00	2.655000e+03
  304	1.522500e+00	2.754000e+03
  305	1.527500e+00	2.742000e+03
  306	1.532500e+00	2.687000e+03
  307	1.537500e+00	2.751000e+03
  308	1.542500e+00	2.712000e+03
  309	1.547500e+00	2.691000e+03
  310	1.552500e+00	2.707000e+03
  311	1.557500e+00	2.704000e+03
  312	1.562500e+00	2.778000e+03
  313	1.567500e+00	2.694000e+03
  314	1.572500e+00	2.684000e+03
  315	1.577500e+00	2.872000e+03
  316	1.582500e+00	2.751000e+03
  317	1.587500e+00	2.688000e+03
  318	1.592500e+00	2.708000e+03
  319	1.597500e+00	2.726000e+03
  320	1.602500e+00	2.693000e+03
  321	1.607500e+00	2.646000e+03
  322	1.612500e+00	2.703000e+03
  323	1.617500e+00	2.678000e+03
  324	1.622500e+00	2.741000e+03
  325	1.627500e+00	2.641000e+03
  326	1.632500e+00	2.660000e+03
  327	1.637500e+00	2.600000e+03
  328	1.642500e+00	2.624000e+03
  329	1.647500e+00	2.763000e+03
  330	1.652500e+00	2.687000e+03
  331	1.657500e+00	2.720000e+03
  332	1.662500e+00	2.645000e+03
  333	1.667500e+00	2.653000e+03
  334	1.672500e+00	2.645000e+03
  335	1.677500e+00	2.612000e+03
  336	1.682500e+00	2.708000e+03
  337	1.687500e+00	2.687000e+03
  338	1.692500e+00	2.662000e+03
  339	1.697500e+00	2.736000e+03
  340	1.702500e+00	2.634000e+03
  341	1.707500e+00	2.778000e+03
  342	1.712500e+00	2.679000e+03
  343	1.717500e+00	2.614000e+03
  344	1.722500e+00	2.808000e+03
  345	1.727500e+00	2.701000e+03
  346	1.732500e+00	2.592000e+03
  347	1.737500e+00	2.557000e+03
  348	1.742500e+00	2.676000e+03
  349	1.747500e+00	2.721000e+03
  350	1.752500e+00	2.637000e+03
  351	1.757500e+00	2.564000e+03
  352	1.762500e+00	2.663000e+03
  353	1.767500e+00	2.719000e+03
  354	1.772500e+00	2.665000e+03
  355	1.777500e+00	2.580000e+03
  356	1.782500e+00	2.703000e+03
  357	1.787500e+00	2.739000e+03
  358	1.792500e+00	2.549000e+03
  359	1.797500e+00	2.637000e+03
  360	1.802500e+00	2.592000e+03
  361	1.807500e+00	2.653000e+03
  362	1.812500e+00	2.671000e+03
  363	1.817500e+00	2.597000e+03
  364	1.822500e+00	2.568000e+03
  365	1.827500e+00	2.559000e+03
  366	1.832500e+00	2.606000e+03
  367	1.837500e+00	2.666000e+03
  368	1.842500e+00	2.573000e+03
  369	1.847500e+00	2.650000e+03
  370	1.852500e+00	2.687000e+03
  371	1.857500e+00	2.704000e+03
  372	1.862500e+00	2.569000e+03
  373	1.867500e+00	2.573000e+03
  374	1.872500e+00	2.597000e+03
  375	1.877500e+00	2.562000e+03
  376	1.882500e+00	2.648000e+03
  377	1.887500e+00	2.560000e+03
  378	1.892500e+00	2.646000e+03
  379	1.897500e+00	2.597000e+03
  380	1.902500e+00	2.639000e+03
  381	1.907500e+00	2.580000e+03
  382	1.912500e+00	2.631000e+03
  383	1.917500e+00	2.634000e+03
  384	1.922500e+00	2.587000e+03
  385	1.927500e+00	2.597000e+03
  386	1.932500e+00	2.630000e+03
  387	1.937500e+00	2.559000e+03
  388	1.942500e+00	2.597000e+03
  389	1.947500e+00	2.474000e+03
  390	1.952500e+00	2.642000e+03
  391	1.957500e+00	2.622000e+03
  392	1.962500e+00	2.605000e+03
  393	1.967500e+00	2.545000e+03
  394	1.972500e+00	2.545000e+03
  395	1.977500e+00	2.547000e+03
  396	1.982500e+00	2.637000e+03
  397	1.987500e+00	2.595000e+03
  398	1.992500e+00	2.473000e+03
  399	1.997500e+00	2.517000e+03
  400	2.002500e+00	2.517000e+03
  401	2.007500e+00	2.526000e+03
  402	2.012500e+00	2.507000e+03
  403	2.017500e+00	2.680000e+03
  404	2.022500e+00	2.540000e+03
  405	2.027500e+00	2.548000e+03
  406	2.032500e+00	2.562000e+03
  407	2.037500e+00	2.576000e+03
  408	2.042500e+00	2.612000e+03
  409	2.047500e+00	2.543000e+03
  410	2.052500e+00	2.617000e+03
  411	2.057500e+00	2.603000e+03
  412	2.062500e+00	2.504000e+03
  413	2.067500e+00	2.469000e+03
  414	2.072500e+00	2.583000e+03
  415	2.077500e+00	2.580000e+03
  416	2.082500e+00	2.538000e+03
  417	2.087500e+00	2.548000e+03
  418	2.092500e+00	2.526000e+03
  419	2.097500e+00	2.523000e+03
  420	2.102500e+00	2.532000e+03
  421	2.107500e+00	2.573000e+03
  422	2.112500e+00	2.613000e+03
  423	2.117500e+00	2.585000e+03
  424	2.122500e+00	2.523000e+03
  425	2.127500e+00	2.493000e+03
  426	2.132500e+00	2.548000e+03
  427	2.137500e+00	2.519000e+03
  428	2.142500e+00	2.541000e+03
  429	2.147500e+00	2.497000e+03
  430	2.152500e+00	2.551000e+03
  431	2.157500e+00	2.524000e+03
  432	2.162500e+00	2.495000e+03
  433	2.167500e+00	2.467000e+03
  434	2.172500e+00	2.405000e+03
  435	2.177500e+00	2.543000e+03
  436	2.182500e+00	2.507000e+03
  437	2.187500e+00	2.486000e+03
  438	2.192500e+00	2.511000e+03
  439	2.197500e+00	2.535000e+03
  440	2.202500e+00	2.564000e+03
  441	2.207500e+00	2.438000e+03
  442	2.212500e+00	2.429000e+03
  443	2.217500e+00	2.472000e+03
  444	2.222500e+00	2.591000e+03
  445	2.227500e+00	2.523000e+03
  446	2.232500e+00	2.500000e+03
  447	2.237500e+00	2.462000e+03
  448	2.242500e+00	2.418000e+03
  449	2.247500e+00	2.472000e+03
  450	2.252500e+00	2.482000e+03
  451	2.257500e+00	2.506000e+03
  452	2.262500e+00	2.498000e+03
  453	2.267500e+00	2.451000e+03
  454	2.272500e+00	2.482000e+03
  455	2.277500e+00	2.373000e+03
  456	2.282500e+00	2.379000e+03
  457	2.287500e+00	2.510000e+03
  458	2.292500e+00	2.526000e+03
  459	2.297500e+00	2.571000e+03
  460	2.302500e+00	2.516000e+03
  461	2.307500e+00	2.563000e+03
  462	2.312500e+00	2.444000e+03
  463	2.317500e+00	2.456000e+03
  464	2.322500e+00	2.512000e+03
  465	2.327500e+00	2.441000e+03
  466	2.332500e+00	2.395000e+03
  467	2.337500e+00	2.490000e+03
  468	2.342500e+00	2.438000e+03
  469	2.347500e+00	2.504000e+03
  470	2.352500e+00	2.488000e+03
  471	2.357500e+00	2.385000e+03
  472	2.362500e+00	2.390000e+03
  473	2.367500e+00	2.415000e+03
  474	2.372500e+00	2.420000e+03
  475	2.377500e+00	2.408000e+03
  476	2.382500e+00	2.371000e+03
  477	2.387500e+00	2.465000e+03
  478	2.392500e+00	2.474000e+03
  479	2.397500e+00	2.376000e+03
  480	2.402500e+00	2.435000e+03
  481	2.407500e+00	2.442000e+03
  482	2.412500e+00	2.424000e+03
  483	2.417500e+00	2.442000e+03
  484	2.422500e+00	2.523000e+03
  485	2.427500e+00	2.471000e+03
  486	2.432500e+00	2.478000e+03
  487	2.437500e+00	2.437000e+03
  488	2.442500e+00	2.438000e+03
  489	2.447500e+00	2.478000e+03
  490	2.452500e+00	2.475000e+03
  491	2.457500e+00	2.349000e+03
  492	2.462500e+00	2.304000e+03
  493	2.467500e+00	2.459000e+03
  494	2.472500e+00	2.383000e+03
  495	2.477500e+00	2.413000e+03
  496	2.482500e+00	2.406000e+03
  497	2.487500e+00	2.287000e+03
  498	2.492500e+00	2.395000e+03
  499	2.497500e+00	2.377000e+03
  500	2.502500e+00	2.400000e+03
  501	2.507500e+00	2.431000e+03
  502	2.512500e+00	2.463000e+03
  503	2.517500e+00	2.300000e+03
  504	2.522500e+00	2.408000e+03
  505	2.527500e+00	2.311000e+03
  506	2.532500e+00	2.376000e+03
  507	2.537500e+00	2.393000e+03
  508	2.542500e+00	2.440000e+03
  509	2.547500e+00	2.379000e+03
  510	2.552500e+00	2.280000e+03
  511	2.557500e+00	2.348000e+03
  512	2.562500e+00	2.380000e+03
  513	2.567500e+00	2.419000e+03
  514	2.572500e+00	2.441000e+03
  515	2.577500e+00	2.326000e+03
  516	2.582500e+00	2.394000e+03
  517	2.587500e+00	2.297000e+03
  518	2.592500e+00	2.323000e+03
  519	2.597500e+00	2.346000e+03
  520	2.602500e+00	2.384000e+03
  521	2.607500e+00	2.355000e+03
  522	2.612500e+00	2.337000e+03
  523	2.617500e+00	2.329000e+03
  524	2.622500e+00	2.372000e+03
  525	2.627500e+00	2.372000e+03
  526	2.632500e+00	2.383000e+03
  527	2.637500e+00	2.330000e+03
  528	2.642500e+00	2.330000e+03
  529	2.647500e+00	2.411000e+03
  530	2.652500e+00	2.395000e+03
  531	2.657500e+00	2.322000e+03
  532	2.662500e+00	2.330000e+03
  533	2.667500e+00	2.308000e+03
  534	2.672500e+00	2.290000e+03
  535	2.677500e+00	2.297000e+03
  536	2.682500e+00	2.240000e+03
  537	2.687500e+00	2.398000e+03
  538	2.692500e+00	2.351000e+03
  539	2.697500e+00	2.255000e+03
  540	2.702500e+00	2.353000e+03
  541	2.707500e+00	2.372000e+03
  542	2.712500e+00	2.302000e+03
  543	2.717500e+00	2.276000e+03
  544	2.722500e+00	2.252000e+03
  545	2.727500e+00	2.374000e+03
  546	2.732500e+00	2.318000e+03
  547	2.737500e+00	2.321000e+03
  548	2.742500e+00	2.290000e+03
  549	2.747500e+00	2.335000e+03
  550	2.752500e+00	2.376000e+03
  551	2.757500e+00	2.272000e+03
  552	2.762500e+00	2.356000e+03
  553	2.767500e+00	2.340000e+03
  554	2.772500e+00	2.303000e+03
  555	2.777500e+00	2.229000e+03
  556	2.782500e+00	2.357000e+03
  557	2.787500e+00	2.214000e+03
  558	2.792500e+00	2.337000e+03
  559	2.797500e+00	2.400000e+03
  560	2.802500e+00	2.379000e+03
  561	2.807500e+00	2.369000e+03
  562	2.812500e+00	2.349000e+03
  563	2.817500e+00	2.207000e+03
  564	2.822500e+00	2.315000e+03
  565	2.827500e+00	2.241000e+03
  566	2.832500e+00	2.280000e+03
  567	2.837500e+00	2.253000e+03
  568	2.842500e+00	2.292000e+03
  569	2.847500e+00	2.307000e+03
  570	2.852500e+00	2.242000e+03
  571	2.857500e+00	2.232000e+03
  572	2.862500e+00	2.254000e+03
  573	2.867500e+00	2.297000e+03
  574	2.872500e+00	2.223000e+03
  575	2.877500e+00	2.185000e+03
  576	2.882500e+00	2.368000e+03
  577	2.887500e+00	2.327000e+03
  578	2.892500e+00	2.264000e+03
  579	2.897500e+00	2.195000e+03
  580	2.902500e+00	2.345000e+03
  581	2.907500e+00	2.281000e+03
  582	2.912500e+00	2.333000e+03
  583	2.917500e+00	2.326000e+03
  584	2.922500e+00	2.304000e+03
  585	2.927500e+00	2.277000e+03
  586	2.932500e+00	2.358000e+03
  587	2.937500e+00	2.289000e+03
  588	2.942500e+00	2.276000e+03
  589	2.947500e+00	2.294000e+03
  590	2.952500e+00	2.273000e+03
  591	2.957500e+00	2.257000e+03
  592	2.962500e+00	2.264000e+03
  593	2.967500e+00	2.173000e+03
  594	2.972500e+00	2.301000e+03
  595	2.977500e+00	2.288000e+03
  596	2.982500e+00	2.302000e+03
  597	2.987500e+00	2.203000e+03
  598	2.992500e+00	2.249000e+03
  599	2.997500e+00	2.186000e+03
  600	3.002500e+00	2.218000e+03
  601	3.007500e+00	2.172000e+03
  602	3.012500e+00	2.294000e+03
  603	3.017500e+00	2.274000e+03
  604	3.022500e+00	2.336000e+03
  605	3.027500e+00	2.152000e+03
  606	3.032500e+00	2.183000e+03
  607	3.037500e+00	2.315000e+03
  608	3.042500e+00	2.232000e+03
  609	3.047500e+00	2.267000e+03
  610	3.052500e+00	2.214000e+03
  611	3.057500e+00	2.216000e+03
  612	3.062500e+00	2.252000e+03
  613	3.067500e+00	2.229000e+03
  614	3.072500e+00	2.201000e+03
  615	3.077500e+00	2.281000e+03
  616	3.082500e+00	2.245000e+03
  617	3.087500e+00	2.231000e+03
  618	3.092500e+00	2.257000e+03
  619	3.097500e+00	2.269000e+03
  620	3.102500e+00	2.201000e+03
  621	3.107500e+00	2.161000e+03
  622	3.112500e+00	2.298000e+03
  623	3.117500e+00	2.251000e+03
  624	3.122500e+00	2.153000e+03
  625	3.127500e+00	2.215000e+03
  626	3.132500e+00	2.233000e+03
  627	3.137500e+00	2.187000e+03
  628	3.142500e+00	2.196000e+03
  629	3.147500e+00	2.234000e+03
  630	3.152500e+00	2.109000e+03
  631	3.157500e+00	2.135000e+03
  632	3.162500e+00	2.174000e+03
  633	3.167500e+00	2.231000e+03
  634	3.172500e+00	2.216000e+03
  635	3.177500e+00	2.189000e+03
  636	3.182500e+00	2.116000e+03
  637	3.187500e+00	2.174000e+03
  638	3.192500e+00	2.160000e+03
  639	3.197500e+00	2.105000e+03
  640	3.202500e+00	2.196000e+03
  641	3.207500e+00	2.177000e+03
  642	3.212500e+00	2.221000e+03
  643	3.217500e+00	2.048000e+03
  644	3.222500e+00	2.150000e+03
  645	3.227500e+00	2.117000e+03
  646	3.232500e+00	2.085000e+03
  647	3.237500e+00	2.137000e+03
  648	3.242500e+00	2.242000e+03
  649	3.247500e+00	2.099000e+03
  650	3.252500e+00	2.187000e+03
  651	3.257500e+00	2.182000e+03
  652	3.262500e+00	2.140000e+03
  653	3.267500e+00	2.193000e+03
  654	3.272500e+00	2.204000e+03
  655	3.277500e+00	2.144000e+03
  656	3.282500e+00	2.113000e+03
  657	3.287500e+00	2.123000e+03
  658	3.292500e+00	2.222000e+03
  659	3.297500e+00	2.235000e+03
  660	3.302500e+00	2.109000e+03
  661	3.307500e+00	2.237000e+03
  662	3.312500e+00	2.070000e+03
  663	3.317500e+00	2.056000e+03
  664	3.322500e+00	2.122000e+03
  665	3.327500e+00	2.162000e+03
  666	3.332500e+00	2.211000e+03
  667	3.337500e+00	2.140000e+03
  668	3.342500e+00	2.159000e+03
  669	3.347500e+00	2.108000e+03
  670	3.352500e+00	2.100000e+03
  671	3.357500e+00	2.102000e+03
  672	3.362500e+00	2.152000e+03
  673	3.367500e+00	2.101000e+03
  674	3.372500e+00	2.141000e+03
  675	3.377500e+00	2.120000e+03
  676	3.382500e+00	2.132000e+03
  677	3.387500e+00	2.108000e+03
  678	3.392500e+00	2.099000e+03
  679	3.397500e+00	2.066000e+03
  680	3.402500e+00	2.051000e+03
  681	3.407500e+00	2.086000e+03
  682	3.412500e+00	2.084000e+03
  683	3.417500e+00	2.047000e+03
  684	3.422500e+00	2.061000e+03
  685	3.427500e+00	2.011000e+03
  686	3.432500e+00	2.101000e+03
  687	3.437500e+00	2.127000e+03
  688	3.442500e+00	2.107000e+03
  689	3.447500e+00	2.067000e+03
  690	3.452500e+00	2.073000e+03
  691	3.457500e+00	2.130000e+03
  692	3.462500e+00	2.173000e+03
  693	3.467500e+00	2.116000e+03
  694	3.472500e+00	2.124000e+03
  695	3.477500e+00	2.090000e+03
  696	3.482500e+00	2.066000e+03
  697	3.487500e+00	2.107000e+03
  698	3.492500e+00	2.136000e+03
  699	3.497500e+00	2.030000e+03
  700	3.502500e+00	2.096000e+03
  701	3.507500e+00	2.075000e+03
  702	3.512500e+00	2.056000e+03
  703	3.517500e+00	2.137000e+03
  704	3.522500e+00	2.080000e+03
  705	3.527500e+00	2.183000e+03
  706	3.532500e+00	2.127000e+03
  707	3.537500e+00	2.048000e+03
  708	3.542500e+00	2.146000e+03
  709	3.547500e+00	2.082000e+03
  710	3.552500e+00	2.127000e+03
  711	3.557500e+00	2.027000e+03
  712	3.562500e+00	2.131000e+03
  713	3.567500e+00	2.120000e+03
  714	3.572500e+00	2.040000e+03
  715	3.577500e+00	2.005000e+03
  716	3.582500e+00	2.012000e+03
  717	3.587500e+00	2.041000e+03
  718	3.592500e+00	2.071000e+03
  719	3.597500e+00	2.037000e+03
  720	3.602500e+00	2.063000e+03
  721	3.607500e+00	1.986000e+03
  722	3.612500e+00	2.098000e+03
  723	3.617500e+00	1.966000e+03
  724	3.622500e+00	2.147000e+03
  725	3.627500e+00	2.016000e+03
  726	3.632500e+00	2.002000e+03
  727	3.637500e+00	2.015000e+03
  728	3.642500e+00	1.940000e+03
  729	3.647500e+00	2.023000e+03
  730	3.652500e+00	2.047000e+03
  731	3.657500e+00	1.968000e+03
  732	3.662500e+00	2.088000e+03
  733	3.667500e+00	2.171000e+03
  734	3.672500e+00	2.067000e+03
  735	3.677500e+00	2.034000e+03
  736	3.682500e+00	2.077000e+03
  737	3.687500e+00	1.991000e+03
  738	3.692500e+00	2.040000e+03
  739	3.697500e+00	2.022000e+03
  740	3.702500e+00	2.073000e+03
  741	3.707500e+00	2.004000e+03
  742	3.712500e+00	2.019000e+03
  743	3.717500e+00	2.051000e+03
  744	3.722500e+00	2.052000e+03
  745	3.727500e+00	2.019000e+03
  746	3.732500e+00	2.068000e+03
  747	3.737500e+00	1.995000e+03
  748	3.742500e+00	2.012000e+03
  749	3.747500e+00	2.036000e+03
  750	3.752500e+00	2.111000e+03
  751	3.757500e+00	2.041000e+03
  752	3.762500e+00	1.986000e+03
  753	3.767500e+00	1.987000e+03
  754	3.772500e+00	2.029000e+03
  755	3.777500e+00	2.072000e+03
  756	3.782500e+00	2.003000e+03
  757	3.787500e+00	1.999000e+03
  758	3.792500e+00	2.006000e+03
  759	3.797500e+00	2.020000e+03
  760	3.802500e+00	1.967000e+03
  761	3.807500e+00	1.942000e+03
  762	3.812500e+00	2.018000e+03
  763	3.817500e+00	1.991000e+03
  764	3.822500e+00	1.943000e+03
  765	3.827500e+00	2.075000e+03
  766	3.832500e+00	2.002000e+03
  767	3.837500e+00	2.009000e+03
  768	3.842500e+00	2.043000e+03
  769	3.847500e+00	2.038000e+03
  770	3.852500e+00	1.993000e+03
  771	3.857500e+00	2.002000e+03
  772	3.862500e+00	1.944000e+03
  773	3.867500e+00	1.955000e+03
  774	3.872500e+00	1.997000e+03
  775	3.877500e+00	2.005000e+03
  776	3.882500e+00	1.935000e+03
  777	3.887500e+00	1.991000e+03
  778	3.892500e+00	1.958000e+03
  779	3.897500e+00	1.997000e+03
  780	3.902500e+00	1.890000e+03
  781	3.907500e+00	1.965000e+03
  782	3.912500e+00	1.975000e+03
  783	3.917500e+00	1.927000e+03
  784	3.922500e+00	2.075000e+03
  785	3.927500e+00	1.951000e+03
  786	3.932500e+00	2.010000e+03
  787	3.937500e+00	1.885000e+03
  788	3.942500e+00	1.971000e+03
  789	3.947500e+00	1.958000e+03
  790	3.952500e+00	1.938000e+03
  791	3.957500e+00	2.009000e+03
  792	3.962500e+00	1.885000e+03
  793	3.967500e+00	1.957000e+03
  794	3.972500e+00	1.911000e+03
  795	3.977500e+00	1.886000e+03
  796	3.982500e+00	1.932000e+03
  797	3.987500e+00	2.041000e+03
  798	3.992500e+00	1.900000e+03
  799	3.997500e+00	1.908000e+03
  800	4.002500e+00	1.909000e+03
  801	4.007500e+00	1.925000e+03
  802	4.012500e+00	1.963000e+03
  803	4.017500e+00	1.935000e+03
  804	4.022500e+00	1.991000e+03
  805	4.027500e+00	1.852000e+03
  806	4.032500e+00	1.966000e+03
  807	4.037500e+00	1.991000e+03
  808	4.042500e+00	1.927000e+03
  809	4.047500e+00	1.874000e+03
  810	4.052500e+00	1.963000e+03
  811	4.057500e+00	1.997000e+03
  812	4.062500e+00	2.003000e+03
  813	4.067500e+00	1.913000e+03
  814	4.072500e+00	1.950000e+03
  815	4.077500e+00	2.002000e+03
  816	4.082500e+00	1.907000e+03
  817	4.087500e+00	1.908000e+03
  818	4.092500e+00	1.995000e+03
  819	4.097500e+00	1.911000e+03
  820	4.102500e+00	1.957000e+03
  821	4.107500e+00	1.927000e+03
  822	4.112500e+00	1.944000e+03
  823	4.117500e+00	1.942000e+03
  824	4.122500e+00	1.861000e+03
  825	4.127500e+00	1.980000e+03
  826	4.132500e+00	1.958000e+03
  827	4.137500e+00	1.948000e+03
  828	4.142500e+00	1.872000e+03
  829	4.147500e+00	1.946000e+03
  830	4.152500e+00	1.891000e+03
  831	4.157500e+00	1.915000e+03
  832	4.162500e+00	1.862000e+03
  833	4.167500e+00	1.879000e+03
  834	4.172500e+00	1.860000e+03
  835	4.177500e+00	1.983000e+03
  836	4.182500e+00	1.877000e+03
  837	4.187500e+00	1.957000e+03
  838	4.192500e+00	1.910000e+03
  839	4.197500e+00	1.912000e+03
  840	4.202500e+00	1.894000e+03
  841	4.207500e+00	1.831000e+03
  842	4.212500e+00	1.957000e+03
  843	4.217500e+00	1.935000e+03
  844	4.222500e+00	1.885000e+03
  845	4.227500e+00	1.873000e+03
  846	4.232500e+00	1.957000e+03
  847	4.237500e+00	1.831000e+03
  848	4.242500e+00	1.872000e+03
  849	4.247500e+00	1.824000e+03
  850	4.252500e+00	1.877000e+03
  851	4.257500e+00	1.843000e+03
  852	4.262500e+00	1.965000e+03
  853	4.267500e+00	1.988000e+03
  854	4.272500e+00	1.888000e+03
  855	4.277500e+00	1.904000e+03
  856	4.282500e+00	1.838000e+03
  857	4.287500e+00	1.832000e+03
  858	4.292500e+00	1.991000e+03
  859	4.297500e+00	1.885000e+03
  860	4.302500e+00	1.950000e+03
  861	4.307500e+00	1.860000e+03
  862	4.312500e+00	1.965000e+03
  863	4.317500e+00	1.867000e+03
  864	4.322500e+00	1.936000e+03
  865	4.327500e+00	1.926000e+03
  866	4.332500e+00	1.827000e+03
  867	4.337500e+00	1.888000e+03
  868	4.342500e+00	1.813000e+03
  869	4.347500e+00	1.894000e+03
  870	4.352500e+00	1.800000e+03
  871	4.357500e+00	1.929000e+03
  872	4.362500e+00	1.913000e+03
  873	4.367500e+00	1.850000e+03
  874	4.372500e+00	1.875000e+03
  875	4.377500e+00	1.794000e+03
  876	4.382500e+00	1.846000e+03
  877	4.387500e+00	1.860000e+03
  878	4.392500e+00	1.897000e+03
  879	4.397500e+00	1.929000e+03
  880	4.402500e+00	1.847000e+03
  881	4.407500e+00	1.883000e+03
  882	4.412500e+00	1.850000e+03
  883	4.417500e+00	1.760000e+03
  884	4.422500e+00	1.749000e+03
  885	4.427500e+00	1.818000e+03
  886	4.432500e+00	1.860000e+03
  887	4.437500e+00	1.810000e+03
  888	4.442500e+00	1.794000e+03
  889	4.447500e+00	1.789000e+03
  890	4.452500e+00	1.836000e+03
  891	4.457500e+00	1.829000e+03
  892	4.462500e+00	1.830000e+03
  893	4.467500e+00	1.750000e+03
  894	4.472500e+00	1.789000e+03
  895	4.477500e+00	1.812000e+03
  896	4.482500e+00	1.880000e+03
  897	4.487500e+00	1.789000e+03
  898	4.492500e+00	1.681000e+03
  899	4.497500e+00	1.821000e+03
  900	4.502500e+00	1.863000e+03
  901	4.507500e+00	1.841000e+03
  902	4.512500e+00	1.843000e+03
  903	4.517500e+00	1.818000e+03
  904	4.522500e+00	1.773000e+03
  905	4.527500e+00	1.816000e+03
  906	4.532500e+00	1.765000e+03
  907	4.537500e+00	1.791000e+03
  908	4.542500e+00	1.792000e+03
  909	4.547500e+00	1.739000e+03
  910	4.552500e+00	1.869000e+03
  911	4.557500e+00	1.759000e+03
  912	4.562500e+00	1.776000e+03
  913	4.567500e+00	1.780000e+03
  914	4.572500e+00	1.795000e+03
  915	4.577500e+00	1.810000e+03
  916	4.582500e+00	1.852000e+03
  917	4.587500e+00	1.835000e+03
  918	4.592500e+00	1.814000e+03
  919	4.597500e+00	1.799000e+03
  920	4.602500e+00	1.800000e+03
  921	4.607500e+00	1.779000e+03
  922	4.612500e+00	1.830000e+03
  923	4.617500e+00	1.775000e+03
  924	4.622500e+00	1.738000e+03
  925	4.627500e+00	1.729000e+03
  926	4.632500e+00	1.748000e+03
  927	4.637500e+00	1.798000e+03
  928	4.642500e+00	1.724000e+03
  929	4.647500e+00	1.719000e+03
  930	4.652500e+00	1.867000e+03
  931	4.657500e+00	1.770000e+03
  932	4.662500e+00	1.765000e+03
  933	4.667500e+00	1.770000e+03
  934	4.672500e+00	1.708000e+03
  935	4.677500e+00	1.815000e+03
  936	4.682500e+00	1.860000e+03
  937	4.687500e+00	1.803000e+03
  938	4.692500e+00	1.787000e+03
  939	4.697500e+00	1.700000e+03
  940	4.702500e+00	1.767000e+03
  941	4.707500e+00	1.784000e+03
  942	4.712500e+00	1.755000e+03
  943	4.717500e+00	1.723000e+03
  944	4.722500e+00	1.836000e+03
  945	4.727500e+00	1.793000e+03
  946	4.732500e+00	1.754000e+03
  947	4.737500e+00	1.815000e+03
  948	4.742500e+00	1.768000e+03
  949	4.747500e+00	1.783000e+03
  950	4.752500e+00	1.768000e+03
  951	4.757500e+00	1.748000e+03
  952	4.762500e+00	1.709000e+03
  953	4.767500e+00	1.789000e+03
  954	4.772500e+00	1.747000e+03
  955	4.777500e+00	1.706000e+03
  956	4.782500e+00	1.717000e+03
  957	4.787500e+00	1.678000e+03
  958	4.792500e+00	1.751000e+03
  959	4.797500e+00	1.771000e+03
  960	4.802500e+00	1.778000e+03
  961	4.807500e+00	1.857000e+03
  962	4.812500e+00	1.821000e+03
  963	4.817500e+00	1.785000e+03
  964	4.822500e+00	1.705000e+03
  965	4.827500e+00	1.701000e+03
  966	4.832500e+00	1.733000e+03
  967	4.837500e+00	1.787000e+03
  968	4.842500e+00	1.712000e+03
  969	4.847500e+00	1.758000e+03
  970	4.852500e+00	1.719000e+03
  971	4.857500e+00	1.732000e+03
  972	4.862500e+00	1.765000e+03
  973	4.867500e+00	1.796000e+03
  974	4.872500e+00	1.821000e+03
  975	4.877500e+00	1.761000e+03
  976	4.882500e+00	1.745000e+03
  977	4.887500e+00	1.741000e+03
  978	4.892500e+00	1.802000e+03
  979	4.897500e+00	1.781000e+03
  980	4.902500e+00	1.714000e+03
  981	4.907500e+00	1.644000e+03
  982	4.912500e+00	1.761000e+03
  983	4.917500e+00	1.705000e+03
  984	4.922500e+00	1.751000e+03
  985	4.927500e+00	1.752000e+03
  986	4.932500e+00	1.745000e+03
  987	4.937500e+00	1.700000e+03
  988	4.942500e+00	1.732000e+03
  989	4.947500e+00	1.701000e+03
  990	4.952500e+00	1.669000e+03
  991	4.957500e+00	1.695000e+03
  992	4.962500e+00	1.729000e+03
  993	4.967500e+00	1.714000e+03
  994	4.972500e+00	1.716000e+03
  995	4.977500e+00	1.669000e+03
  996	4.982500e+00	1.760000e+03
  997	4.987500e+00	1.737000e+03
  998	4.992500e+00	1.710000e+03
  999	4.997500e+00	1.685000e+03
  1000	5.002500e+00	1.771000e+03
  1001	5.007500e+00	1.739000e+03
  1002	5.012500e+00	1.710000e+03
  1003	5.017500e+00	1.713000e+03
  1004	5.022500e+00	1.644000e+03
  1005	5.027500e+00	1.685000e+03
  1006	5.032500e+00	1.770000e+03
  1007	5.037500e+00	1.690000e+03
  1008	5.042500e+00	1.655000e+03
  1009	5.047500e+00	1.688000e+03
  1010	5.052500e+00	1.657000e+03
  1011	5.057500e+00	1.705000e+03
  1012	5.062500e+00	1.596000e+03
  1013	5.067500e+00	1.692000e+03
  1014	5.072500e+00	1.673000e+03
  1015	5.077500e+00	1.745000e+03
  1016	5.082500e+00	1.729000e+03
  1017	5.087500e+00	1.671000e+03
  1018	5.092500e+00	1.674000e+03
  1019	5.097500e+00	1.594000e+03
  1020	5.102500e+00	1.582000e+03
  1021	5.107500e+00	1.694000e+03
  1022	5.112500e+00	1.723000e+03
  1023	5.117500e+00	1.687000e+03
  1024	5.122500e+00	1.722000e+03
  1025	5.127500e+00	1.622000e+03
  1026	5.132500e+00	1.615000e+03
  1027	5.137500e+00	1.655000e+03
  1028	5.142500e+00	1.651000e+03
  1029	5.147500e+00	1.608000e+03
  1030	5.152500e+00	1.656000e+03
  1031	5.157500e+00	1.659000e+03
  1032	5.162500e+00	1.656000e+03
  1033	5.167500e+00	1.653000e+03
  1034	5.172500e+00	1.687000e+03
  1035	5.177500e+00	1.627000e+03
  1036	5.182500e+00	1.721000e+03
  1037	5.187500e+00	1.572000e+03
  1038	5.192500e+00	1.632000e+03
  1039	5.197500e+00	1.560000e+03
  1040	5.202500e+00	1.693000e+03
  1041	5.207500e+00	1.649000e+03
  1042	5.212500e+00	1.602000e+03
  1043	5.217500e+00	1.629000e+03
  1044	5.222500e+00	1.665000e+03
  1045	5.227500e+00	1.723000e+03
  1046	5.232500e+00	1.676000e+03
  1047	5.237500e+00	1.596000e+03
  1048	5.242500e+00	1.577000e+03
  1049	5.247500e+00	1.692000e+03
  1050	5.252500e+00	1.692000e+03
  1051	5.257500e+00	1.616000e+03
  1052	5.262500e+00	1.730000e+03
  1053	5.267500e+00	1.614000e+03
  1054	5.272500e+00	1.596000e+03
  1055	5.277500e+00	1.742000e+03
  1056	5.282500e+00	1.673000e+03
  1057	5.287500e+00	1.690000e+03
  1058	5.292500e+00	1.661000e+03
  1059	5.297500e+00	1.661000e+03
  1060	5.302500e+00	1.660000e+03
  1061	5.307500e+00	1.660000e+03
  1062	5.312500e+00	1.612000e+03
  1063	5.317500e+00	1.602000e+03
  1064	5.322500e+00	1.687000e+03
  1065	5.327500e+00	1.617000e+03
  1066	5.332500e+00	1.681000e+03
  1067	5.337500e+00	1.572000e+03
  1068	5.342500e+00	1.631000e+03
  1069	5.347500e+00	1.552000e+03
  1070	5.352500e+00	1.648000e+03
  1071	5.357500e+00	1.704000e+03
  1072	5.362500e+00	1.626000e+03
  1073	5.367500e+00	1.616000e+03
  1074	5.372500e+00	1.606000e+03
  1075	5.377500e+00	1.675000e+03
  1076	5.382500e+00	1.617000e+03
  1077	5.387500e+00	1.598000e+03
  1078	5.392500e+00	1.560000e+03
  1079	5.397500e+00	1.629000e+03
  1080	5.402500e+00	1.552000e+03
  1081	5.407500e+00	1.698000e+03
  1082	5.412500e+00	1.612000e+03
  1083	5.417500e+00	1.559000e+03
  1084	5.422500e+00	1.669000e+03
  1085	5.427500e+00	1.588000e+03
  1086	5.432500e+00	1.645000e+03
  1087	5.437500e+00	1.624000e+03
  1088	5.442500e+00	1.596000e+03
  1089	5.447500e+00	1.562000e+03
  1090	5.452500e+00	1.571000e+03
  1091	5.457500e+00	1.572000e+03
  1092	5.462500e+00	1.654000e+03
  1093	5.467500e+00	1.576000e+03
  1094	5.472500e+00	1.603000e+03
  1095	5.477500e+00	1.613000e+03
  1096	5.482500e+00	1.676000e+03
  1097	5.487500e+00	1.608000e+03
  1098	5.492500e+00	1.579000e+03
  1099	5.497500e+00	1.563000e+03
  1100	5.502500e+00	1.613000e+03
  1101	5.507500e+00	1.504000e+03
  1102	5.512500e+00	1.587000e+03
  1103	5.517500e+00	1.595000e+03
  1104	5.522500e+00	1.579000e+03
  1105	5.527500e+00	1.616000e+03
  1106	5.532500e+00	1.568000e+03
  1107	5.537500e+00	1.560000e+03
  1108	5.542500e+00	1.588000e+03
  1109	5.547500e+00	1.586000e+03
  1110	5.552500e+00	1.556000e+03
  1111	5.557500e+00	1.604000e+03
  1112	5.562500e+00	1.627000e+03
  1113	5.567500e+00	1.539000e+03
  1114	5.572500e+00	1.567000e+03
  1115	5.577500e+00	1.554000e+03
  1116	5.582500e+00	1.533000e+03
  1117	5.587500e+00	1.563000e+03
  1118	5.592500e+00	1.646000e+03
  1119	5.597500e+00	1.616000e+03
  1120	5.602500e+00	1.630000e+03
  1121	5.607500e+00	1.553000e+03
  1122	5.612500e+00	1.598000e+03
  1123	5.617500e+00	1.538000e+03
  1124	5.622500e+00	1.601000e+03
  1125	5.627500e+00	1.550000e+03
  1126	5.632500e+00	1.574000e+03
  1127	5.637500e+00	1.558000e+03
  1128	5.642500e+00	1.625000e+03
  1129	5.647500e+00	1.580000e+03
  1130	5.652500e+00	1.554000e+03
  1131	5.657500e+00	1.599000e+03
  1132	5.662500e+00	1.521000e+03
  1133	5.667500e+00	1.537000e+03
  1134	5.672500e+00	1.536000e+03
  1135	5.677500e+00	1.476000e+03
  1136	5.682500e+00	1.570000e+03
  1137	5.687500e+00	1.549000e+03
  1138	5.692500e+00	1.550000e+03
  1139	5.697500e+00	1.559000e+03
  1140	5.702500e+00	1.553000e+03
  1141	5.707500e+00	1.536000e+03
  1142	5.712500e+00	1.515000e+03
  1143	5.717500e+00	1.548000e+03
  1144	5.722500e+00	1.515000e+03
  1145	5.727500e+00	1.531000e+03
  1146	5.732500e+00	1.541000e+03
  1147	5.737500e+00	1.491000e+03
  1148	5.742500e+00	1.530000e+03
  1149	5.747500e+00	1.549000e+03
  1150	5.752500e+00	1.527000e+03
  1151	5.757500e+00	1.518000e+03
  1152	5.762500e+00	1.510000e+03
  1153	5.767500e+00	1.600000e+03
  1154	5.772500e+00	1.557000e+03
  1155	5.777500e+00	1.523000e+03
  1156	5.782500e+00	1.567000e+03
  1157	5.787500e+00	1.523000e+03
  1158	5.792500e+00	1.527000e+03
  1159	5.797500e+00	1.583000e+03
  1160	5.802500e+00	1.446000e+03
  1161	5.807500e+00	1.583000e+03
  1162	5.812500e+00	1.487000e+03
  1163	5.817500e+00	1.494000e+03
  1164	5.822500e+00	1.515000e+03
  1165	5.827500e+00	1.462000e+03
  1166	5.832500e+00	1.526000e+03
  1167	5.837500e+00	1.513000e+03
  1168	5.842500e+00	1.498000e+03
  1169	5.847500e+00	1.554000e+03
  1170	5.852500e+00	1.556000e+03
  1171	5.857500e+00	1.497000e+03
  1172	5.862500e+00	1.482000e+03
  1173	5.867500e+00	1.538000e+03
  1174	5.872500e+00	1.525000e+03
  1175	5.877500e+00	1.517000e+03
  1176	5.882500e+00	1.422000e+03
  1177	5.887500e+00	1.611000e+03
  1178	5.892500e+00	1.501000e+03
  1179	5.897500e+00	1.516000e+03
  1180	5.902500e+00	1.474000e+03
  1181	5.907500e+00	1.473000e+03
  1182	5.912500e+00	1.572000e+03
  1183	5.917500e+00	1.503000e+03
  1184	5.922500e+00	1.567000e+03
  1185	5.927500e+00	1.492000e+03
  1186	5.932500e+00	1.426000e+03
  1187	5.937500e+00	1.582000e+03
  1188	5.942500e+00	1.522000e+03
  1189	5.947500e+00	1.504000e+03
  1190	5.952500e+00	1.537000e+03
  1191	5.957500e+00	1.499000e+03
  1192	5.962500e+00	1.455000e+03
  1193	5.967500e+00	1.581000e+03
  1194	5.972500e+00	1.533000e+03
  1195	5.977500e+00	1.497000e+03
  1196	5.982500e+00	1.505000e+03
  1197	5.987500e+00	1.460000e+03
  1198	5.992500e+00	1.507000e+03
  1199	5.997500e+00	1.444000e+03
  1200	6.002500e+00	1.404000e+03
  1201	6.007500e+00	1.531000e+03
  1202	6.012500e+00	1.483000e+03
  1203	6.017500e+00	1.522000e+03
  1204	6.022500e+00	1.448000e+03
  1205	6.027500e+00	1.457000e+03
  1206	6.032500e+00	1.458000e+03
  1207	6.037500e+00	1.373000e+03
  1208	6.042500e+00	1.501000e+03
  1209	6.047500e+00	1.452000e+03
  1210	6.052500e+00	1.460000e+03
  1211	6.057500e+00	1.538000e+03
  1212	6.062500e+00	1.442000e+03
  1213	6.067500e+00	1.424000e+03
  1214	6.072500e+00	1.432000e+03
  1215	6.077500e+00	1.456000e+03
  1216	6.082500e+00	1.494000e+03
  1217	6.087500e+00	1.467000e+03
  1218	6.092500e+00	1.477000e+03
  1219	6.097500e+00	1.439000e+03
  1220	6.102500e+00	1.406000e+03
  1221	6.107500e+00	1.424000e+03
  1222	6.112500e+00	1.438000e+03
  1223	6.117500e+00	1.520000e+03
  1224	6.122500e+00	1.480000e+03
  1225	6.127500e+00	1.436000e+03
  1226	6.132500e+00	1.433000e+03
  1227	6.137500e+00	1.455000e+03
  1228	6.142500e+00	1.488000e+03
  1229	6.147500e+00	1.477000e+03
  1230	6.152500e+00	1.449000e+03
  1231	6.157500e+00	1.425000e+03
  1232	6.162500e+00	1.483000e+03
  1233	6.167500e+00	1.502000e+03
  1234	6.172500e+00	1.401000e+03
  1235	6.177500e+00	1.477000e+03
  1236	6.182500e+00	1.377000e+03
  1237	6.187500e+00	1.497000e+03
  1238	6.192500e+00	1.473000e+03
  1239	6.197500e+00	1.476000e+03
  1240	6.202500e+00	1.489000e+03
  1241	6.207500e+00	1.463000e+03
  1242	6.212500e+00	1.404000e+03
  1243	6.217500e+00	1.542000e+03
  1244	6.222500e+00	1.460000e+03
  1245	6.227500e+00	1.446000e+03
  1246	6.232500e+00	1.487000e+03
  1247	6.237500e+00	1.408000e+03
  1248	6.242500e+00	1.433000e+03
  1249	6.247500e+00	1.452000e+03
  1250	6.252500e+00	1.414000e+03
  1251	6.257500e+00	1.453000e+03
  1252	6.262500e+00	1.408000e+03
  1253	6.267500e+00	1.364000e+03
  1254	6.272500e+00	1.436000e+03
  1255	6.277500e+00	1.458000e+03
  1256	6.282500e+00	1.430000e+03
  1257	6.287500e+00	1.467000e+03
  1258	6.292500e+00	1.404000e+03
  1259	6.297500e+00	1.440000e+03
  1260	6.302500e+00	1.390000e+03
  1261	6.307500e+00	1.504000e+03
  1262	6.312500e+00	1.363000e+03
  1263	6.317500e+00	1.507000e+03
  1264	6.322500e+00	1.363000e+03
  1265	6.327500e+00	1.421000e+03
  1266	6.332500e+00	1.486000e+03
  1267	6.337500e+00	1.460000e+03
  1268	6.342500e+00	1.375000e+03
  1269	6.347500e+00	1.400000e+03
  1270	6.352500e+00	1.466000e+03
  1271	6.357500e+00	1.345000e+03
  1272	6.362500e+00	1.416000e+03
  1273	6.367500e+00	1.419000e+03
  1274	6.372500e+00	1.434000e+03
  1275	6.377500e+00	1.429000e+03
  1276	6.382500e+00	1.410000e+03
  1277	6.387500e+00	1.436000e+03
  1278	6.392500e+00	1.388000e+03
  1279	6.397500e+00	1.470000e+03
  1280	6.402500e+00	1.410000e+03
  1281	6.407500e+00	1.475000e+03
  1282	6.412500e+00	1.362000e+03
  1283	6.417500e+00	1.375000e+03
  1284	6.422500e+00	1.401000e+03
  1285	6.427500e+00	1.440000e+03
  1286	6.432500e+00	1.364000e+03
  1287	6.437500e+00	1.414000e+03
  1288	6.442500e+00	1.375000e+03
  1289	6.447500e+00	1.366000e+03
  1290	6.452500e+00	1.373000e+03
  1291	6.457500e+00	1.392000e+03
  1292	6.462500e+00	1.352000e+03
  1293	6.467500e+00	1.354000e+03
  1294	6.472500e+00	1.417000e+03
  1295	6.477500e+00	1.406000e+03
  1296	6.482500e+00	1.353000e+03
  1297	6.487500e+00	1.372000e+03
  1298	6.492500e+00	1.383000e+03
  1299	6.497500e+00	1.331000e+03
  1300	6.502500e+00	1.415000e+03
  1301	6.507500e+00	1.359000e+03
  1302	6.512500e+00	1.413000e+03
  1303	6.517500e+00	1.345000e+03
  1304	6.522500e+00	1.370000e+03
  1305	6.527500e+00	1.401000e+03
  1306	6.532500e+00	1.350000e+03
  1307	6.537500e+00	1.426000e+03
  1308	6.542500e+00	1.354000e+03
  1309	6.547500e+00	1.336000e+03
  1310	6.552500e+00	1.352000e+03
  1311	6.557500e+00	1.374000e+03
  1312	6.562500e+00	1.420000e+03
  1313	6.567500e+00	1.368000e+03
  1314	6.572500e+00	1.388000e+03
  1315	6.577500e+00	1.336000e+03
  1316	6.582500e+00	1.335000e+03
  1317	6.587500e+00	1.334000e+03
  1318	6.592500e+00	1.352000e+03
  1319	6.597500e+00	1.321000e+03
  1320	6.602500e+00	1.377000e+03
  1321	6.607500e+00	1.384000e+03
  1322	6.612500e+00	1.344000e+03
  1323	6.617500e+00	1.382000e+03
  1324	6.622500e+00	1.377000e+03
  1325	6.627500e+00	1.352000e+03
  1326	6.632500e+00	1.375000e+03
  1327	6.637500e+00	1.405000e+03
  1328	6.642500e+00	1.389000e+03
  1329	6.647500e+00	1.334000e+03
  1330	6.652500e+00	1.360000e+03
  1331	6.657500e+00	1.401000e+03
  1332	6.662500e+00	1.352000e+03
  1333	6.667500e+00	1.406000e+03
  1334	6.672500e+00	1.402000e+03
  1335	6.677500e+00	1.345000e+03
  1336	6.682500e+00	1.327000e+03
  1337	6.687500e+00	1.382000e+03
  1338	6.692500e+00	1.430000e+03
  1339	6.697500e+00	1.317000e+03
  1340	6.702500e+00	1.322000e+03
  1341	6.707500e+00	1.346000e+03
  1342	6.712500e+00	1.309000e+03
  1343	6.717500e+00	1.325000e+03
  1344	6.722500e+00	1.325000e+03
  1345	6.727500e+00	1.343000e+03
  1346	6.732500e+00	1.317000e+03
  1347	6.737500e+00	1.292000e+03
  1348	6.742500e+00	1.372000e+03
  1349	6.747500e+00	1.296000e+03
  1350	6.752500e+00	1.420000e+03
  1351	6.757500e+00	1.355000e+03
  1352	6.762500e+00	1.370000e+03
  1353	6.767500e+00	1.346000e+03
  1354	6.772500e+00	1.345000e+03
  1355	6.777500e+00	1.313000e+03
  1356	6.782500e+00	1.365000e+03
  1357	6.787500e+00	1.392000e+03
  1358	6.792500e+00	1.360000e+03
  1359	6.797500e+00	1.289000e+03
  1360	6.802500e+00	1.341000e+03
  1361	6.807500e+00	1.294000e+03
  1362	6.812500e+00	1.330000e+03
  1363	6.817500e+00	1.335000e+03
  1364	6.822500e+00	1.286000e+03
  1365	6.827500e+00	1.279000e+03
  1366	6.832500e+00	1.324000e+03
  1367	6.837500e+00	1.336000e+03
  1368	6.842500e+00	1.381000e+03
  1369	6.847500e+00	1.365000e+03
  1370	6.852500e+00	1.340000e+03
  1371	6.857500e+00	1.300000e+03
  1372	6.862500e+00	1.277000e+03
  1373	6.867500e+00	1.315000e+03
  1374	6.872500e+00	1.273000e+03
  1375	6.877500e+00	1.322000e+03
  1376	6.882500e+00	1.341000e+03
  1377	6.887500e+00	1.314000e+03
  1378	6.892500e+00	1.324000e+03
  1379	6.897500e+00	1.292000e+03
  1380	6.902500e+00	1.319000e+03
  1381	6.907500e+00	1.279000e+03
  1382	6.912500e+00	1.278000e+03
  1383	6.917500e+00	1.303000e+03
  1384	6.922500e+00	1.274000e+03
  1385	6.927500e+00	1.310000e+03
  1386	6.932500e+00	1.337000e+03
  1387	6.937500e+00	1.331000e+03
  1388	6.942500e+00	1.285000e+03
  1389	6.947500e+00	1.309000e+03
  1390	6.952500e+00	1.309000e+03
  1391	6.957500e+00	1.321000e+03
  1392	6.962500e+00	1.271000e+03
  1393	6.967500e+00	1.296000e+03
  1394	6.972500e+00	1.293000e+03
  1395	6.977500e+00	1.283000e+03
  1396	6.982500e+00	1.348000e+03
  1397	6.987500e+00	1.287000e+03
  1398	6.992500e+00	1.281000e+03
  1399	6.997500e+00	1.318000e+03
  1400	7.002500e+00	1.300000e+03
  1401	7.007500e+00	1.262000e+03
  1402	7.012500e+00	1.289000e+03
  1403	7.017500e+00	1.375000e+03
  1404	7.022500e+00	1.324000e+03
  1405	7.027500e+00	1.292000e+03
  1406	7.032500e+00	1.252000e+03
  1407	7.037500e+00	1.293000e+03
  1408	7.042500e+00	1.298000e+03
  1409	7.047500e+00	1.291000e+03
  1410	7.052500e+00	1.252000e+03
  1411	7.057500e+00	1.291000e+03
  1412	7.062500e+00	1.262000e+03
  1413	7.067500e+00	1.234000e+03
  1414	7.072500e+00	1.290000e+03
  1415	7.077500e+00	1.243000e+03
  1416	7.082500e+00	1.242000e+03
  1417	7.087500e+00	1.305000e+03
  1418	7.092500e+00	1.260000e+03
  1419	7.097500e+00	1.281000e+03
  1420	7.102500e+00	1.228000e+03
  1421	7.107500e+00	1.253000e+03
  1422	7.112500e+00	1.331000e+03
  1423	7.117500e+00	1.280000e+03
  1424	7.122500e+00	1.275000e+03
  1425	7.127500e+00	1.255000e+03
  1426	7.132500e+00	1.254000e+03
  1427	7.137500e+00	1.271000e+03
  1428	7.142500e+00	1.243000e+03
  1429	7.147500e+00	1.287000e+03
  1430	7.152500e+00	1.213000e+03
  1431	7.157500e+00	1.306000e+03
  1432	7.162500e+00	1.289000e+03
  1433	7.167500e+00	1.246000e+03
  1434	7.172500e+00	1.230000e+03
  1435	7.177500e+00	1.279000e+03
  1436	7.182500e+00	1.244000e+03
  1437	7.187500e+00	1.225000e+03
  1438	7.192500e+00	1.279000e+03
  1439	7.197500e+00	1.284000e+03
  1440	7.202500e+00	1.289000e+03
  1441	7.207500e+00	1.251000e+03
  1442	7.212500e+00	1.295000e+03
  1443	7.217500e+00	1.318000e+03
  1444	7.222500e+00	1.227000e+03
  1445	7.227500e+00	1.193000e+03
  1446	7.232500e+00	1.274000e+03
  1447	7.237500e+00	1.231000e+03
  1448	7.242500e+00	1.238000e+03
  1449	7.247500e+00	1.202000e+03
  1450	7.252500e+00	1.212000e+03
  1451	7.257500e+00	1.212000e+03
  1452	7.262500e+00	1.218000e+03
  1453	7.267500e+00	1.252000e+03
  1454	7.272500e+00	1.346000e+03
  1455	7.277500e+00	1.272000e+03
  1456	7.282500e+00	1.255000e+03
  1457	7.287500e+00	1.257000e+03
  1458	7.292500e+00	1.281000e+03
  1459	7.297500e+00	1.256000e+03
  1460	7.302500e+00	1.278000e+03
  1461	7.307500e+00	1.254000e+03
  1462	7.312500e+00	1.286000e+03
  1463	7.317500e+00	1.282000e+03
  1464	7.322500e+00	1.290000e+03
  1465	7.327500e+00	1.239000e+03
  1466	7.332500e+00	1.267000e+03
  1467	7.337500e+00	1.246000e+03
  1468	7.342500e+00	1.250000e+03
  1469	7.347500e+00	1.235000e+03
  1470	7.352500e+00	1.162000e+03
  1471	7.357500e+00	1.208000e+03
  1472	7.362500e+00	1.265000e+03
  1473	7.367500e+00	1.234000e+03
  1474	7.372500e+00	1.186000e+03
  1475	7.377500e+00	1.230000e+03
  1476	7.382500e+00	1.190000e+03
  1477	7.387500e+00	1.288000e+03
  1478	7.392500e+00	1.257000e+03
  1479	7.397500e+00	1.220000e+03
  1480	7.402500e+00	1.322000e+03
  1481	7.407500e+00	1.202000e+03
  1482	7.412500e+00	1.186000e+03
  1483	7.417500e+00	1.261000e+03
  1484	7.422500e+00	1.261000e+03
  1485	7.427500e+00	1.196000e+03
  1486	7.432500e+00	1.151000e+03
  1487	7.437500e+00	1.225000e+03
  1488	7.442500e+00	1.170000e+03
  1489	7.447500e+00	1.196000e+03
  1490	7.452500e+00	1.193000e+03
  1491	7.457500e+00	1.211000e+03
  1492	7.462500e+00	1.234000e+03
  1493	7.467500e+00	1.170000e+03
  1494	7.472500e+00	1.227000e+03
  1495	7.477500e+00	1.195000e+03
  1496	7.482500e+00	1.247000e+03
  1497	7.487500e+00	1.166000e+03
  1498	7.492500e+00	1.228000e+03
  1499	7.497500e+00	1.268000e+03
  1500	7.502500e+00	1.204000e+03
  1501	7.507500e+00	1.253000e+03
  1502	7.512500e+00	1.243000e+03
  1503	7.517500e+00	1.258000e+03
  1504	7.522500e+00	1.240000e+03
  1505	7.527500e+00	1.201000e+03
  1506	7.532500e+00	1.175000e+03
  1507	7.537500e+00	1.211000e+03
  1508	7.542500e+00	1.187000e+03
  1509	7.547500e+00	1.197000e+03
  1510	7.552500e+00	1.147000e+03
  1511	7.557500e+00	1.192000e+03
  1512	7.562500e+00	1.203000e+03
  1513	7.567500e+00	1.277000e+03
  1514	7.572500e+00	1.142000e+03
  1515	7.577500e+00	1.218000e+03
  1516	7.582500e+00	1.209000e+03
  1517	7.587500e+00	1.156000e+03
  1518	7.592500e+00	1.177000e+03
  1519	7.597500e+00	1.155000e+03
  1520	7.602500e+00	1.207000e+03
  1521	7.607500e+00	1.185000e+03
  1522	7.612500e+00	1.215000e+03
  1523	7.617500e+00	1.164000e+03
  1524	7.622500e+00	1.159000e+03
  1525	7.627500e+00	1.224000e+03
  1526	7.632500e+00	1.189000e+03
  1527	7.637500e+00	1.207000e+03
  1528	7.642500e+00	1.156000e+03
  1529	7.647500e+00	1.161000e+03
  1530	7.652500e+00	1.177000e+03
  1531	7.657500e+00	1.168000e+03
  1532	7.662500e+00	1.173000e+03
  1533	7.667500e+00	1.169000e+03
  1534	7.672500e+00	1.197000e+03
  1535	7.677500e+00	1.214000e+03
  1536	7.682500e+00	1.136000e+03
  1537	7.687500e+00	1.157000e+03
  1538	7.692500e+00	1.181000e+03
  1539	7.697500e+00	1.217000e+03
  1540	7.702500e+00	1.140000e+03
  1541	7.707500e+00	1.160000e+03
  1542	7.712500e+00	1.143000e+03
  1543	7.717500e+00	1.181000e+03
  1544	7.722500e+00	1.209000e+03
  1545	7.727500e+00	1.104000e+03
  1546	7.732500e+00	1.217000e+03
  1547	7.737500e+00	1.116000e+03
  1548	7.742500e+00	1.209000e+03
  1549	7.747500e+00	1.206000e+03
  1550	7.752500e+00	1.150000e+03
  1551	7.757500e+00	1.175000e+03
  1552	7.762500e+00	1.279000e+03
  1553	7.767500e+00	1.079000e+03
  1554	7.772500e+00	1.147000e+03
  1555	7.777500e+00	1.208000e+03
  1556	7.782500e+00	1.151000e+03
  1557	7.787500e+00	1.173000e+03
  1558	7.792500e+00	1.126000e+03
  1559	7.797500e+00	1.172000e+03
  1560	7.802500e+00	1.125000e+03
  1561	7.807500e+00	1.180000e+03
  1562	7.812500e+00	1.128000e+03
  1563	7.817500e+00	1.164000e+03
  1564	7.822500e+00	1.191000e+03
  1565	7.827500e+00	1.180000e+03
  1566	7.832500e+00	1.161000e+03
  1567	7.837500e+00	1.131000e+03
  1568	7.842500e+00	1.190000e+03
  1569	7.847500e+00	1.174000e+03
  1570	7.852500e+00	1.157000e+03
  1571	7.857500e+00	1.129000e+03
  1572	7.862500e+00	1.146000e+03
  1573	7.867500e+00	1.139000e+03
  1574	7.872500e+00	1.208000e+03
  1575	7.877500e+00	1.199000e+03
  1576	7.882500e+00	1.154000e+03
  1577	7.887500e+00	1.126000e+03
  1578	7.892500e+00	1.216000e+03
  1579	7.897500e+00	1.130000e+03
  1580	7.902500e+00	1.143000e+03
  1581	7.907500e+00	1.149000e+03
  1582	7.912500e+00	1.131000e+03
  1583	7.917500e+00	1.127000e+03
  1584	7.922500e+00	1.113000e+03
  1585	7.927500e+00	1.143000e+03
  1586	7.932500e+00	1.209000e+03
  1587	7.937500e+00	1.137000e+03
  1588	7.942500e+00	1.114000e+03
  1589	7.947500e+00	1.108000e+03
  1590	7.952500e+00	1.101000e+03
  1591	7.957500e+00	1.128000e+03
  1592	7.962500e+00	1.120000e+03
  1593	7.967500e+00	1.105000e+03
  1594	7.972500e+00	1.113000e+03
  1595	7.977500e+00	1.090000e+03
  1596	7.982500e+00	1.205000e+03
  1597	7.987500e+00	1.128000e+03
  1598	7.992500e+00	1.140000e+03
  1599	7.997500e+00	1.130000e+03
  1600	8.002500e+00	1.184000e+03
  1601	8.007500e+00	1.159000e+03
  1602	8.012500e+00	1.171000e+03
  1603	8.017500e+00	1.186000e+03
  1604	8.022500e+00	1.149000e+03
  1605	8.027500e+00	1.167000e+03
  1606	8.032500e+00	1.147000e+03
  1607	8.037500e+00	1.118000e+03
  1608	8.042500e+00	1.155000e+03
  1609	8.047500e+00	1.123000e+03
  1610	8.052500e+00	1.115000e+03
  1611	8.057500e+00	1.120000e+03
  1612	8.062500e+00	1.114000e+03
  1613	8.067500e+00	1.138000e+03
  1614	8.072500e+00	1.105000e+03
  1615	8.077500e+00	1.051000e+03
  1616	8.082500e+00	1.106000e+03
  1617	8.087500e+00	1.117000e+03
  1618	8.092500e+00	1.102000e+03
  1619	8.097500e+00	1.121000e+03
  1620	8.102500e+00	1.126000e+03
  1621	8.107500e+00	1.065000e+03
  1622	8.112500e+00	1.116000e+03
  1623	8.117500e+00	1.076000e+03
  1624	8.122500e+00	1.176000e+03
  1625	8.127500e+00	1.116000e+03
  1626	8.132500e+00	1.042000e+03
  1627	8.137500e+00	1.112000e+03
  1628	8.142500e+00	1.088000e+03
  1629	8.147500e+00	1.187000e+03
  1630	8.152500e+00	1.088000e+03
  1631	8.157500e+00	1.094000e+03
  1632	8.162500e+00	1.101000e+03
  1633	8.167500e+00	1.165000e+03
  1634	8.172500e+00	1.134000e+03
  1635	8.177500e+00	1.113000e+03
  1636	8.182500e+00	1.049000e+03
  1637	8.187500e+00	1.085000e+03
  1638	8.192500e+00	1.073000e+03
  1639	8.197500e+00	1.093000e+03
  1640	8.202500e+00	1.130000e+03
  1641	8.207500e+00	1.103000e+03
  1642	8.212500e+00	1.101000e+03
  1643	8.217500e+00	1.047000e+03
  1644	8.222500e+00	1.120000e+03
  1645	8.227500e+00	1.067000e+03
  1646	8.232500e+00	1.124000e+03
  1647	8.237500e+00	1.085000e+03
  1648	8.242500e+00	1.083000e+03
  1649	8.247500e+00	1.093000e+03
  1650	8.252500e+00	1.086000e+03
  1651	8.257500e+00	1.150000e+03
  1652	8.262500e+00	1.040000e+03
  1653	8.267500e+00	1.079000e+03
  1654	8.272500e+00	1.065000e+03
  1655	8.277500e+00	1.049000e+03
  1656	8.282500e+00	9.770000e+02
  1657	8.287500e+00	1.046000e+03
  1658	8.292500e+00	1.053000e+03
  1659	8.297500e+00	1.096000e+03
  1660	8.302500e+00	1.029000e+03
  1661	8.307500e+00	1.089000e+03
  1662	8.312500e+00	1.065000e+03
  1663	8.317500e+00	1.049000e+03
  1664	8.322500e+00	1.098000e+03
  1665	8.327500e+00	1.061000e+03
  1666	8.332500e+00	1.044000e+03
  1667	8.337500e+00	1.070000e+03
  1668	8.342500e+00	1.066000e+03
  1669	8.347500e+00	1.086000e+03
  1670	8.352500e+00	1.095000e+03
  1671	8.357500e+00	1.030000e+03
  1672	8.362500e+00	1.093000e+03
  1673	8.367500e+00	1.126000e+03
  1674	8.372500e+00	1.087000e+03
  1675	8.377500e+00	1.127000e+03
  1676	8.382500e+00	1.036000e+03
  1677	8.387500e+00	1.060000e+03
  1678	8.392500e+00	1.098000e+03
  1679	8.397500e+00	1.057000e+03
  1680	8.402500e+00	1.044000e+03
  1681	8.407500e+00	1.035000e+03
  1682	8.412500e+00	1.059000e+03
  1683	8.417500e+00	1.085000e+03
  1684	8.422500e+00	1.084000e+03
  1685	8.427500e+00	1.017000e+03
  1686	8.432500e+00	1.092000e+03
  1687	8.437500e+00	1.018000e+03
  1688	8.442500e+00	1.041000e+03
  1689	8.447500e+00	1.056000e+03
  1690	8.452500e+00	1.052000e+03
  1691	8.457500e+00	1.022000e+03
  1692	8.462500e+00	1.059000e+03
  1693	8.467500e+00	1.054000e+03
  1694	8.472500e+00	1.052000e+03
  1695	8.477500e+00	1.071000e+03
  1696	8.482500e+00	9.910000e+02
  1697	8.487500e+00	1.088000e+03
  1698	8.492500e+00	1.087000e+03
  1699	8.497500e+00	1.081000e+03
  1700	8.502500e+00	1.066000e+03
  1701	8.507500e+00	1.038000e+03
  1702	8.512500e+00	1.046000e+03
  1703	8.517500e+00	1.032000e+03
  1704	8.522500e+00	1.044000e+03
  1705	8.527500e+00	1.004000e+03
  1706	8.532500e+00	1.013000e+03
  1707	8.537500e+00	1.062000e+03
  1708	8.542500e+00	1.023000e+03
  1709	8.547500e+00	1.061000e+03
  1710	8.552500e+00	1.110000e+03
  1711	8.557500e+00	1.015000e+03
  1712	8.562500e+00	1.049000e+03
  1713	8.567500e+00	1.035000e+03
  1714	8.572500e+00	1.013000e+03
  1715	8.577500e+00	1.097000e+03
  1716	8.582500e+00	1.083000e+03
  1717	8.587500e+00	1.096000e+03
  1718	8.592500e+00	1.044000e+03
  1719	8.597500e+00	9.970000e+02
  1720	8.602500e+00	1.048000e+03
  1721	8.607500e+00	1.039000e+03
  1722	8.612500e+00	1.001000e+03
  1723	8.617500e+00	9.750000e+02
  1724	8.622500e+00	1.076000e+03
  1725	8.627500e+00	1.040000e+03
  1726	8.632500e+00	1.012000e+03
  1727	8.637500e+00	1.056000e+03
  1728	8.642500e+00	9.900000e+02
  1729	8.647500e+00	9.910000e+02
  1730	8.652500e+00	1.012000e+03
  1731	8.657500e+00	1.032000e+03
  1732	8.662500e+00	1.035000e+03
  1733	8.667500e+00	1.008000e+03
  1734	8.672500e+00	9.880000e+02
  1735	8.677500e+00	9.830000e+02
  1736	8.682500e+00	1.045000e+03
  1737	8.687500e+00	1.013000e+03
  1738	8.692500e+00	9.910000e+02
  1739	8.697500e+00	1.012000e+03
  1740	8.702500e+00	1.031000e+03
  1741	8.707500e+00	1.028000e+03
  1742	8.712500e+00	9.900000e+02
  1743	8.717500e+00	1.087000e+03
  1744	8.722500e+00	1.046000e+03
  1745	8.727500e+00	1.012000e+03
  1746	8.732500e+00	1.011000e+03
  1747	8.737500e+00	1.040000e+03
  1748	8.742500e+00	1.067000e+03
  1749	8.747500e+00	1.076000e+03
  1750	8.752500e+00	9.860000e+02
  1751	8.757500e+00	1.037000e+03
  1752	8.762500e+00	9.790000e+02
  1753	8.767500e+00	1.073000e+03
  1754	8.772500e+00	9.810000e+02
  1755	8.777500e+00	9.850000e+02
  1756	8.782500e+00	9.350000e+02
  1757	8.787500e+00	1.013000e+03
  1758	8.792500e+00	1.007000e+03
  1759	8.797500e+00	1.002000e+03
  1760	8.802500e+00	9.750000e+02
  1761	8.807500e+00	1.051000e+03
  1762	8.812500e+00	1.052000e+03
  1763	8.817500e+00	9.660000e+02
  1764	8.822500e+00	1.049000e+03
  1765	8.827500e+00	1.009000e+03
  1766	8.832500e+00	1.008000e+03
  1767	8.837500e+00	9.920000e+02
  1768	8.842500e+00	1.006000e+03
  1769	8.847500e+00	1.026000e+03
  1770	8.852500e+00	9.580000e+02
  1771	8.857500e+00	1.002000e+03
  1772	8.862500e+00	1.011000e+03
  1773	8.867500e+00	1.116000e+03
  1774	8.872500e+00	1.045000e+03
  1775	8.877500e+00	1.002000e+03
  1776	8.882500e+00	9.830000e+02
  1777	8.887500e+00	1.010000e+03
  1778	8.892500e+00	9.920000e+02
  1779	8.897500e+00	1.059000e+03
  1780	8.902500e+00	1.018000e+03
  1781	8.907500e+00	9.940000e+02
  1782	8.912500e+00	1.034000e+03
  1783	8.917500e+00	1.007000e+03
  1784	8.922500e+00	1.041000e+03
  1785	8.927500e+00	9.720000e+02
  1786	8.932500e+00	9.820000e+02
  1787	8.937500e+00	1.013000e+03
  1788	8.942500e+00	9.780000e+02
  1789	8.947500e+00	1.009000e+03
  1790	8.952500e+00	9.830000e+02
  1791	8.957500e+00	9.880000e+02
  1792	8.962500e+00	9.880000e+02
  1793	8.967500e+00	9.930000e+02
  1794	8.972500e+00	9.660000e+02
  1795	8.977500e+00	9.640000e+02
  1796	8.982500e+00	1.020000e+03
  1797	8.987500e+00	1.000000e+03
  1798	8.992500e+00	9.930000e+02
  1799	8.997500e+00	1.007000e+03
  1800	9.002500e+00	9.590000e+02
  1801	9.007500e+00	9.750000e+02
  1802	9.012500e+00	9.380000e+02
  1803	9.017500e+00	1.003000e+03
  1804	9.022500e+00	9.580000e+02
  1805	9.027500e+00	9.550000e+02
  1806	9.032500e+00	1.019000e+03
  1807	9.037500e+00	9.660000e+02
  1808	9.042500e+00	9.620000e+02
  1809	9.047500e+00	9.360000e+02
  1810	9.052500e+00	9.760000e+02
  1811	9.057500e+00	9.760000e+02
  1812	9.062500e+00	9.610000e+02
  1813	9.067500e+00	1.006000e+03
  1814	9.072500e+00	1.010000e+03
  1815	9.077500e+00	9.660000e+02
  1816	9.082500e+00	1.003000e+03
  1817	9.087500e+00	9.550000e+02
  1818	9.092500e+00	9.390000e+02
  1819	9.097500e+00	9.570000e+02
  1820	9.102500e+00	9.740000e+02
  1821	9.107500e+00	1.006000e+03
  1822	9.112500e+00	9.330000e+02
  1823	9.117500e+00	9.650000e+02
  1824	9.122500e+00	9.520000e+02
  1825	9.127500e+00	9.290000e+02
  1826	9.132500e+00	1.000000e+03
  1827	9.137500e+00	9.670000e+02
  1828	9.142500e+00	9.900000e+02
  1829	9.147500e+00	9.530000e+02
  1830	9.152500e+00	9.470000e+02
  1831	9.157500e+00	9.570000e+02
  1832	9.162500e+00	9.420000e+02
  1833	9.167500e+00	9.510000e+02
  1834	9.172500e+00	9.740000e+02
  1835	9.177500e+00	9.380000e+02
  1836	9.182500e+00	9.390000e+02
  1837	9.187500e+00	9.570000e+02
  1838	9.192500e+00	9.630000e+02
  1839	9.197500e+00	9.230000e+02
  1840	9.202500e+00	9.720000e+02
  1841	9.207500e+00	9.700000e+02
  1842	9.212500e+00	9.810000e+02
  1843	9.217500e+00	9.520000e+02
  1844	9.222500e+00	9.410000e+02
  1845	9.227500e+00	9.800000e+02
  1846	9.232500e+00	9.790000e+02
  1847	9.237500e+00	8.750000e+02
  1848	9.242500e+00	9.630000e+02
  1849	9.247500e+00	9.140000e+02
  1850	9.252500e+00	9.810000e+02
  1851	9.257500e+00	9.120000e+02
  1852	9.262500e+00	9.520000e+02
  1853	9.267500e+00	9.650000e+02
  1854	9.272500e+00	9.270000e+02
  1855	9.277500e+00	9.820000e+02
  1856	9.282500e+00	9.070000e+02
  1857	9.287500e+00	9.640000e+02
  1858	9.292500e+00	9.960000e+02
  1859	9.297500e+00	9.510000e+02
  1860	9.302500e+00	9.520000e+02
  1861	9.307500e+00	9.530000e+02
  1862	9.312500e+00	9.190000e+02
  1863	9.317500e+00	9.250000e+02
  1864	9.322500e+00	9.340000e+02
  1865	9.327500e+00	9.710000e+02
  1866	9.332500e+00	9.440000e+02
  1867	9.337500e+00	9.310000e+02
  1868	9.342500e+00	9.490000e+02
  1869	9.347500e+00	9.640000e+02
  1870	9.352500e+00	9.700000e+02
  1871	9.357500e+00	9.820000e+02
  1872	9.362500e+00	9.320000e+02
  1873	9.367500e+00	1.017000e+03
  1874	9.372500e+00	9.070000e+02
  1875	9.377500e+00	9.510000e+02
  1876	9.382500e+00	9.470000e+02
  1877	9.387500e+00	9.280000e+02
  1878	9.392500e+00	8.850000e+02
  1879	9.397500e+00	9.700000e+02
  1880	9.402500e+00	8.970000e+02
  1881	9.407500e+00	9.360000e+02
  1882	9.412500e+00	8.600000e+02
  1883	9.417500e+00	8.330000e+02
  1884	9.422500e+00	9.320000e+02
  1885	9.427500e+00	9.800000e+02
  1886	9.432500e+00	9.770000e+02
  1887	9.437500e+00	8.960000e+02
  1888	9.442500e+00	9.040000e+02
  1889	9.447500e+00	9.090000e+02
  1890	9.452500e+00	9.500000e+02
  1891	9.457500e+00	8.680000e+02
  1892	9.462500e+00	9.370000e+02
  1893	9.467500e+00	8.320000e+02
  1894	9.472500e+00	9.450000e+02
  1895	9.477500e+00	9.640000e+02
  1896	9.482500e+00	9.080000e+02
  1897	9.487500e+00	8.770000e+02
  1898	9.492500e+00	8.890000e+02
  1899	9.497500e+00	9.530000e+02
  1900	9.502500e+00	9.120000e+02
  1901	9.507500e+00	9.060000e+02
  1902	9.512500e+00	9.020000e+02
  1903	9.517500e+00	9.060000e+02
  1904	9.522500e+00	8.960000e+02
  1905	9.527500e+00	8.910000e+02
  1906	9.532500e+00	8.860000e+02
  1907	9.537500e+00	9.710000e+02
  1908	9.542500e+00	8.960000e+02
  1909	9.547500e+00	9.480000e+02
  1910	9.552500e+00	9.170000e+02
  1911	9.557500e+00	8.950000e+02
  1912	9.562500e+00	8.590000e+02
  1913	9.567500e+00	8.910000e+02
  1914	9.572500e+00	8.870000e+02
  1915	9.577500e+00	9.360000e+02
  1916	9.582500e+00	8.640000e+02
  1917	9.587500e+00	8.690000e+02
  1918	9.592500e+00	9.380000e+02
  1919	9.597500e+00	8.790000e+02
  1920	9.602500e+00	9.170000e+02
  1921	9.607500e+00	8.950000e+02
  1922	9.612500e+00	9.190000e+02
  1923	9.617500e+00	9.230000e+02
  1924	9.622500e+00	8.980000e+02
  1925	9.627500e+00	9.440000e+02
  1926	9.632500e+00	8.770000e+02
  1927	9.637500e+00	8.720000e+02
  1928	9.642500e+00	8.860000e+02
  1929	9.647500e+00	9.240000e+02
  1930	9.652500e+00	8.750000e+02
  1931	9.657500e+00	8.410000e+02
  1932	9.662500e+00	8.610000e+02
  1933	9.667500e+00	9.120000e+02
  1934	9.672500e+00	8.470000e+02
  1935	9.677500e+00	9.100000e+02
  1936	9.682500e+00	8.880000e+02
  1937	9.687500e+00	8.740000e+02
  1938	9.692500e+00	8.980000e+02
  1939	9.697500e+00	8.830000e+02
  1940	9.702500e+00	8.610000e+02
  1941	9.707500e+00	8.570000e+02
  1942	9.712500e+00	9.400000e+02
  1943	9.717500e+00	9.300000e+02
  1944	9.722500e+00	8.780000e+02
  1945	9.727500e+00	8.890000e+02
  1946	9.732500e+00	8.950000e+02
  1947	9.737500e+00	9.010000e+02
  1948	9.742500e+00	8.740000e+02
  1949	9.747500e+00	9.000000e+02
  1950	9.752500e+00	8.680000e+02
  1951	9.757500e+00	9.070000e+02
  1952	9.762500e+00	9.040000e+02
  1953	9.767500e+00	9.210000e+02
  1954	9.772500e+00	8.860000e+02
  1955	9.777500e+00	8.610000e+02
  1956	9.782500e+00	9.080000e+02
  1957	9.787500e+00	8.700000e+02
  1958	9.792500e+00	8.870000e+02
  1959	9.797500e+00	8.800000e+02
  1960	9.802500e+00	8.670000e+02
  1961	9.807500e+00	8.760000e+02
  1962	9.812500e+00	9.340000e+02
  1963	9.817500e+00	9.090000e+02
  1964	9.822500e+00	8.610000e+02
  1965	9.827500e+00	8.790000e+02
  1966	9.832500e+00	8.900000e+02
  1967	9.837500e+00	8.030000e+02
  1968	9.842500e+00	8.800000e+02
  1969	9.847500e+00	8.600000e+02
  1970	9.852500e+00	8.460000e+02
  1971	9.857500e+00	8.670000e+02
  1972	9.862500e+00	8.430000e+02
  1973	9.867500e+00	8.840000e+02
  1974	9.872500e+00	8.350000e+02
  1975	9.877500e+00	9.350000e+02
  1976	9.882500e+00	8.820000e+02
  1977	9.887500e+00	8.890000e+02
  1978	9.892500e+00	8.650000e+02
  1979	9.897500e+00	8.570000e+02
  1980	9.902500e+00	9.430000e+02
  1981	9.907500e+00	8.020000e+02
  1982	9.912500e+00	8.100000e+02
  1983	9.917500e+00	9.130000e+02
  1984	9.922500e+00	8.620000e+02
  1985	9.927500e+00	8.360000e+02
  1986	9.932500e+00	8.840000e+02
  1987	9.937500e+00	8.520000e+02
  1988	9.942500e+00	8.760000e+02
  1989	9.947500e+00	8.690000e+02
  1990	9.952500e+00	8.060000e+02
  1991	9.957500e+00	8.350000e+02
  1992	9.962500e+00	9.320000e+02
  1993	9.967500e+00	7.880000e+02
  1994	9.972500e+00	8.790000e+02
  1995	9.977500e+00	8.380000e+02
  1996	9.982500e+00	9.470000e+02
  1997	9.987500e+00	8.770000e+02
  1998	9.992500e+00	8.230000e+02
  1999	9.997500e+00	8.510000e+02
  2000	1.000250e+01	8.310000e+02
  2001	1.000750e+01	8.950000e+02
  2002	1.001250e+01	8.590000e+02
  2003	1.001750e+01	8.530000e+02
  2004	1.002250e+01	8.400000e+02
  2005	1.002750e+01	8.490000e+02
  2006	1.003250e+01	8.380000e+02
  2007	1.003750e+01	8.520000e+02
  2008	1.004250e+01	8.620000e+02
  2009	1.004750e+01	8.500000e+02
  2010	1.005250e+01	8.610000e+02
  2011	1.005750e+01	8.470000e+02
  2012	1.006250e+01	8.390000e+02
  2013	1.006750e+01	8.630000e+02
  2014	1.007250e+01	8.400000e+02
  2015	1.007750e+01	8.450000e+02
  2016	1.008250e+01	8.500000e+02
  2017	1.008750e+01	8.920000e+02
  2018	1.009250e+01	8.340000e+02
  2019	1.009750e+01	8.380000e+02
  2020	1.010250e+01	8.520000e+02
  2021	1.010750e+01	8.550000e+02
  2022	1.011250e+01	8.440000e+02
  2023	1.011750e+01	8.410000e+02
  2024	1.012250e+01	7.990000e+02
  2025	1.012750e+01	8.440000e+02
  2026	1.013250e+01	7.470000e+02
  2027	1.013750e+01	7.880000e+02
  2028	1.014250e+01	8.170000e+02
  2029	1.014750e+01	8.550000e+02
  2030	1.015250e+01	8.370000e+02
  2031	1.015750e+01	8.170000e+02
  2032	1.016250e+01	7.820000e+02
  2033	1.016750e+01	8.060000e+02
  2034	1.017250e+01	8.120000e+02
  2035	1.017750e+01	8.060000e+02
  2036	1.018250e+01	8.550000e+02
  2037	1.018750e+01	8.000000e+02
  2038	1.019250e+01	8.130000e+02
  2039	1.019750e+01	7.730000e+02
  2040	1.020250e+01	8.690000e+02
  2041	1.020750e+01	8.510000e+02
  2042	1.021250e+01	8.380000e+02
  2043	1.021750e+01	8.970000e+02
  2044	1.022250e+01	8.240000e+02
  2045	1.022750e+01	8.580000e+02
  2046	1.023250e+01	7.850000e+02
  2047	1.023750e+01	8.840000e+02
  2048	1.024250e+01	8.320000e+02
  2049	1.024750e+01	7.750000e+02
  2050	1.025250e+01	8.410000e+02
  2051	1.025750e+01	8.420000e+02
  2052	1.026250e+01	8.200000e+02
  2053	1.026750e+01	8.460000e+02
  2054	1.027250e+01	7.940000e+02
  2055	1.027750e+01	8.010000e+02
  2056	1.028250e+01	8.140000e+02
  2057	1.028750e+01	8.380000e+02
  2058	1.029250e+01	8.500000e+02
  2059	1.029750e+01	7.770000e+02
  2060	1.030250e+01	8.110000e+02
  2061	1.030750e+01	7.810000e+02
  2062	1.031250e+01	8.350000e+02
  2063	1.031750e+01	8.230000e+02
  2064	1.032250e+01	8.090000e+02
  2065	1.032750e+01	7.830000e+02
  2066	1.033250e+01	8.400000e+02
  2067	1.033750e+01	7.770000e+02
  2068	1.034250e+01	8.020000e+02
  2069	1.034750e+01	7.940000e+02
  2070	1.035250e+01	7.840000e+02
  2071	1.035750e+01	7.800000e+02
  2072	1.036250e+01	7.720000e+02
  2073	1.036750e+01	7.390000e+02
  2074	1.037250e+01	8.130000e+02
  2075	1.037750e+01	8.660000e+02
  2076	1.038250e+01	8.000000e+02
  2077	1.038750e+01	7.870000e+02
  2078	1.039250e+01	8.570000e+02
  2079	1.039750e+01	8.410000e+02
  2080	1.040250e+01	8.660000e+02
  2081	1.040750e+01	8.280000e+02
  2082	1.041250e+01	8.120000e+02
  2083	1.041750e+01	8.100000e+02
  2084	1.042250e+01	7.940000e+02
  2085	1.042750e+01	8.040000e+02
  2086	1.043250e+01	7.910000e+02
  2087	1.043750e+01	8.110000e+02
  2088	1.044250e+01	7.910000e+02
  2089	1.044750e+01	7.680000e+02
  2090	1.045250e+01	7.940000e+02
  2091	1.045750e+01	7.280000e+02
  2092	1.046250e+01	8.030000e+02
  2093	1.046750e+01	8.360000e+02
  2094	1.047250e+01	8.040000e+02
  2095	1.047750e+01	8.140000e+02
  2096	1.048250e+01	8.210000e+02
  2097	1.048750e+01	7.950000e+02
  2098	1.049250e+01	8.120000e+02
  2099	1.049750e+01	8.450000e+02
  2100	1.050250e+01	8.150000e+02
  2101	1.050750e+01	7.920000e+02
  2102	1.051250e+01	7.960000e+02
  2103	1.051750e+01	8.240000e+02
  2104	1.052250e+01	7.880000e+02
  2105	1.052750e+01	7.500000e+02
  2106	1.053250e+01	8.000000e+02
  2107	1.053750e+01	8.110000e+02
  2108	1.054250e+01	7.660000e+02
  2109	1.054750e+01	7.920000e+02
  2110	1.055250e+01	8.030000e+02
  2111	1.055750e+01	8.470000e+02
  2112	1.056250e+01	7.820000e+02
  2113	1.056750e+01	7.850000e+02
  2114	1.057250e+01	8.050000e+02
  2115	1.057750e+01	8.050000e+02
  2116	1.058250e+01	8.250000e+02
  2117	1.058750e+01	8.120000e+02
  2118	1.059250e+01	8.310000e+02
  2119	1.059750e+01	7.680000e+02
  2120	1.060250e+01	8.250000e+02
  2121	1.060750e+01	7.640000e+02
  2122	1.061250e+01	7.450000e+02
  2123	1.061750e+01	7.310000e+02
  2124	1.062250e+01	8.390000e+02
  2125	1.062750e+01	7.800000e+02
  2126	1.063250e+01	8.460000e+02
  2127	1.063750e+01	7.650000e+02
  2128	1.064250e+01	8.010000e+02
  2129	1.064750e+01	7.740000e+02
  2130	1.065250e+01	7.880000e+02
  2131	1.065750e+01	7.910000e+02
  2132	1.066250e+01	8.000000e+02
  2133	1.066750e+01	7.880000e+02
  2134	1.067250e+01	7.440000e+02
  2135	1.067750e+01	7.840000e+02
  2136	1.068250e+01	7.990000e+02
  2137	1.068750e+01	7.420000e+02
  2138	1.069250e+01	8.130000e+02
  2139	1.069750e+01	8.060000e+02
  2140	1.070250e+01	7.990000e+02
  2141	1.070750e+01	7.220000e+02
  2142	1.071250e+01	7.920000e+02
  2143	1.071750e+01	7.310000e+02
  2144	1.072250e+01	7.640000e+02
  2145	1.072750e+01	7.320000e+02
  2146	1.073250e+01	7.550000e+02
  2147	1.073750e+01	7.960000e+02
  2148	1.074250e+01	8.070000e+02
  2149	1.074750e+01	8.020000e+02
  2150	1.075250e+01	7.580000e+02
  2151	1.075750e+01	7.620000e+02
  2152	1.076250e+01	7.540000e+02
  2153	1.076750e+01	7.740000e+02
  2154	1.077250e+01	7.830000e+02
  2155	1.077750e+01	7.750000e+02
  2156	1.078250e+01	7.480000e+02
  2157	1.078750e+01	7.420000e+02
  2158	1.079250e+01	7.770000e+02
  2159	1.079750e+01	7.710000e+02
  2160	1.080250e+01	7.730000e+02
  2161	1.080750e+01	7.480000e+02
  2162	1.081250e+01	7.710000e+02
  2163	1.081750e+01	7.950000e+02
  2164	1.082250e+01	7.170000e+02
  2165	1.082750e+01	7.470000e+02
  2166	1.083250e+01	7.670000e+02
  2167	1.083750e+01	7.700000e+02
  2168	1.084250e+01	7.760000e+02
  2169	1.084750e+01	7.400000e+02
  2170	1.085250e+01	7.850000e+02
  2171	1.085750e+01	7.620000e+02
  2172	1.086250e+01	7.380000e+02
  2173	1.086750e+01	7.320000e+02
  2174	1.087250e+01	7.880000e+02
  2175	1.087750e+01	7.660000e+02
  2176	1.088250e+01	7.580000e+02
  2177	1.088750e+01	7.940000e+02
  2178	1.089250e+01	7.450000e+02
  2179	1.089750e+01	7.080000e+02
  2180	1.090250e+01	7.380000e+02
  2181	1.090750e+01	8.400000e+02
  2182	1.091250e+01	7.540000e+02
  2183	1.091750e+01	7.630000e+02
  2184	1.092250e+01	7.830000e+02
  2185	1.092750e+01	7.760000e+02
  2186	1.093250e+01	7.820000e+02
  2187	1.093750e+01	7.580000e+02
  2188	1.094250e+01	7.630000e+02
  2189	1.094750e+01	7.630000e+02
  2190	1.095250e+01	7.820000e+02
  2191	1.095750e+01	7.190000e+02
  2192	1.096250e+01	7.660000e+02
  2193	1.096750e+01	7.770000e+02
  2194	1.097250e+01	7.370000e+02
  2195	1.097750e+01	7.660000e+02
  2196	1.098250e+01	7.760000e+02
  2197	1.098750e+01	7.740000e+02
  2198	1.099250e+01	7.050000e+02
  2199	1.099750e+01	8.290000e+02
  2200	1.100250e+01	7.580000e+02
  2201	1.100750e+01	7.140000e+02
  2202	1.101250e+01	7.290000e+02
  2203	1.101750e+01	7.320000e+02
  2204	1.102250e+01	6.980000e+02
  2205	1.102750e+01	7.390000e+02
  2206	1.103250e+01	7.250000e+02
  2207	1.103750e+01	7.170000e+02
  2208	1.104250e+01	7.560000e+02
  2209	1.104750e+01	7.130000e+02
  2210	1.105250e+01	7.360000e+02
  2211	1.105750e+01	7.460000e+02
  2212	1.106250e+01	7.370000e+02
  2213	1.106750e+01	6.840000e+02
  2214	1.107250e+01	6.880000e+02
  2215	1.107750e+01	7.790000e+02
  2216	1.108250e+01	7.620000e+02
  2217	1.108750e+01	7.190000e+02
  2218	1.109250e+01	7.170000e+02
  2219	1.109750e+01	7.170000e+02
  2220	1.110250e+01	7.010000e+02
  2221	1.110750e+01	7.210000e+02
  2222	1.111250e+01	7.140000e+02
  2223	1.111750e+01	7.380000e+02
  2224	1.112250e+01	7.280000e+02
  2225	1.112750e+01	7.080000e+02
  2226	1.113250e+01	7.030000e+02
  2227	1.113750e+01	7.550000e+02
  2228	1.114250e+01	6.950000e+02
  2229	1.114750e+01	7.260000e+02
  2230	1.115250e+01	7.470000e+02
  2231	1.115750e+01	6.820000e+02
  2232	1.116250e+01	6.850000e+02
  2233	1.116750e+01	7.330000e+02
  2234	1.117250e+01	7.160000e+02
  2235	1.117750e+01	7.780000e+02
  2236	1.118250e+01	7.870000e+02
  2237	1.118750e+01	7.430000e+02
  2238	1.119250e+01	7.050000e+02
  2239	1.119750e+01	7.100000e+02
  2240	1.120250e+01	7.030000e+02
  2241	1.120750e+01	7.340000e+02
  2242	1.121250e+01	7.420000e+02
  2243	1.121750e+01	7.140000e+02
  2244	1.122250e+01	7.330000e+02
  2245	1.122750e+01	7.140000e+02
  2246	1.123250e+01	7.040000e+02
  2247	1.123750e+01	7.250000e+02
  2248	1.124250e+01	6.980000e+02
  2249	1.124750e+01	7.660000e+02
  2250	1.125250e+01	6.960000e+02
  2251	1.125750e+01	7.540000e+02
  2252	1.126250e+01	6.910000e+02
  2253	1.126750e+01	6.910000e+02
  2254	1.127250e+01	7.310000e+02
  2255	1.127750e+01	7.160000e+02
  2256	1.128250e+01	7.130000e+02
  2257	1.128750e+01	7.440000e+02
  2258	1.129250e+01	7.220000e+02
  2259	1.129750e+01	7.240000e+02
  2260	1.130250e+01	7.040000e+02
  2261	1.130750e+01	7.180000e+02
  2262	1.131250e+01	7.320000e+02
  2263	1.131750e+01	7.160000e+02
  2264	1.132250e+01	7.230000e+02
  2265	1.132750e+01	7.330000e+02
  2266	1.133250e+01	6.830000e+02
  2267	1.133750e+01	7.470000e+02
  2268	1.134250e+01	7.100000e+02
  2269	1.134750e+01	6.940000e+02
  2270	1.135250e+01	7.010000e+02
  2271	1.135750e+01	7.370000e+02
  2272	1.136250e+01	7.440000e+02
  2273	1.136750e+01	6.820000e+02
  2274	1.137250e+01	7.060000e+02
  2275	1.137750e+01	7.310000e+02
  2276	1.138250e+01	7.280000e+02
  2277	1.138750e+01	7.080000e+02
  2278	1.139250e+01	7.260000e+02
  2279	1.139750e+01	6.830000e+02
  2280	1.140250e+01	7.230000e+02
  2281	1.140750e+01	6.530000e+02
  2282	1.141250e+01	7.080000e+02
  2283	1.141750e+01	7.080000e+02
  2284	1.142250e+01	7.050000e+02
  2285	1.142750e+01	7.330000e+02
  2286	1.143250e+01	6.990000e+02
  2287	1.143750e+01	6.750000e+02
  2288	1.144250e+01	7.260000e+02
  2289	1.144750e+01	7.490000e+02
  2290	1.145250e+01	6.640000e+02
  2291	1.145750e+01	7.110000e+02
  2292	1.146250e+01	7.280000e+02
  2293	1.146750e+01	7.100000e+02
  2294	1.147250e+01	6.870000e+02
  2295	1.147750e+01	7.100000e+02
  2296	1.148250e+01	7.160000e+02
  2297	1.148750e+01	7.380000e+02
  2298	1.149250e+01	6.820000e+02
  2299	1.149750e+01	6.970000e+02
  2300	1.150250e+01	6.600000e+02
  2301	1.150750e+01	6.850000e+02
  2302	1.151250e+01	6.770000e+02
  2303	1.151750e+01	6.560000e+02
  2304	1.152250e+01	7.030000e+02
  2305	1.152750e+01	6.950000e+02
  2306	1.153250e+01	6.810000e+02
  2307	1.153750e+01	6.860000e+02
  2308	1.154250e+01	6.390000e+02
  2309	1.154750e+01	7.210000e+02
  2310	1.155250e+01	6.810000e+02
  2311	1.155750e+01	7.080000e+02
  2312	1.156250e+01	7.260000e+02
  2313	1.156750e+01	6.560000e+02
  2314	1.157250e+01	6.810000e+02
  2315	1.157750e+01	7.090000e+02
  2316	1.158250e+01	6.810000e+02
  2317	1.158750e+01	6.690000e+02
  2318	1.159250e+01	6.740000e+02
  2319	1.159750e+01	6.550000e+02
  2320	1.160250e+01	6.790000e+02
  2321	1.160750e+01	6.920000e+02
  2322	1.161250e+01	6.450000e+02
  2323	1.161750e+01	6.950000e+02
  2324	1.162250e+01	6.680000e+02
  2325	1.162750e+01	6.950000e+02
  2326	1.163250e+01	6.480000e+02
  2327	1.163750e+01	6.260000e+02
  2328	1.164250e+01	6.870000e+02
  2329	1.164750e+01	7.280000e+02
  2330	1.165250e+01	6.380000e+02
  2331	1.165750e+01	7.010000e+02
  2332	1.166250e+01	6.950000e+02
  2333	1.166750e+01	6.890000e+02
  2334	1.167250e+01	6.480000e+02
  2335	1.167750e+01	6.780000e+02
  2336	1.168250e+01	6.600000e+02
  2337	1.168750e+01	6.670000e+02
  2338	1.169250e+01	6.910000e+02
  2339	1.169750e+01	6.420000e+02
  2340	1.170250e+01	6.590000e+02
  2341	1.170750e+01	6.940000e+02
  2342	1.171250e+01	7.080000e+02
  2343	1.171750e+01	6.810000e+02
  2344	1.172250e+01	6.790000e+02
  2345	1.172750e+01	6.500000e+02
  2346	1.173250e+01	6.540000e+02
  2347	1.173750e+01	6.350000e+02
  2348	1.174250e+01	6.700000e+02
  2349	1.174750e+01	6.810000e+02
  2350	1.175250e+01	6.950000e+02
  2351	1.175750e+01	6.560000e+02
  2352	1.176250e+01	6.380000e+02
  2353	1.176750e+01	6.540000e+02
  2354	1.177250e+01	6.740000e+02
  2355	1.177750e+01	6.680000e+02
  2356	1.178250e+01	6.540000e+02
  2357	1.178750e+01	6.610000e+02
  2358	1.179250e+01	6.650000e+02
  2359	1.179750e+01	6.530000e+02
  2360	1.180250e+01	6.670000e+02
  2361	1.180750e+01	6.640000e+02
  2362	1.181250e+01	6.880000e+02
  2363	1.181750e+01	6.670000e+02
  2364	1.182250e+01	6.610000e+02
  2365	1.182750e+01	6.530000e+02
  2366	1.183250e+01	6.560000e+02
  2367	1.183750e+01	6.660000e+02
  2368	1.184250e+01	7.090000e+02
  2369	1.184750e+01	6.390000e+02
  2370	1.185250e+01	6.500000e+02
  2371	1.185750e+01	6.290000e+02
  2372	1.186250e+01	6.770000e+02
  2373	1.186750e+01	7.010000e+02
  2374	1.187250e+01	6.620000e+02
  2375	1.187750e+01	6.720000e+02
  2376	1.188250e+01	6.340000e+02
  2377	1.188750e+01	6.540000e+02
  2378	1.189250e+01	6.800000e+02
  2379	1.189750e+01	6.700000e+02
  2380	1.190250e+01	6.380000e+02
  2381	1.190750e+01	6.030000e+02
  2382	1.191250e+01	6.630000e+02
  2383	1.191750e+01	6.520000e+02
  2384	1.192250e+01	6.040000e+02
  2385	1.192750e+01	6.480000e+02
  2386	1.193250e+01	5.950000e+02
  2387	1.193750e+01	6.560000e+02
  2388	1.194250e+01	6.690000e+02
  2389	1.194750e+01	6.740000e+02
  2390	1.195250e+01	6.460000e+02
  2391	1.195750e+01	6.330000e+02
  2392	1.196250e+01	6.490000e+02
  2393	1.196750e+01	6.580000e+02
  2394	1.197250e+01	6.260000e+02
  2395	1.197750e+01	6.070000e+02
  2396	1.198250e+01	6.700000e+02
  2397	1.198750e+01	6.450000e+02
  2398	1.199250e+01	6.640000e+02
  2399	1.199750e+01	6.230000e+02
  2400	1.200250e+01	6.830000e+02
  2401	1.200750e+01	6.520000e+02
  2402	1.201250e+01	6.580000e+02
  2403	1.201750e+01	6.320000e+02
  2404	1.202250e+01	6.380000e+02
  2405	1.202750e+01	6.810000e+02
  2406	1.203250e+01	6.570000e+02
  2407	1.203750e+01	6.120000e+02
  2408	1.204250e+01	6.670000e+02
  2409	1.204750e+01	6.300000e+02
  2410	1.205250e+01	6.240000e+02
  2411	1.205750e+01	6.540000e+02
  2412	1.206250e+01	6.530000e+02
  2413	1.206750e+01	6.350000e+02
  2414	1.207250e+01	6.290000e+02
  2415	1.207750e+01	6.610000e+02
  2416	1.208250e+01	6.710000e+02
  2417	1.208750e+01	5.780000e+02
  2418	1.209250e+01	6.180000e+02
  2419	1.209750e+01	6.280000e+02
  2420	1.210250e+01	6.320000e+02
  2421	1.210750e+01	6.440000e+02
  2422	1.211250e+01	6.870000e+02
  2423	1.211750e+01	5.990000e+02
  2424	1.212250e+01	6.130000e+02
  2425	1.212750e+01	6.160000e+02
  2426	1.213250e+01	6.490000e+02
  2427	1.213750e+01	6.080000e+02
  2428	1.214250e+01	6.180000e+02
  2429	1.214750e+01	6.320000e+02
  2430	1.215250e+01	6.090000e+02
  2431	1.215750e+01	6.700000e+02
  2432	1.216250e+01	6.420000e+02
  2433	1.216750e+01	6.480000e+02
  2434	1.217250e+01	6.330000e+02
  2435	1.217750e+01	6.320000e+02
  2436	1.218250e+01	6.480000e+02
  2437	1.218750e+01	6.430000e+02
  2438	1.219250e+01	6.080000e+02
  2439	1.219750e+01	6.250000e+02
  2440	1.220250e+01	6.020000e+02
  2441	1.220750e+01	6.330000e+02
  2442	1.221250e+01	6.260000e+02
  2443	1.221750e+01	6.540000e+02
  2444	1.222250e+01	6.690000e+02
  2445	1.222750e+01	6.050000e+02
  2446	1.223250e+01	6.310000e+02
  2447	1.223750e+01	5.980000e+02
  2448	1.224250e+01	6.470000e+02
  2449	1.224750e+01	6.060000e+02
  2450	1.225250e+01	6.020000e+02
  2451	1.225750e+01	6.270000e+02
  2452	1.226250e+01	6.360000e+02
  2453	1.226750e+01	6.410000e+02
  2454	1.227250e+01	6.850000e+02
  2455	1.227750e+01	6.630000e+02
  2456	1.228250e+01	5.690000e+02
  2457	1.228750e+01	6.080000e+02
  2458	1.229250e+01	6.220000e+02
  2459	1.229750e+01	6.720000e+02
  2460	1.230250e+01	6.120000e+02
  2461	1.230750e+01	6.310000e+02
  2462	1.231250e+01	6.210000e+02
  2463	1.231750e+01	6.520000e+02
  2464	1.232250e+01	6.340000e+02
  2465	1.232750e+01	5.740000e+02
  2466	1.233250e+01	5.700000e+02
  2467	1.233750e+01	6.070000e+02
  2468	1.234250e+01	5.830000e+02
  2469	1.234750e+01	5.850000e+02
  2470	1.235250e+01	6.230000e+02
  2471	1.235750e+01	6.310000e+02
  2472	1.236250e+01	6.240000e+02
  2473	1.236750e+01	5.840000e+02
  2474	1.237250e+01	6.080000e+02
  2475	1.237750e+01	6.370000e+02
  2476	1.238250e+01	6.240000e+02
  2477	1.238750e+01	6.400000e+02
  2478	1.239250e+01	6.390000e+02
  2479	1.239750e+01	5.670000e+02
  2480	1.240250e+01	6.510000e+02
  2481	1.240750e+01	5.900000e+02
  2482	1.241250e+01	6.240000e+02
  2483	1.241750e+01	5.780000e+02
  2484	1.242250e+01	6.170000e+02
  2485	1.242750e+01	6.190000e+02
  2486	1.243250e+01	5.860000e+02
  2487	1.243750e+01	5.710000e+02
  2488	1.244250e+01	6.050000e+02
  2489	1.244750e+01	6.240000e+02
  2490	1.245250e+01	6.170000e+02
  2491	1.245750e+01	5.900000e+02
  2492	1.246250e+01	6.030000e+02
  2493	1.246750e+01	6.070000e+02
  2494	1.247250e+01	5.990000e+02
  2495	1.247750e+01	6.450000e+02
  2496	1.248250e+01	6.040000e+02
  2497	1.248750e+01	5.840000e+02
  2498	1.249250e+01	6.310000e+02
  2499	1.249750e+01	6.100000e+02
  2500	1.250250e+01	6.290000e+02
  2501	1.250750e+01	5.670000e+02
  2502	1.251250e+01	6.050000e+02
  2503	1.251750e+01	5.670000e+02
  2504	1.252250e+01	6.110000e+02
  2505	1.252750e+01	5.890000e+02
  2506	1.253250e+01	6.280000e+02
  2507	1.253750e+01	6.700000e+02
  2508	1.254250e+01	5.310000e+02
  2509	1.254750e+01	5.930000e+02
  2510	1.255250e+01	6.400000e+02
  2511	1.255750e+01	5.640000e+02
  2512	1.256250e+01	6.680000e+02
  2513	1.256750e+01	5.960000e+02
  2514	1.257250e+01	5.950000e+02
  2515	1.257750e+01	5.970000e+02
  2516	1.258250e+01	5.830000e+02
  2517	1.258750e+01	5.870000e+02
  2518	1.259250e+01	6.030000e+02
  2519	1.259750e+01	6.050000e+02
  2520	1.260250e+01	5.570000e+02
  2521	1.260750e+01	6.190000e+02
  2522	1.261250e+01	6.160000e+02
  2523	1.261750e+01	5.990000e+02
  2524	1.262250e+01	5.710000e+02
  2525	1.262750e+01	6.000000e+02
  2526	1.263250e+01	5.790000e+02
  2527	1.263750e+01	6.240000e+02
  2528	1.264250e+01	6.570000e+02
  2529	1.264750e+01	5.750000e+02
  2530	1.265250e+01	5.840000e+02
  2531	1.265750e+01	5.490000e+02
  2532	1.266250e+01	5.960000e+02
  2533	1.266750e+01	5.850000e+02
  2534	1.267250e+01	5.460000e+02
  2535	1.267750e+01	6.010000e+02
  2536	1.268250e+01	5.450000e+02
  2537	1.268750e+01	5.260000e+02
  2538	1.269250e+01	6.030000e+02
  2539	1.269750e+01	5.840000e+02
  2540	1.270250e+01	6.100000e+02
  2541	1.270750e+01	6.200000e+02
  2542	1.271250e+01	6.140000e+02
  2543	1.271750e+01	5.360000e+02
  2544	1.272250e+01	5.670000e+02
  2545	1.272750e+01	5.910000e+02
  2546	1.273250e+01	5.780000e+02
  2547	1.273750e+01	5.960000e+02
  2548	1.274250e+01	5.850000e+02
  2549	1.274750e+01	5.530000e+02
  2550	1.275250e+01	5.880000e+02
  2551	1.275750e+01	6.020000e+02
  2552	1.276250e+01	5.830000e+02
  2553	1.276750e+01	6.260000e+02
  2554	1.277250e+01	5.700000e+02
  2555	1.277750e+01	5.720000e+02
  2556	1.278250e+01	5.920000e+02
  2557	1.278750e+01	5.920000e+02
  2558	1.279250e+01	5.640000e+02
  2559	1.279750e+01	5.970000e+02
  2560	1.280250e+01	5.920000e+02
  2561	1.280750e+01	5.430000e+02
  2562	1.281250e+01	5.980000e+02
  2563	1.281750e+01	6.230000e+02
  2564	1.282250e+01	5.530000e+02
  2565	1.282750e+01	5.580000e+02
  2566	1.283250e+01	5.440000e+02
  2567	1.283750e+01	5.650000e+02
  2568	1.284250e+01	5.820000e+02
  2569	1.284750e+01	5.910000e+02
  2570	1.285250e+01	5.750000e+02
  2571	1.285750e+01	5.960000e+02
  2572	1.286250e+01	5.380000e+02
  2573	1.286750e+01	5.710000e+02
  2574	1.287250e+01	5.560000e+02
  2575	1.287750e+01	5.630000e+02
  2576	1.288250e+01	5.480000e+02
  2577	1.288750e+01	6.220000e+02
  2578	1.289250e+01	5.830000e+02
  2579	1.289750e+01	5.610000e+02
  2580	1.290250e+01	5.600000e+02
  2581	1.290750e+01	5.200000e+02
  2582	1.291250e+01	5.800000e+02
  2583	1.291750e+01	5.890000e+02
  2584	1.292250e+01	5.590000e+02
  2585	1.292750e+01	5.870000e+02
  2586	1.293250e+01	5.600000e+02
  2587	1.293750e+01	5.130000e+02
  2588	1.294250e+01	5.330000e+02
  2589	1.294750e+01	5.570000e+02
  2590	1.295250e+01	5.420000e+02
  2591	1.295750e+01	6.200000e+02
  2592	1.296250e+01	5.780000e+02
  2593	1.296750e+01	5.300000e+02
  2594	1.297250e+01	5.460000e+02
  2595	1.297750e+01	6.000000e+02
  2596	1.298250e+01	5.600000e+02
  2597	1.298750e+01	5.300000e+02
  2598	1.299250e+01	5.940000e+02
  2599	1.299750e+01	5.640000e+02
  2600	1.300250e+01	5.640000e+02
  2601	1.300750e+01	5.560000e+02
  2602	1.301250e+01	5.970000e+02
  2603	1.301750e+01	5.380000e+02
  2604	1.302250e+01	5.770000e+02
  2605	1.302750e+01	5.710000e+02
  2606	1.303250e+01	5.380000e+02
  2607	1.303750e+01	5.070000e+02
  2608	1.304250e+01	5.090000e+02
  2609	1.304750e+01	5.610000e+02
  2610	1.305250e+01	5.590000e+02
  2611	1.305750e+01	5.510000e+02
  2612	1.306250e+01	5.530000e+02
  2613	1.306750e+01	5.490000e+02
  2614	1.307250e+01	5.560000e+02
  2615	1.307750e+01	5.490000e+02
  2616	1.308250e+01	5.550000e+02
  2617	1.308750e+01	5.570000e+02
  2618	1.309250e+01	5.810000e+02
  2619	1.309750e+01	5.810000e+02
  2620	1.310250e+01	5.120000e+02
  2621	1.310750e+01	5.440000e+02
  2622	1.311250e+01	5.650000e+02
  2623	1.311750e+01	5.440000e+02
  2624	1.312250e+01	5.760000e+02
  2625	1.312750e+01	5.750000e+02
  2626	1.313250e+01	5.840000e+02
  2627	1.313750e+01	5.570000e+02
  2628	1.314250e+01	5.570000e+02
  2629	1.314750e+01	5.200000e+02
  2630	1.315250e+01	5.550000e+02
  2631	1.315750e+01	5.210000e+02
  2632	1.316250e+01	5.130000e+02
  2633	1.316750e+01	5.260000e+02
  2634	1.317250e+01	5.760000e+02
  2635	1.317750e+01	5.490000e+02
  2636	1.318250e+01	5.630000e+02
  2637	1.318750e+01	5.590000e+02
  2638	1.319250e+01	5.360000e+02
  2639	1.319750e+01	5.830000e+02
  2640	1.320250e+01	5.590000e+02
  2641	1.320750e+01	5.650000e+02
  2642	1.321250e+01	5.540000e+02
  2643	1.321750e+01	5.150000e+02
  2644	1.322250e+01	5.030000e+02
  2645	1.322750e+01	5.470000e+02
  2646	1.323250e+01	5.150000e+02
  2647	1.323750e+01	5.510000e+02
  2648	1.324250e+01	5.370000e+02
  2649	1.324750e+01	5.390000e+02
  2650	1.325250e+01	4.850000e+02
  2651	1.325750e+01	5.550000e+02
  2652	1.326250e+01	5.090000e+02
  2653	1.326750e+01	5.560000e+02
  2654	1.327250e+01	5.340000e+02
  2655	1.327750e+01	5.430000e+02
  2656	1.328250e+01	5.790000e+02
  2657	1.328750e+01	5.430000e+02
  2658	1.329250e+01	5.530000e+02
  2659	1.329750e+01	5.450000e+02
  2660	1.330250e+01	5.520000e+02
  2661	1.330750e+01	5.460000e+02
  2662	1.331250e+01	5.220000e+02
  2663	1.331750e+01	5.390000e+02
  2664	1.332250e+01	5.220000e+02
  2665	1.332750e+01	5.240000e+02
  2666	1.333250e+01	5.290000e+02
  2667	1.333750e+01	5.280000e+02
  2668	1.334250e+01	5.370000e+02
  2669	1.334750e+01	5.540000e+02
  2670	1.335250e+01	5.400000e+02
  2671	1.335750e+01	5.170000e+02
  2672	1.336250e+01	5.560000e+02
  2673	1.336750e+01	5.110000e+02
  2674	1.337250e+01	5.670000e+02
  2675	1.337750e+01	5.620000e+02
  2676	1.338250e+01	5.070000e+02
  2677	1.338750e+01	5.750000e+02
  2678	1.339250e+01	5.380000e+02
  2679	1.339750e+01	5.400000e+02
  2680	1.340250e+01	5.310000e+02
  2681	1.340750e+01	5.540000e+02
  2682	1.341250e+01	5.370000e+02
  2683	1.341750e+01	5.520000e+02
  2684	1.342250e+01	4.930000e+02
  2685	1.342750e+01	5.560000e+02
  2686	1.343250e+01	5.110000e+02
  2687	1.343750e+01	5.220000e+02
  2688	1.344250e+01	5.110000e+02
  2689	1.344750e+01	5.500000e+02
  2690	1.345250e+01	5.060000e+02
  2691	1.345750e+01	5.660000e+02
  2692	1.346250e+01	5.730000e+02
  2693	1.346750e+01	5.040000e+02
  2694	1.347250e+01	5.250000e+02
  2695	1.347750e+01	5.500000e+02
  2696	1.348250e+01	5.170000e+02
  2697	1.348750e+01	5.590000e+02
  2698	1.349250e+01	5.250000e+02
  2699	1.349750e+01	5.300000e+02
  2700	1.350250e+01	5.220000e+02
  2701	1.350750e+01	4.820000e+02
  2702	1.351250e+01	5.330000e+02
  2703	1.351750e+01	5.180000e+02
  2704	1.352250e+01	5.010000e+02
  2705	1.352750e+01	5.530000e+02
  2706	1.353250e+01	5.250000e+02
  2707	1.353750e+01	5.320000e+02
  2708	1.354250e+01	5.220000e+02
  2709	1.354750e+01	5.140000e+02
  2710	1.355250e+01	5.070000e+02
  2711	1.355750e+01	5.400000e+02
  2712	1.356250e+01	5.110000e+02
  2713	1.356750e+01	5.450000e+02
  2714	1.357250e+01	5.550000e+02
  2715	1.357750e+01	4.890000e+02
  2716	1.358250e+01	4.940000e+02
  2717	1.358750e+01	4.890000e+02
  2718	1.359250e+01	5.050000e+02
  2719	1.359750e+01	5.600000e+02
  2720	1.360250e+01	4.910000e+02
  2721	1.360750e+01	4.770000e+02
  2722	1.361250e+01	5.140000e+02
  2723	1.361750e+01	5.620000e+02
  2724	1.362250e+01	5.210000e+02
  2725	1.362750e+01	5.260000e+02
  2726	1.363250e+01	5.290000e+02
  2727	1.363750e+01	4.850000e+02
  2728	1.364250e+01	5.250000e+02
  2729	1.364750e+01	5.540000e+02
  2730	1.365250e+01	4.840000e+02
  2731	1.365750e+01	5.480000e+02
  2732	1.366250e+01	5.260000e+02
  2733	1.366750e+01	4.830000e+02
  2734	1.367250e+01	5.160000e+02
  2735	1.367750e+01	4.920000e+02
  2736	1.368250e+01	5.010000e+02
  2737	1.368750e+01	5.310000e+02
  2738	1.369250e+01	4.660000e+02
  2739	1.369750e+01	5.170000e+02
  2740	1.370250e+01	4.970000e+02
  2741	1.370750e+01	4.830000e+02
  2742	1.371250e+01	5.100000e+02
  2743	1.371750e+01	5.010000e+02
  2744	1.372250e+01	5.360000e+02
  2745	1.372750e+01	5.470000e+02
  2746	1.373250e+01	5.110000e+02
  2747	1.373750e+01	4.900000e+02
  2748	1.374250e+01	5.130000e+02
  2749	1.374750e+01	5.140000e+02
  2750	1.375250e+01	5.110000e+02
  2751	1.375750e+01	5.480000e+02
  2752	1.376250e+01	5.290000e+02
  2753	1.376750e+01	5.080000e+02
  2754	1.377250e+01	4.640000e+02
  2755	1.377750e+01	4.910000e+02
  2756	1.378250e+01	4.920000e+02
  2757	1.378750e+01	5.150000e+02
  2758	1.379250e+01	5.250000e+02
  2759	1.379750e+01	4.860000e+02
  2760	1.380250e+01	4.770000e+02
  2761	1.380750e+01	5.520000e+02
  2762	1.381250e+01	4.810000e+02
  2763	1.381750e+01	4.610000e+02
  2764	1.382250e+01	5.020000e+02
  2765	1.382750e+01	4.770000e+02
  2766	1.383250e+01	4.930000e+02
  2767	1.383750e+01	4.730000e+02
  2768	1.384250e+01	4.880000e+02
  2769	1.384750e+01	5.280000e+02
  2770	1.385250e+01	4.970000e+02
  2771	1.385750e+01	5.120000e+02
  2772	1.386250e+01	5.070000e+02
  2773	1.386750e+01	4.880000e+02
  2774	1.387250e+01	5.270000e+02
  2775	1.387750e+01	5.230000e+02
  2776	1.388250e+01	4.870000e+02
  2777	1.388750e+01	5.050000e+02
  2778	1.389250e+01	4.930000e+02
  2779	1.389750e+01	5.200000e+02
  2780	1.390250e+01	5.090000e+02
  2781	1.390750e+01	4.720000e+02
  2782	1.391250e+01	5.270000e+02
  2783	1.391750e+01	4.960000e+02
  2784	1.392250e+01	5.120000e+02
  2785	1.392750e+01	4.900000e+02
  2786	1.393250e+01	4.980000e+02
  2787	1.393750e+01	4.760000e+02
  2788	1.394250e+01	4.790000e+02
  2789	1.394750e+01	5.070000e+02
  2790	1.395250e+01	4.640000e+02
  2791	1.395750e+01	4.800000e+02
  2792	1.396250e+01	5.010000e+02
  2793	1.396750e+01	5.050000e+02
  2794	1.397250e+01	5.000000e+02
  2795	1.397750e+01	4.900000e+02
  2796	1.398250e+01	4.900000e+02
  2797	1.398750e+01	4.530000e+02
  2798	1.399250e+01	4.880000e+02
  2799	1.399750e+01	5.200000e+02
  2800	1.400250e+01	4.960000e+02
  2801	1.400750e+01	5.050000e+02
  2802	1.401250e+01	4.980000e+02
  2803	1.401750e+01	4.770000e+02
  2804	1.402250e+01	5.040000e+02
  2805	1.402750e+01	4.530000e+02
  2806	1.403250e+01	5.030000e+02
  2807	1.403750e+01	4.610000e+02
  2808	1.404250e+01	4.570000e+02
  2809	1.404750e+01	4.580000e+02
  2810	1.405250e+01	5.070000e+02
  2811	1.405750e+01	4.800000e+02
  2812	1.406250e+01	4.940000e+02
  2813	1.406750e+01	4.930000e+02
  2814	1.407250e+01	4.860000e+02
  2815	1.407750e+01	5.200000e+02
  2816	1.408250e+01	4.760000e+02
  2817	1.408750e+01	4.470000e+02
  2818	1.409250e+01	4.740000e+02
  2819	1.409750e+01	4.620000e+02
  2820	1.410250e+01	4.930000e+02
  2821	1.410750e+01	5.220000e+02
  2822	1.411250e+01	4.510000e+02
  2823	1.411750e+01	4.730000e+02
  2824	1.412250e+01	4.900000e+02
  2825	1.412750e+01	5.070000e+02
  2826	1.413250e+01	4.650000e+02
  2827	1.413750e+01	4.710000e+02
  2828	1.414250e+01	4.710000e+02
  2829	1.414750e+01	5.210000e+02
  2830	1.415250e+01	4.980000e+02
  2831	1.415750e+01	5.020000e+02
  2832	1.416250e+01	4.870000e+02
  2833	1.416750e+01	4.740000e+02
  2834	1.417250e+01	4.820000e+02
  2835	1.417750e+01	4.880000e+02
  2836	1.418250e+01	5.070000e+02
  2837	1.418750e+01	4.900000e+02
  2838	1.419250e+01	5.050000e+02
  2839	1.419750e+01	5.030000e+02
  2840	1.420250e+01	4.820000e+02
  2841	1.420750e+01	4.690000e+02
  2842	1.421250e+01	4.970000e+02
  2843	1.421750e+01	4.560000e+02
  2844	1.422250e+01	5.130000e+02
  2845	1.422750e+01	4.500000e+02
  2846	1.423250e+01	4.840000e+02
  2847	1.423750e+01	5.110000e+02
  2848	1.424250e+01	4.430000e+02
  2849	1.424750e+01	4.950000e+02
  2850	1.425250e+01	4.760000e+02
  2851	1.425750e+01	4.860000e+02
  2852	1.426250e+01	4.700000e+02
  2853	1.426750e+01	4.890000e+02
  2854	1.427250e+01	5.320000e+02
  2855	1.427750e+01	4.800000e+02
  2856	1.428250e+01	5.120000e+02
  2857	1.428750e+01	4.420000e+02
  2858	1.429250e+01	4.700000e+02
  2859	1.429750e+01	5.010000e+02
  2860	1.430250e+01	4.280000e+02
  2861	1.430750e+01	4.490000e+02
  2862	1.431250e+01	4.360000e+02
  2863	1.431750e+01	4.600000e+02
  2864	1.432250e+01	4.340000e+02
  2865	1.432750e+01	4.540000e+02
  2866	1.433250e+01	4.790000e+02
  2867	1.433750e+01	4.360000e+02
  2868	1.434250e+01	4.660000e+02
  2869	1.434750e+01	4.740000e+02
  2870	1.435250e+01	5.060000e+02
  2871	1.435750e+01	4.710000e+02
  2872	1.436250e+01	4.500000e+02
  2873	1.436750e+01	4.620000e+02
  2874	1.437250e+01	4.620000e+02
  2875	1.437750e+01	4.770000e+02
  2876	1.438250e+01	4.710000e+02
  2877	1.438750e+01	4.770000e+02
  2878	1.439250e+01	5.220000e+02
  2879	1.439750e+01	4.770000e+02
  2880	1.440250e+01	4.590000e+02
  2881	1.440750e+01	4.560000e+02
  2882	1.441250e+01	4.700000e+02
  2883	1.441750e+01	4.450000e+02
  2884	1.442250e+01	4.820000e+02
  2885	1.442750e+01	5.030000e+02
  2886	1.443250e+01	4.690000e+02
  2887	1.443750e+01	4.790000e+02
  2888	1.444250e+01	4.690000e+02
  2889	1.444750e+01	4.300000e+02
  2890	1.445250e+01	4.440000e+02
  2891	1.445750e+01	4.660000e+02
  2892	1.446250e+01	4.720000e+02
  2893	1.446750e+01	4.620000e+02
  2894	1.447250e+01	4.890000e+02
  2895	1.447750e+01	4.660000e+02
  2896	1.448250e+01	4.910000e+02
  2897	1.448750e+01	4.670000e+02
  2898	1.449250e+01	4.420000e+02
  2899	1.449750e+01	4.620000e+02
  2900	1.450250e+01	4.340000e+02
  2901	1.450750e+01	4.380000e+02
  2902	1.451250e+01	4.650000e+02
  2903	1.451750e+01	4.830000e+02
  2904	1.452250e+01	4.540000e+02
  2905	1.452750e+01	4.450000e+02
  2906	1.453250e+01	4.700000e+02
  2907	1.453750e+01	4.500000e+02
  2908	1.454250e+01	4.190000e+02
  2909	1.454750e+01	4.790000e+02
  2910	1.455250e+01	4.630000e+02
  2911	1.455750e+01	4.630000e+02
  2912	1.456250e+01	4.190000e+02
  2913	1.456750e+01	4.540000e+02
  2914	1.457250e+01	4.660000e+02
  2915	1.457750e+01	4.580000e+02
  2916	1.458250e+01	4.470000e+02
  2917	1.458750e+01	4.240000e+02
  2918	1.459250e+01	4.560000e+02
  2919	1.459750e+01	4.360000e+02
  2920	1.460250e+01	4.780000e+02
  2921	1.460750e+01	4.450000e+02
  2922	1.461250e+01	4.590000e+02
  2923	1.461750e+01	4.270000e+02
  2924	1.462250e+01	4.650000e+02
  2925	1.462750e+01	4.530000e+02
  2926	1.463250e+01	4.170000e+02
  2927	1.463750e+01	4.620000e+02
  2928	1.464250e+01	4.190000e+02
  2929	1.464750e+01	4.960000e+02
  2930	1.465250e+01	4.480000e+02
  2931	1.465750e+01	4.290000e+02
  2932	1.466250e+01	4.660000e+02
  2933	1.466750e+01	4.350000e+02
  2934	1.467250e+01	4.720000e+02
  2935	1.467750e+01	4.350000e+02
  2936	1.468250e+01	4.190000e+02
  2937	1.468750e+01	4.500000e+02
  2938	1.469250e+01	4.270000e+02
  2939	1.469750e+01	4.510000e+02
  2940	1.470250e+01	4.660000e+02
  2941	1.470750e+01	4.360000e+02
  2942	1.471250e+01	4.640000e+02
  2943	1.471750e+01	4.080000e+02
  2944	1.472250e+01	4.210000e+02
  2945	1.472750e+01	4.070000e+02
  2946	1.473250e+01	4.200000e+02
  2947	1.473750e+01	4.450000e+02
  2948	1.474250e+01	4.720000e+02
  2949	1.474750e+01	4.500000e+02
  2950	1.475250e+01	4.220000e+02
  2951	1.475750e+01	4.580000e+02
  2952	1.476250e+01	4.450000e+02
  2953	1.476750e+01	4.500000e+02
  2954	1.477250e+01	4.430000e+02
  2955	1.477750e+01	4.650000e+02
  2956	1.478250e+01	4.290000e+02
  2957	1.478750e+01	4.290000e+02
  2958	1.479250e+01	4.540000e+02
  2959	1.479750e+01	4.330000e+02
  2960	1.480250e+01	4.430000e+02
  2961	1.480750e+01	4.360000e+02
  2962	1.481250e+01	4.580000e+02
  2963	1.481750e+01	4.710000e+02
  2964	1.482250e+01	4.710000e+02
  2965	1.482750e+01	4.310000e+02
  2966	1.483250e+01	4.130000e+02
  2967	1.483750e+01	4.350000e+02
  2968	1.484250e+01	4.250000e+02
  2969	1.484750e+01	4.470000e+02
  2970	1.485250e+01	4.510000e+02
  2971	1.485750e+01	4.500000e+02
  2972	1.486250e+01	4.460000e+02
  2973	1.486750e+01	4.620000e+02
  2974	1.487250e+01	4.090000e+02
  2975	1.487750e+01	4.660000e+02
  2976	1.488250e+01	4.230000e+02
  2977	1.488750e+01	4.150000e+02
  2978	1.489250e+01	3.990000e+02
  2979	1.489750e+01	4.330000e+02
  2980	1.490250e+01	4.440000e+02
  2981	1.490750e+01	4.470000e+02
  2982	1.491250e+01	4.410000e+02
  2983	1.491750e+01	4.190000e+02
  2984	1.492250e+01	4.390000e+02
  2985	1.492750e+01	4.190000e+02
  2986	1.493250e+01	4.160000e+02
  2987	1.493750e+01	4.310000e+02
  2988	1.494250e+01	3.990000e+02
  2989	1.494750e+01	4.070000e+02
  2990	1.495250e+01	4.200000e+02
  2991	1.495750e+01	4.020000e+02
  2992	1.496250e+01	4.600000e+02
  2993	1.496750e+01	4.220000e+02
  2994	1.497250e+01	4.290000e+02
  2995	1.497750e+01	4.370000e+02
  2996	1.498250e+01	3.970000e+02
  2997	1.498750e+01	4.230000e+02
  2998	1.499250e+01	4.270000e+02
  2999	1.499750e+01	4.100000e+02
  3000	1.500250e+01	4.410000e+02
  3001	1.500750e+01	4.180000e+02
  3002	1.501250e+01	4.060000e+02
  3003	1.501750e+01	4.470000e+02
  3004	1.502250e+01	4.290000e+02
  3005	1.502750e+01	4.060000e+02
  3006	1.503250e+01	4.100000e+02
  3007	1.503750e+01	4.140000e+02
  3008	1.504250e+01	4.260000e+02
  3009	1.504750e+01	4.170000e+02
  3010	1.505250e+01	4.220000e+02
  3011	1.505750e+01	3.800000e+02
  3012	1.506250e+01	4.090000e+02
  3013	1.506750e+01	4.100000e+02
  3014	1.507250e+01	4.450000e+02
  3015	1.507750e+01	4.460000e+02
  3016	1.508250e+01	4.320000e+02
  3017	1.508750e+01	4.170000e+02
  3018	1.509250e+01	4.230000e+02
  3019	1.509750e+01	4.310000e+02
  3020	1.510250e+01	3.920000e+02
  3021	1.510750e+01	4.160000e+02
  3022	1.511250e+01	3.990000e+02
  3023	1.511750e+01	4.210000e+02
  3024	1.512250e+01	4.280000e+02
  3025	1.512750e+01	4.110000e+02
  3026	1.513250e+01	4.940000e+02
  3027	1.513750e+01	4.170000e+02
  3028	1.514250e+01	3.920000e+02
  3029	1.514750e+01	4.080000e+02
  3030	1.515250e+01	3.710000e+02
  3031	1.515750e+01	4.220000e+02
  3032	1.516250e+01	4.080000e+02
  3033	1.516750e+01	3.780000e+02
  3034	1.517250e+01	4.270000e+02
  3035	1.517750e+01	4.440000e+02
  3036	1.518250e+01	4.610000e+02
  3037	1.518750e+01	4.210000e+02
  3038	1.519250e+01	4.090000e+02
  3039	1.519750e+01	4.090000e+02
  3040	1.520250e+01	3.890000e+02
  3041	1.520750e+01	4.080000e+02
  3042	1.521250e+01	4.260000e+02
  3043	1.521750e+01	4.210000e+02
  3044	1.522250e+01	4.290000e+02
  3045	1.522750e+01	3.840000e+02
  3046	1.523250e+01	4.180000e+02
  3047	1.523750e+01	4.270000e+02
  3048	1.524250e+01	4.260000e+02
  3049	1.524750e+01	4.110000e+02
  3050	1.525250e+01	3.890000e+02
  3051	1.525750e+01	3.820000e+02
  3052	1.526250e+01	4.450000e+02
  3053	1.526750e+01	3.780000e+02
  3054	1.527250e+01	4.160000e+02
  3055	1.527750e+01	3.990000e+02
  3056	1.528250e+01	4.090000e+02
  3057	1.528750e+01	4.210000e+02
  3058	1.529250e+01	4.270000e+02
  3059	1.529750e+01	3.980000e+02
  3060	1.530250e+01	3.850000e+02
  3061	1.530750e+01	3.940000e+02
  3062	1.531250e+01	3.980000e+02
  3063	1.531750e+01	4.040000e+02
  3064	1.532250e+01	4.090000e+02
  3065	1.532750e+01	4.240000e+02
  3066	1.533250e+01	3.400000e+02
  3067	1.533750e+01	3.890000e+02
  3068	1.534250e+01	4.000000e+02
  3069	1.534750e+01	4.250000e+02
  3070	1.535250e+01	3.880000e+02
  3071	1.535750e+01	3.640000e+02
  3072	1.536250e+01	3.960000e+02
  3073	1.536750e+01	4.480000e+02
  3074	1.537250e+01	3.890000e+02
  3075	1.537750e+01	4.240000e+02
  3076	1.538250e+01	4.110000e+02
  3077	1.538750e+01	4.110000e+02
  3078	1.539250e+01	3.820000e+02
  3079	1.539750e+01	4.120000e+02
  3080	1.540250e+01	3.950000e+02
  3081	1.540750e+01	4.350000e+02
  3082	1.541250e+01	3.820000e+02
  3083	1.541750e+01	3.970000e+02
  3084	1.542250e+01	3.970000e+02
  3085	1.542750e+01	3.850000e+02
  3086	1.543250e+01	4.100000e+02
  3087	1.543750e+01	4.050000e+02
  3088	1.544250e+01	4.260000e+02
  3089	1.544750e+01	3.800000e+02
  3090	1.545250e+01	4.120000e+02
  3091	1.545750e+01	3.850000e+02
  3092	1.546250e+01	3.670000e+02
  3093	1.546750e+01	3.750000e+02
  3094	1.547250e+01	4.000000e+02
  3095	1.547750e+01	3.850000e+02
  3096	1.548250e+01	3.580000e+02
  3097	1.548750e+01	3.830000e+02
  3098	1.549250e+01	3.900000e+02
  3099	1.549750e+01	3.600000e+02
  3100	1.550250e+01	3.890000e+02
  3101	1.550750e+01	4.040000e+02
  3102	1.551250e+01	3.840000e+02
  3103	1.551750e+01	3.840000e+02
  3104	1.552250e+01	3.720000e+02
  3105	1.552750e+01	3.810000e+02
  3106	1.553250e+01	4.010000e+02
  3107	1.553750e+01	3.880000e+02
  3108	1.554250e+01	3.950000e+02
  3109	1.554750e+01	3.970000e+02
  3110	1.555250e+01	4.040000e+02
  3111	1.555750e+01	3.780000e+02
  3112	1.556250e+01	4.030000e+02
  3113	1.556750e+01	3.850000e+02
  3114	1.557250e+01	3.910000e+02
  3115	1.557750e+01	3.940000e+02
  3116	1.558250e+01	3.960000e+02
  3117	1.558750e+01	3.660000e+02
  3118	1.559250e+01	4.060000e+02
  3119	1.559750e+01	3.810000e+02
  3120	1.560250e+01	3.920000e+02
  3121	1.560750e+01	3.940000e+02
  3122	1.561250e+01	3.870000e+02
  3123	1.561750e+01	3.720000e+02
  3124	1.562250e+01	3.900000e+02
  3125	1.562750e+01	4.210000e+02
  3126	1.563250e+01	3.930000e+02
  3127	1.563750e+01	3.700000e+02
  3128	1.564250e+01	3.580000e+02
  3129	1.564750e+01	3.830000e+02
  3130	1.565250e+01	4.080000e+02
  3131	1.565750e+01	3.890000e+02
  3132	1.566250e+01	3.870000e+02
  3133	1.566750e+01	3.490000e+02
  3134	1.567250e+01	4.050000e+02
  3135	1.567750e+01	3.930000e+02
  3136	1.568250e+01	4.270000e+02
  3137	1.568750e+01	3.630000e+02
  3138	1.569250e+01	3.590000e+02
  3139	1.569750e+01	4.010000e+02
  3140	1.570250e+01	3.700000e+02
  3141	1.570750e+01	4.270000e+02
  3142	1.571250e+01	3.740000e+02
  3143	1.571750e+01	3.850000e+02
  3144	1.572250e+01	3.800000e+02
  3145	1.572750e+01	3.760000e+02
  3146	1.573250e+01	4.160000e+02
  3147	1.573750e+01	4.240000e+02
  3148	1.574250e+01	3.760000e+02
  3149	1.574750e+01	4.050000e+02
  3150	1.575250e+01	3.550000e+02
  3151	1.575750e+01	3.860000e+02
  3152	1.576250e+01	3.860000e+02
  3153	1.576750e+01	3.810000e+02
  3154	1.577250e+01	3.820000e+02
  3155	1.577750e+01	3.800000e+02
  3156	1.578250e+01	3.930000e+02
  3157	1.578750e+01	3.890000e+02
  3158	1.579250e+01	3.570000e+02
  3159	1.579750e+01	3.880000e+02
  3160	1.580250e+01	3.530000e+02
  3161	1.580750e+01	3.640000e+02
  3162	1.581250e+01	4.090000e+02
  3163	1.581750e+01	3.360000e+02
  3164	1.582250e+01	4.070000e+02
  3165	1.582750e+01	3.800000e+02
  3166	1.583250e+01	4.080000e+02
  3167	1.583750e+01	3.520000e+02
  3168	1.584250e+01	3.920000e+02
  3169	1.584750e+01	3.510000e+02
  3170	1.585250e+01	3.600000e+02
  3171	1.585750e+01	3.730000e+02
  3172	1.586250e+01	3.730000e+02
  3173	1.586750e+01	3.450000e+02
  3174	1.587250e+01	3.920000e+02
  3175	1.587750e+01	3.600000e+02
  3176	1.588250e+01	3.770000e+02
  3177	1.588750e+01	3.430000e+02
  3178	1.589250e+01	3.720000e+02
  3179	1.589750e+01	3.870000e+02
  3180	1.590250e+01	3.960000e+02
  3181	1.590750e+01	3.920000e+02
  3182	1.591250e+01	3.930000e+02
  3183	1.591750e+01	3.860000e+02
  3184	1.592250e+01	4.020000e+02
  3185	1.592750e+01	3.730000e+02
  3186	1.593250e+01	3.580000e+02
  3187	1.593750e+01	3.490000e+02
  3188	1.594250e+01	3.870000e+02
  3189	1.594750e+01	3.700000e+02
  3190	1.595250e+01	3.720000e+02
  3191	1.595750e+01	3.160000e+02
  3192	1.596250e+01	3.610000e+02
  3193	1.596750e+01	3.350000e+02
  3194	1.597250e+01	3.710000e+02
  3195	1.597750e+01	3.750000e+02
  3196	1.598250e+01	3.760000e+02
  3197	1.598750e+01	3.600000e+02
  3198	1.599250e+01	3.540000e+02
  3199	1.599750e+01	3.700000e+02
  3200	1.600250e+01	3.660000e+02
  3201	1.600750e+01	3.350000e+02
  3202	1.601250e+01	3.770000e+02
  3203	1.601750e+01	3.690000e+02
  3204	1.602250e+01	3.290000e+02
  3205	1.602750e+01	3.570000e+02
  3206	1.603250e+01	3.870000e+02
  3207	1.603750e+01	3.840000e+02
  3208	1.604250e+01	3.790000e+02
  3209	1.604750e+01	3.590000e+02
  3210	1.605250e+01	3.770000e+02
  3211	1.605750e+01	3.610000e+02
  3212	1.606250e+01	3.450000e+02
  3213	1.606750e+01	3.440000e+02
  3214	1.607250e+01	3.700000e+02
  3215	1.607750e+01	3.780000e+02
  3216	1.608250e+01	3.590000e+02
  3217	1.608750e+01	3.440000e+02
  3218	1.609250e+01	3.620000e+02
  3219	1.609750e+01	3.730000e+02
  3220	1.610250e+01	3.670000e+02
  3221	1.610750e+01	3.490000e+02
  3222	1.611250e+01	3.830000e+02
  3223	1.611750e+01	3.520000e+02
  3224	1.612250e+01	3.720000e+02
  3225	1.612750e+01	3.780000e+02
  3226	1.613250e+01	3.600000e+02
  3227	1.613750e+01	3.920000e+02
  3228	1.614250e+01	3.680000e+02
  3229	1.614750e+01	3.870000e+02
  3230	1.615250e+01	3.720000e+02
  3231	1.615750e+01	3.580000e+02
  3232	1.616250e+01	3.370000e+02
  3233	1.616750e+01	3.610000e+02
  3234	1.617250e+01	3.380000e+02
  3235	1.617750e+01	3.660000e+02
  3236	1.618250e+01	3.460000e+02
  3237	1.618750e+01	3.680000e+02
  3238	1.619250e+01	3.600000e+02
  3239	1.619750e+01	3.530000e+02
  3240	1.620250e+01	3.160000e+02
  3241	1.620750e+01	3.250000e+02
  3242	1.621250e+01	3.400000e+02
  3243	1.621750e+01	3.880000e+02
  3244	1.622250e+01	3.510000e+02
  3245	1.622750e+01	3.660000e+02
  3246	1.623250e+01	3.800000e+02
  3247	1.623750e+01	3.640000e+02
  3248	1.624250e+01	3.760000e+02
  3249	1.624750e+01	3.700000e+02
  3250	1.625250e+01	3.410000e+02
  3251	1.625750e+01	3.580000e+02
  3252	1.626250e+01	3.710000e+02
  3253	1.626750e+01	3.830000e+02
  3254	1.627250e+01	3.360000e+02
  3255	1.627750e+01	3.600000e+02
  3256	1.628250e+01	3.540000e+02
  3257	1.628750e+01	3.730000e+02
  3258	1.629250e+01	3.690000e+02
  3259	1.629750e+01	3.270000e+02
  3260	1.630250e+01	3.660000e+02
  3261	1.630750e+01	3.310000e+02
  3262	1.631250e+01	3.710000e+02
  3263	1.631750e+01	3.900000e+02
  3264	1.632250e+01	3.630000e+02
  3265	1.632750e+01	3.560000e+02
  3266	1.633250e+01	3.330000e+02
  3267	1.633750e+01	3.670000e+02
  3268	1.634250e+01	3.500000e+02
  3269	1.634750e+01	3.600000e+02
  3270	1.635250e+01	3.230000e+02
  3271	1.635750e+01	3.490000e+02
  3272	1.636250e+01	3.540000e+02
  3273	1.636750e+01	3.630000e+02
  3274	1.637250e+01	3.450000e+02
  3275	1.637750e+01	3.600000e+02
  3276	1.638250e+01	3.220000e+02
  3277	1.638750e+01	3.590000e+02
  3278	1.639250e+01	3.410000e+02
  3279	1.639750e+01	3.530000e+02
  3280	1.640250e+01	3.430000e+02
  3281	1.640750e+01	3.730000e+02
  3282	1.641250e+01	3.280000e+02
  3283	1.641750e+01	3.680000e+02
  3284	1.642250e+01	3.050000e+02
  3285	1.642750e+01	3.410000e+02
  3286	1.643250e+01	3.020000e+02
  3287	1.643750e+01	3.130000e+02
  3288	1.644250e+01	3.560000e+02
  3289	1.644750e+01	3.430000e+02
  3290	1.645250e+01	3.560000e+02
  3291	1.645750e+01	3.490000e+02
  3292	1.646250e+01	3.670000e+02
  3293	1.646750e+01	3.600000e+02
  3294	1.647250e+01	3.350000e+02
  3295	1.647750e+01	3.480000e+02
  3296	1.648250e+01	3.410000e+02
  3297	1.648750e+01	3.550000e+02
  3298	1.649250e+01	3.410000e+02
  3299	1.649750e+01	3.510000e+02
  3300	1.650250e+01	3.460000e+02
  3301	1.650750e+01	3.500000e+02
  3302	1.651250e+01	3.330000e+02
  3303	1.651750e+01	3.240000e+02
  3304	1.652250e+01	3.420000e+02
  3305	1.652750e+01	3.210000e+02
  3306	1.653250e+01	3.560000e+02
  3307	1.653750e+01	3.460000e+02
  3308	1.654250e+01	3.430000e+02
  3309	1.654750e+01	3.540000e+02
  3310	1.655250e+01	3.450000e+02
  3311	1.655750e+01	3.430000e+02
  3312	1.656250e+01	3.170000e+02
  3313	1.656750e+01	3.570000e+02
  3314	1.657250e+01	3.070000e+02
  3315	1.657750e+01	3.610000e+02
  3316	1.658250e+01	3.380000e+02
  3317	1.658750e+01	3.250000e+02
  3318	1.659250e+01	3.270000e+02
  3319	1.659750e+01	3.460000e+02
  3320	1.660250e+01	3.440000e+02
  3321	1.660750e+01	3.060000e+02
  3322	1.661250e+01	3.620000e+02
  3323	1.661750e+01	3.240000e+02
  3324	1.662250e+01	2.950000e+02
  3325	1.662750e+01	3.320000e+02
  3326	1.663250e+01	3.310000e+02
  3327	1.663750e+01	3.420000e+02
  3328	1.664250e+01	3.420000e+02
  3329	1.664750e+01	3.120000e+02
  3330	1.665250e+01	3.220000e+02
  3331	1.665750e+01	3.650000e+02
  3332	1.666250e+01	3.270000e+02
  3333	1.666750e+01	3.430000e+02
  3334	1.667250e+01	3.370000e+02
  3335	1.667750e+01	3.660000e+02
  3336	1.668250e+01	3.250000e+02
  3337	1.668750e+01	3.120000e+02
  3338	1.669250e+01	3.500000e+02
  3339	1.669750e+01	3.420000e+02
  3340	1.670250e+01	3.090000e+02
  3341	1.670750e+01	3.280000e+02
  3342	1.671250e+01	3.320000e+02
  3343	1.671750e+01	3.040000e+02
  3344	1.672250e+01	3.250000e+02
  3345	1.672750e+01	3.530000e+02
  3346	1.673250e+01	3.270000e+02
  3347	1.673750e+01	3.210000e+02
  3348	1.674250e+01	3.350000e+02
  3349	1.674750e+01	3.150000e+02
  3350	1.675250e+01	3.240000e+02
  3351	1.675750e+01	3.430000e+02
  3352	1.676250e+01	3.250000e+02
  3353	1.676750e+01	3.190000e+02
  3354	1.677250e+01	3.480000e+02
  3355	1.677750e+01	3.470000e+02
  3356	1.678250e+01	3.170000e+02
  3357	1.678750e+01	3.430000e+02
  3358	1.679250e+01	3.300000e+02
  3359	1.679750e+01	3.240000e+02
  3360	1.680250e+01	3.370000e+02
  3361	1.680750e+01	3.430000e+02
  3362	1.681250e+01	3.410000e+02
  3363	1.681750e+01	3.070000e+02
  3364	1.682250e+01	3.200000e+02
  3365	1.682750e+01	3.070000e+02
  3366	1.683250e+01	3.210000e+02
  3367	1.683750e+01	3.320000e+02
  3368	1.684250e+01	3.340000e+02
  3369	1.684750e+01	3.450000e+02
  3370	1.685250e+01	3.530000e+02
  3371	1.685750e+01	3.290000e+02
  3372	1.686250e+01	2.840000e+02
  3373	1.686750e+01	3.290000e+02
  3374	1.687250e+01	3.260000e+02
  3375	1.687750e+01	3.230000e+02
  3376	1.688250e+01	3.010000e+02
  3377	1.688750e+01	2.860000e+02
  3378	1.689250e+01	2.930000e+02
  3379	1.689750e+01	3.700000e+02
  3380	1.690250e+01	3.230000e+02
  3381	1.690750e+01	3.190000e+02
  3382	1.691250e+01	3.320000e+02
  3383	1.691750e+01	3.200000e+02
  3384	1.692250e+01	3.620000e+02
  3385	1.692750e+01	3.400000e+02
  3386	1.693250e+01	3.320000e+02
  3387	1.693750e+01	3.260000e+02
  3388	1.694250e+01	3.450000e+02
  3389	1.694750e+01	3.250000e+02
  3390	1.695250e+01	3.300000e+02
  3391	1.695750e+01	3.080000e+02
  3392	1.696250e+01	3.240000e+02
  3393	1.696750e+01	3.200000e+02
  3394	1.697250e+01	2.830000e+02
  3395	1.697750e+01	3.420000e+02
  3396	1.698250e+01	3.100000e+02
  3397	1.698750e+01	3.220000e+02
  3398	1.699250e+01	3.420000e+02
  3399	1.699750e+01	3.130000e+02
  3400	1.700250e+01	2.810000e+02
  3401	1.700750e+01	3.330000e+02
  3402	1.701250e+01	2.940000e+02
  3403	1.701750e+01	2.950000e+02
  3404	1.702250e+01	2.950000e+02
  3405	1.702750e+01	3.290000e+02
  3406	1.703250e+01	3.380000e+02
  3407	1.703750e+01	2.910000e+02
  3408	1.704250e+01	3.180000e+02
  3409	1.704750e+01	3.360000e+02
  3410	1.705250e+01	3.090000e+02
  3411	1.705750e+01	3.190000e+02
  3412	1.706250e+01	3.080000e+02
  3413	1.706750e+01	3.270000e+02
  3414	1.707250e+01	3.590000e+02
  3415	1.707750e+01	3.110000e+02
  3416	1.708250e+01	3.250000e+02
  3417	1.708750e+01	3.170000e+02
  3418	1.709250e+01	2.720000e+02
  3419	1.709750e+01	3.260000e+02
  3420	1.710250e+01	3.160000e+02
  3421	1.710750e+01	3.530000e+02
  3422	1.711250e+01	3.310000e+02
  3423	1.711750e+01	2.870000e+02
  3424	1.712250e+01	3.420000e+02
  3425	1.712750e+01	3.330000e+02
  3426	1.713250e+01	3.280000e+02
  3427	1.713750e+01	3.170000e+02
  3428	1.714250e+01	3.290000e+02
  3429	1.714750e+01	3.180000e+02
  3430	1.715250e+01	3.370000e+02
  3431	1.715750e+01	3.470000e+02
  3432	1.716250e+01	3.060000e+02
  3433	1.716750e+01	3.240000e+02
  3434	1.717250e+01	3.070000e+02
  3435	1.717750e+01	2.980000e+02
  3436	1.718250e+01	3.140000e+02
  3437	1.718750e+01	2.980000e+02
  3438	1.719250e+01	3.090000e+02
  3439	1.719750e+01	2.960000e+02
  3440	1.720250e+01	3.030000e+02
  3441	1.720750e+01	2.960000e+02
  3442	1.721250e+01	3.250000e+02
  3443	1.721750e+01	3.090000e+02
  3444	1.722250e+01	2.990000e+02
  3445	1.722750e+01	3.140000e+02
  3446	1.723250e+01	2.930000e+02
  3447	1.723750e+01	3.220000e+02
  3448	1.724250e+01	3.090000e+02
  3449	1.724750e+01	3.710000e+02
  3450	1.725250e+01	2.980000e+02
  3451	1.725750e+01	2.770000e+02
  3452	1.726250e+01	3.140000e+02
  3453	1.726750e+01	3.140000e+02
  3454	1.727250e+01	3.210000e+02
  3455	1.727750e+01	2.950000e+02
  3456	1.728250e+01	3.090000e+02
  3457	1.728750e+01	2.730000e+02
  3458	1.729250e+01	3.050000e+02
  3459	1.729750e+01	3.120000e+02
  3460	1.730250e+01	3.060000e+02
  3461	1.730750e+01	2.980000e+02
  3462	1.731250e+01	3.020000e+02
  3463	1.731750e+01	2.860000e+02
  3464	1.732250e+01	2.940000e+02
  3465	1.732750e+01	3.130000e+02
  3466	1.733250e+01	2.950000e+02
  3467	1.733750e+01	2.960000e+02
  3468	1.734250e+01	3.030000e+02
  3469	1.734750e+01	3.030000e+02
  3470	1.735250e+01	3.000000e+02
  3471	1.735750e+01	3.120000e+02
  3472	1.736250e+01	2.960000e+02
  3473	1.736750e+01	2.890000e+02
  3474	1.737250e+01	2.880000e+02
  3475	1.737750e+01	3.120000e+02
  3476	1.738250e+01	3.190000e+02
  3477	1.738750e+01	2.910000e+02
  3478	1.739250e+01	3.350000e+02
  3479	1.739750e+01	3.310000e+02
  3480	1.740250e+01	3.030000e+02
  3481	1.740750e+01	2.860000e+02
  3482	1.741250e+01	2.830000e+02
  3483	1.741750e+01	3.290000e+02
  3484	1.742250e+01	2.980000e+02
  3485	1.742750e+01	3.110000e+02
  3486	1.743250e+01	3.100000e+02
  3487	1.743750e+01	3.000000e+02
  3488	1.744250e+01	3.020000e+02
  3489	1.744750e+01	3.240000e+02
  3490	1.745250e+01	2.960000e+02
  3491	1.745750e+01	2.860000e+02
  3492	1.746250e+01	3.030000e+02
  3493	1.746750e+01	3.000000e+02
  3494	1.747250e+01	2.850000e+02
  3495	1.747750e+01	3.230000e+02
  3496	1.748250e+01	2.920000e+02
  3497	1.748750e+01	2.870000e+02
  3498	1.749250e+01	2.880000e+02
  3499	1.749750e+01	3.190000e+02
  3500	1.750250e+01	3.130000e+02
  3501	1.750750e+01	3.140000e+02
  3502	1.751250e+01	2.780000e+02
  3503	1.751750e+01	3.110000e+02
  3504	1.752250e+01	2.930000e+02
  3505	1.752750e+01	2.810000e+02
  3506	1.753250e+01	2.790000e+02
  3507	1.753750e+01	2.920000e+02
  3508	1.754250e+01	2.930000e+02
  3509	1.754750e+01	3.150000e+02
  3510	1.755250e+01	2.740000e+02
  3511	1.755750e+01	2.980000e+02
  3512	1.756250e+01	2.830000e+02
  3513	1.756750e+01	2.670000e+02
  3514	1.757250e+01	2.880000e+02
  3515	1.757750e+01	3.090000e+02
  3516	1.758250e+01	3.020000e+02
  3517	1.758750e+01	2.940000e+02
  3518	1.759250e+01	2.870000e+02
  3519	1.759750e+01	2.690000e+02
  3520	1.760250e+01	3.040000e+02
  3521	1.760750e+01	2.780000e+02
  3522	1.761250e+01	3.180000e+02
  3523	1.761750e+01	2.640000e+02
  3524	1.762250e+01	2.890000e+02
  3525	1.762750e+01	2.950000e+02
  3526	1.763250e+01	2.870000e+02
  3527	1.763750e+01	3.190000e+02
  3528	1.764250e+01	2.900000e+02
  3529	1.764750e+01	2.850000e+02
  3530	1.765250e+01	2.850000e+02
  3531	1.765750e+01	3.070000e+02
  3532	1.766250e+01	2.760000e+02
  3533	1.766750e+01	3.100000e+02
  3534	1.767250e+01	3.060000e+02
  3535	1.767750e+01	3.150000e+02
  3536	1.768250e+01	3.130000e+02
  3537	1.768750e+01	2.890000e+02
  3538	1.769250e+01	3.210000e+02
  3539	1.769750e+01	2.660000e+02
  3540	1.770250e+01	3.010000e+02
  3541	1.770750e+01	2.880000e+02
  3542	1.771250e+01	3.000000e+02
  3543	1.771750e+01	2.980000e+02
  3544	1.772250e+01	2.650000e+02
  3545	1.772750e+01	3.120000e+02
  3546	1.773250e+01	2.800000e+02
  3547	1.773750e+01	2.980000e+02
  3548	1.774250e+01	2.780000e+02
  3549	1.774750e+01	2.660000e+02
  3550	1.775250e+01	2.720000e+02
  3551	1.775750e+01	2.740000e+02
  3552	1.776250e+01	2.850000e+02
  3553	1.776750e+01	2.960000e+02
  3554	1.777250e+01	2.850000e+02
  3555	1.777750e+01	2.860000e+02
  3556	1.778250e+01	3.210000e+02
  3557	1.778750e+01	2.970000e+02
  3558	1.779250e+01	2.990000e+02
  3559	1.779750e+01	3.100000e+02
  3560	1.780250e+01	2.650000e+02
  3561	1.780750e+01	2.880000e+02
  3562	1.781250e+01	2.850000e+02
  3563	1.781750e+01	2.710000e+02
  3564	1.782250e+01	2.870000e+02
  3565	1.782750e+01	2.670000e+02
  3566	1.783250e+01	2.830000e+02
  3567	1.783750e+01	2.990000e+02
  3568	1.784250e+01	3.020000e+02
  3569	1.784750e+01	2.770000e+02
  3570	1.785250e+01	2.660000e+02
  3571	1.785750e+01	2.630000e+02
  3572	1.786250e+01	2.850000e+02
  3573	1.786750e+01	2.920000e+02
  3574	1.787250e+01	3.000000e+02
  3575	1.787750e+01	2.610000e+02
  3576	1.788250e+01	2.760000e+02
  3577	1.788750e+01	3.070000e+02
  3578	1.789250e+01	2.470000e+02
  3579	1.789750e+01	3.060000e+02
  3580	1.790250e+01	3.040000e+02
  3581	1.790750e+01	2.710000e+02
  3582	1.791250e+01	2.800000e+02
  3583	1.791750e+01	3.030000e+02
  3584	1.792250e+01	2.750000e+02
  3585	1.792750e+01	2.770000e+02
  3586	1.793250e+01	2.570000e+02
  3587	1.793750e+01	2.850000e+02
  3588	1.794250e+01	3.120000e+02
  3589	1.794750e+01	3.000000e+02
  3590	1.795250e+01	2.750000e+02
  3591	1.795750e+01	2.550000e+02
  3592	1.796250e+01	2.600000e+02
  3593	1.796750e+01	2.870000e+02
  3594	1.797250e+01	3.070000e+02
  3595	1.797750e+01	3.070000e+02
  3596	1.798250e+01	3.200000e+02
  3597	1.798750e+01	3.060000e+02
  3598	1.799250e+01	2.770000e+02
  3599	1.799750e+01	2.960000e+02
  3600	1.800250e+01	2.810000e+02
  3601	1.800750e+01	2.760000e+02
  3602	1.801250e+01	2.880000e+02
  3603	1.801750e+01	2.910000e+02
  3604	1.802250e+01	2.900000e+02
  3605	1.802750e+01	2.650000e+02
  3606	1.803250e+01	2.910000e+02
  3607	1.803750e+01	2.930000e+02
  3608	1.804250e+01	2.670000e+02
  3609	1.804750e+01	2.500000e+02
  3610	1.805250e+01	2.960000e+02
  3611	1.805750e+01	2.680000e+02
  3612	1.806250e+01	2.940000e+02
  3613	1.806750e+01	2.840000e+02
  3614	1.807250e+01	2.600000e+02
  3615	1.807750e+01	2.720000e+02
  3616	1.808250e+01	2.740000e+02
  3617	1.808750e+01	2.730000e+02
  3618	1.809250e+01	2.690000e+02
  3619	1.809750e+01	2.730000e+02
  3620	1.810250e+01	2.890000e+02
  3621	1.810750e+01	2.410000e+02
  3622	1.811250e+01	2.670000e+02
  3623	1.811750e+01	2.500000e+02
  3624	1.812250e+01	2.900000e+02
  3625	1.812750e+01	2.470000e+02
  3626	1.813250e+01	2.750000e+02
  3627	1.813750e+01	2.870000e+02
  3628	1.814250e+01	2.510000e+02
  3629	1.814750e+01	2.340000e+02
  3630	1.815250e+01	2.540000e+02
  3631	1.815750e+01	2.680000e+02
  3632	1.816250e+01	2.820000e+02
  3633	1.816750e+01	2.630000e+02
  3634	1.817250e+01	2.660000e+02
  3635	1.817750e+01	2.610000e+02
  3636	1.818250e+01	2.630000e+02
  3637	1.818750e+01	2.650000e+02
  3638	1.819250e+01	2.490000e+02
  3639	1.819750e+01	2.850000e+02
  3640	1.820250e+01	2.650000e+02
  3641	1.820750e+01	2.790000e+02
  3642	1.821250e+01	2.730000e+02
  3643	1.821750e+01	2.890000e+02
  3644	1.822250e+01	2.460000e+02
  3645	1.822750e+01	2.790000e+02
  3646	1.823250e+01	2.930000e+02
  3647	1.823750e+01	2.580000e+02
  3648	1.824250e+01	3.110000e+02
  3649	1.824750e+01	2.760000e+02
  3650	1.825250e+01	2.550000e+02
  3651	1.825750e+01	2.860000e+02
  3652	1.826250e+01	2.940000e+02
  3653	1.826750e+01	2.270000e+02
  3654	1.827250e+01	2.400000e+02
  3655	1.827750e+01	2.890000e+02
  3656	1.828250e+01	2.410000e+02
  3657	1.828750e+01	2.640000e+02
  3658	1.829250e+01	2.580000e+02
  3659	1.829750e+01	2.850000e+02
  3660	1.830250e+01	2.680000e+02
  3661	1.830750e+01	2.730000e+02
  3662	1.831250e+01	2.930000e+02
  3663	1.831750e+01	2.570000e+02
  3664	1.832250e+01	2.460000e+02
  3665	1.832750e+01	2.930000e+02
  3666	1.833250e+01	2.570000e+02
  3667	1.833750e+01	2.560000e+02
  3668	1.834250e+01	2.710000e+02
  3669	1.834750e+01	2.460000e+02
  3670	1.835250e+01	2.760000e+02
  3671	1.835750e+01	2.560000e+02
  3672	1.836250e+01	2.990000e+02
  3673	1.836750e+01	2.860000e+02
  3674	1.837250e+01	2.590000e+02
  3675	1.837750e+01	2.680000e+02
  3676	1.838250e+01	2.610000e+02
  3677	1.838750e+01	2.850000e+02
  3678	1.839250e+01	2.660000e+02
  3679	1.839750e+01	3.070000e+02
  3680	1.840250e+01	2.460000e+02
  3681	1.840750e+01	2.600000e+02
  3682	1.841250e+01	2.510000e+02
  3683	1.841750e+01	2.760000e+02
  3684	1.842250e+01	2.920000e+02
  3685	1.842750e+01	2.820000e+02
  3686	1.843250e+01	2.500000e+02
  3687	1.843750e+01	2.510000e+02
  3688	1.844250e+01	2.840000e+02
  3689	1.844750e+01	2.330000e+02
  3690	1.845250e+01	2.700000e+02
  3691	1.845750e+01	2.690000e+02
  3692	1.846250e+01	2.490000e+02
  3693	1.846750e+01	2.590000e+02
  3694	1.847250e+01	2.360000e+02
  3695	1.847750e+01	2.840000e+02
  3696	1.848250e+01	2.500000e+02
  3697	1.848750e+01	2.690000e+02
  3698	1.849250e+01	2.390000e+02
  3699	1.849750e+01	2.450000e+02
  3700	1.850250e+01	2.530000e+02
  3701	1.850750e+01	2.540000e+02
  3702	1.851250e+01	2.580000e+02
  3703	1.851750e+01	2.380000e+02
  3704	1.852250e+01	2.740000e+02
  3705	1.852750e+01	2.470000e+02
  3706	1.853250e+01	2.370000e+02
  3707	1.853750e+01	2.520000e+02
  3708	1.854250e+01	2.430000e+02
  3709	1.854750e+01	2.450000e+02
  3710	1.855250e+01	2.700000e+02
  3711	1.855750e+01	2.900000e+02
  3712	1.856250e+01	2.380000e+02
  3713	1.856750e+01	2.560000e+02
  3714	1.857250e+01	2.620000e+02
  3715	1.857750e+01	2.450000e+02
  3716	1.858250e+01	2.530000e+02
  3717	1.858750e+01	2.530000e+02
  3718	1.859250e+01	2.490000e+02
  3719	1.859750e+01	2.580000e+02
  3720	1.860250e+01	2.570000e+02
  3721	1.860750e+01	2.710000e+02
  3722	1.861250e+01	2.770000e+02
  3723	1.861750e+01	2.380000e+02
  3724	1.862250e+01	2.660000e+02
  3725	1.862750e+01	2.760000e+02
  3726	1.863250e+01	2.350000e+02
  3727	1.863750e+01	2.630000e+02
  3728	1.864250e+01	2.460000e+02
  3729	1.864750e+01	2.470000e+02
  3730	1.865250e+01	2.800000e+02
  3731	1.865750e+01	2.510000e+02
  3732	1.866250e+01	2.520000e+02
  3733	1.866750e+01	2.410000e+02
  3734	1.867250e+01	2.610000e+02
  3735	1.867750e+01	2.510000e+02
  3736	1.868250e+01	2.660000e+02
  3737	1.868750e+01	2.350000e+02
  3738	1.869250e+01	2.530000e+02
  3739	1.869750e+01	2.760000e+02
  3740	1.870250e+01	2.780000e+02
  3741	1.870750e+01	2.510000e+02
  3742	1.871250e+01	2.440000e+02
  3743	1.871750e+01	2.570000e+02
  3744	1.872250e+01	2.260000e+02
  3745	1.872750e+01	2.380000e+02
  3746	1.873250e+01	2.550000e+02
  3747	1.873750e+01	2.460000e+02
  3748	1.874250e+01	2.640000e+02
  3749	1.874750e+01	2.620000e+02
  3750	1.875250e+01	2.540000e+02
  3751	1.875750e+01	2.440000e+02
  3752	1.876250e+01	2.690000e+02
  3753	1.876750e+01	2.320000e+02
  3754	1.877250e+01	2.460000e+02
  3755	1.877750e+01	2.320000e+02
  3756	1.878250e+01	2.430000e+02
  3757	1.878750e+01	2.670000e+02
  3758	1.879250e+01	2.770000e+02
  3759	1.879750e+01	2.520000e+02
  3760	1.880250e+01	2.620000e+02
  3761	1.880750e+01	2.440000e+02
  3762	1.881250e+01	2.450000e+02
  3763	1.881750e+01	2.610000e+02
  3764	1.882250e+01	2.470000e+02
  3765	1.882750e+01	2.360000e+02
  3766	1.883250e+01	2.200000e+02
  3767	1.883750e+01	2.470000e+02
  3768	1.884250e+01	2.160000e+02
  3769	1.884750e+01	2.570000e+02
  3770	1.885250e+01	2.340000e+02
  3771	1.885750e+01	2.310000e+02
  3772	1.886250e+01	2.570000e+02
  3773	1.886750e+01	2.410000e+02
  3774	1.887250e+01	2.170000e+02
  3775	1.887750e+01	2.210000e+02
  3776	1.888250e+01	2.400000e+02
  3777	1.888750e+01	2.460000e+02
  3778	1.889250e+01	2.290000e+02
  3779	1.889750e+01	2.380000e+02
  3780	1.890250e+01	2.460000e+02
  3781	1.890750e+01	2.640000e+02
  3782	1.891250e+01	2.300000e+02
  3783	1.891750e+01	2.830000e+02
  3784	1.892250e+01	2.450000e+02
  3785	1.892750e+01	2.450000e+02
  3786	1.893250e+01	2.230000e+02
  3787	1.893750e+01	2.420000e+02
  3788	1.894250e+01	2.410000e+02
  3789	1.894750e+01	2.350000e+02
  3790	1.895250e+01	2.370000e+02
  3791	1.895750e+01	2.290000e+02
  3792	1.896250e+01	2.430000e+02
  3793	1.896750e+01	2.380000e+02
  3794	1.897250e+01	2.230000e+02
  3795	1.897750e+01	2.150000e+02
  3796	1.898250e+01	2.280000e+02
  3797	1.898750e+01	2.610000e+02
  3798	1.899250e+01	2.310000e+02
  3799	1.899750e+01	2.210000e+02
  3800	1.900250e+01	2.310000e+02
  3801	1.900750e+01	2.460000e+02
  3802	1.901250e+01	2.380000e+02
  3803	1.901750e+01	2.220000e+02
  3804	1.902250e+01	2.350000e+02
  3805	1.902750e+01	2.490000e+02
  3806	1.903250e+01	2.190000e+02
  3807	1.903750e+01	2.300000e+02
  3808	1.904250e+01	2.550000e+02
  3809	1.904750e+01	2.360000e+02
  3810	1.905250e+01	2.470000e+02
  3811	1.905750e+01	2.250000e+02
  3812	1.906250e+01	2.420000e+02
  3813	1.906750e+01	2.480000e+02
  3814	1.907250e+01	2.350000e+02
  3815	1.907750e+01	2.470000e+02
  3816	1.908250e+01	2.250000e+02
  3817	1.908750e+01	2.190000e+02
  3818	1.909250e+01	2.680000e+02
  3819	1.909750e+01	2.550000e+02
  3820	1.910250e+01	2.240000e+02
  3821	1.910750e+01	2.470000e+02
  3822	1.911250e+01	2.580000e+02
  3823	1.911750e+01	2.300000e+02
  3824	1.912250e+01	2.370000e+02
  3825	1.912750e+01	2.670000e+02
  3826	1.913250e+01	2.620000e+02
  3827	1.913750e+01	2.310000e+02
  3828	1.914250e+01	2.460000e+02
  3829	1.914750e+01	2.380000e+02
  3830	1.915250e+01	2.560000e+02
  3831	1.915750e+01	2.610000e+02
  3832	1.916250e+01	2.030000e+02
  3833	1.916750e+01	2.340000e+02
  3834	1.917250e+01	2.550000e+02
  3835	1.917750e+01	2.410000e+02
  3836	1.918250e+01	2.460000e+02
  3837	1.918750e+01	2.340000e+02
  3838	1.919250e+01	2.220000e+02
  3839	1.919750e+01	2.320000e+02
  3840	1.920250e+01	2.350000e+02
  3841	1.920750e+01	2.310000e+02
  3842	1.921250e+01	2.210000e+02
  3843	1.921750e+01	2.340000e+02
  3844	1.922250e+01	2.030000e+02
  3845	1.922750e+01	2.280000e+02
  3846	1.923250e+01	2.420000e+02
  3847	1.923750e+01	2.590000e+02
  3848	1.924250e+01	2.290000e+02
  3849	1.924750e+01	2.200000e+02
  3850	1.925250e+01	2.140000e+02
  3851	1.925750e+01	2.340000e+02
  3852	1.926250e+01	2.540000e+02
  3853	1.926750e+01	2.240000e+02
  3854	1.927250e+01	2.240000e+02
  3855	1.927750e+01	2.250000e+02
  3856	1.928250e+01	2.370000e+02
  3857	1.928750e+01	2.190000e+02
  3858	1.929250e+01	2.380000e+02
  3859	1.929750e+01	2.370000e+02
  3860	1.930250e+01	2.060000e+02
  3861	1.930750e+01	2.260000e+02
  3862	1.931250e+01	2.270000e+02
  3863	1.931750e+01	2.260000e+02
  3864	1.932250e+01	2.860000e+02
  3865	1.932750e+01	2.420000e+02
  3866	1.933250e+01	2.020000e+02
  3867	1.933750e+01	2.160000e+02
  3868	1.934250e+01	2.460000e+02
  3869	1.934750e+01	2.320000e+02
  3870	1.935250e+01	2.250000e+02
  3871	1.935750e+01	2.380000e+02
  3872	1.936250e+01	2.370000e+02
  3873	1.936750e+01	2.240000e+02
  3874	1.937250e+01	2.420000e+02
  3875	1.937750e+01	2.160000e+02
  3876	1.938250e+01	2.460000e+02
  3877	1.938750e+01	2.020000e+02
  3878	1.939250e+01	2.430000e+02
  3879	1.939750e+01	2.320000e+02
  3880	1.940250e+01	2.370000e+02
  3881	1.940750e+01	2.160000e+02
  3882	1.941250e+01	2.540000e+02
  3883	1.941750e+01	2.200000e+02
  3884	1.942250e+01	2.020000e+02
  3885	1.942750e+01	2.070000e+02
  3886	1.943250e+01	2.390000e+02
  3887	1.943750e+01	2.020000e+02
  3888	1.944250e+01	2.190000e+02
  3889	1.944750e+01	2.230000e+02
  3890	1.945250e+01	2.420000e+02
  3891	1.945750e+01	2.370000e+02
  3892	1.946250e+01	2.170000e+02
  3893	1.946750e+01	2.060000e+02
  3894	1.947250e+01	2.300000e+02
  3895	1.947750e+01	2.190000e+02
  3896	1.948250e+01	2.430000e+02
  3897	1.948750e+01	2.140000e+02
  3898	1.949250e+01	2.300000e+02
  3899	1.949750e+01	2.280000e+02
  3900	1.950250e+01	2.350000e+02
  3901	1.950750e+01	2.290000e+02
  3902	1.951250e+01	2.280000e+02
  3903	1.951750e+01	2.280000e+02
  3904	1.952250e+01	2.330000e+02
  3905	1.952750e+01	2.180000e+02
  3906	1.953250e+01	2.310000e+02
  3907	1.953750e+01	2.200000e+02
  3908	1.954250e+01	2.030000e+02
  3909	1.954750e+01	2.430000e+02
  3910	1.955250e+01	2.000000e+02
  3911	1.955750e+01	2.010000e+02
  3912	1.956250e+01	2.440000e+02
  3913	1.956750e+01	2.410000e+02
  3914	1.957250e+01	2.180000e+02
  3915	1.957750e+01	2.270000e+02
  3916	1.958250e+01	2.190000e+02
  3917	1.958750e+01	2.370000e+02
  3918	1.959250e+01	2.190000e+02
  3919	1.959750e+01	2.190000e+02
  3920	1.960250e+01	2.090000e+02
  3921	1.960750e+01	2.370000e+02
  3922	1.961250e+01	2.240000e+02
  3923	1.961750e+01	2.140000e+02
  3924	1.962250e+01	2.220000e+02
  3925	1.962750e+01	2.250000e+02
  3926	1.963250e+01	2.120000e+02
  3927	1.963750e+01	2.340000e+02
  3928	1.964250e+01	1.950000e+02
  3929	1.964750e+01	2.410000e+02
  3930	1.965250e+01	2.140000e+02
  3931	1.965750e+01	2.320000e+02
  3932	1.966250e+01	2.080000e+02
  3933	1.966750e+01	2.330000e+02
  3934	1.967250e+01	2.060000e+02
  3935	1.967750e+01	2.550000e+02
  3936	1.968250e+01	2.180000e+02
  3937	1.968750e+01	2.330000e+02
  3938	1.969250e+01	2.120000e+02
  3939	1.969750e+01	1.990000e+02
  3940	1.970250e+01	2.330000e+02
  3941	1.970750e+01	2.080000e+02
  3942	1.971250e+01	2.180000e+02
  3943	1.971750e+01	2.100000e+02
  3944	1.972250e+01	2.320000e+02
  3945	1.972750e+01	1.990000e+02
  3946	1.973250e+01	1.870000e+02
  3947	1.973750e+01	1.990000e+02
  3948	1.974250e+01	2.150000e+02
  3949	1.974750e+01	2.060000e+02
  3950	1.975250e+01	2.220000e+02
  3951	1.975750e+01	2.070000e+02
  3952	1.976250e+01	1.970000e+02
  3953	1.976750e+01	2.120000e+02
  3954	1.977250e+01	2.250000e+02
  3955	1.977750e+01	2.240000e+02
  3956	1.978250e+01	1.810000e+02
  3957	1.978750e+01	2.190000e+02
  3958	1.979250e+01	2.290000e+02
  3959	1.979750e+01	2.080000e+02
  3960	1.980250e+01	1.880000e+02
  3961	1.980750e+01	2.480000e+02
  3962	1.981250e+01	2.020000e+02
  3963	1.981750e+01	2.170000e+02
  3964	1.982250e+01	2.110000e+02
  3965	1.982750e+01	2.090000e+02
  3966	1.983250e+01	2.070000e+02
  3967	1.983750e+01	2.010000e+02
  3968	1.984250e+01	2.140000e+02
  3969	1.984750e+01	1.920000e+02
  3970	1.985250e+01	2.130000e+02
  3971	1.985750e+01	2.260000e+02
  3972	1.986250e+01	2.320000e+02
  3973	1.986750e+01	2.110000e+02
  3974	1.987250e+01	1.790000e+02
  3975	1.987750e+01	2.210000e+02
  3976	1.988250e+01	2.230000e+02
  3977	1.988750e+01	2.110000e+02
  3978	1.989250e+01	1.950000e+02
  3979	1.989750e+01	2.300000e+02
  3980	1.990250e+01	2.110000e+02
  3981	1.990750e+01	2.150000e+02
  3982	1.991250e+01	2.160000e+02
  3983	1.991750e+01	2.190000e+02
  3984	1.992250e+01	2.060000e+02
  3985	1.992750e+01	1.990000e+02
  3986	1.993250e+01	2.260000e+02
  3987	1.993750e+01	2.030000e+02
  3988	1.994250e+01	2.100000e+02
  3989	1.994750e+01	2.070000e+02
  3990	1.995250e+01	2.190000e+02
  3991	1.995750e+01	2.090000e+02
  3992	1.996250e+01	1.960000e+02
  3993	1.996750e+01	2.200000e+02
  3994	1.997250e+01	2.140000e+02
  3995	1.997750e+01	2.130000e+02
  3996	1.998250e+01	1.790000e+02
  3997	1.998750e+01	2.030000e+02
  3998	1.999250e+01	2.260000e+02
  3999	1.999750e+01	2.190000e+02
  4000	2.000250e+01	1.820000e+02
  4001	2.000750e+01	2.510000e+02
  4002	2.001250e+01	2.000000e+02
  4003	2.001750e+01	2.000000e+02
  4004	2.002250e+01	2.030000e+02
  4005	2.002750e+01	1.990000e+02
  4006	2.003250e+01	2.080000e+02
  4007	2.003750e+01	1.970000e+02
  4008	2.004250e+01	1.840000e+02
  4009	2.004750e+01	1.810000e+02
  4010	2.005250e+01	2.080000e+02
  4011	2.005750e+01	2.000000e+02
  4012	2.006250e+01	2.210000e+02
  4013	2.006750e+01	2.230000e+02
  4014	2.007250e+01	1.860000e+02
  4015	2.007750e+01	1.940000e+02
  4016	2.008250e+01	2.030000e+02
  4017	2.008750e+01	2.110000e+02
  4018	2.009250e+01	2.090000e+02
  4019	2.009750e+01	2.420000e+02
  4020	2.010250e+01	2.160000e+02
  4021	2.010750e+01	1.800000e+02
  4022	2.011250e+01	1.900000e+02
  4023	2.011750e+01	2.130000e+02
  4024	2.012250e+01	1.880000e+02
  4025	2.012750e+01	1.970000e+02
  4026	2.013250e+01	2.070000e+02
  4027	2.013750e+01	2.210000e+02
  4028	2.014250e+01	2.080000e+02
  4029	2.014750e+01	1.910000e+02
  4030	2.015250e+01	2.020000e+02
  4031	2.015750e+01	2.060000e+02
  4032	2.016250e+01	2.010000e+02
  4033	2.016750e+01	1.860000e+02
  4034	2.017250e+01	2.090000e+02
  4035	2.017750e+01	2.090000e+02
  4036	2.018250e+01	2.110000e+02
  4037	2.018750e+01	1.950000e+02
  4038	2.019250e+01	1.950000e+02
  4039	2.019750e+01	2.010000e+02
  4040	2.020250e+01	2.240000e+02
  4041	2.020750e+01	1.950000e+02
  4042	2.021250e+01	2.050000e+02
  4043	2.021750e+01	2.070000e+02
  4044	2.022250e+01	1.790000e+02
  4045	2.022750e+01	2.140000e+02
  4046	2.023250e+01	2.150000e+02
  4047	2.023750e+01	2.200000e+02
  4048	2.024250e+01	2.100000e+02
  4049	2.024750e+01	1.740000e+02
  4050	2.025250e+01	1.850000e+02
  4051	2.025750e+01	2.230000e+02
  4052	2.026250e+01	2.110000e+02
  4053	2.026750e+01	2.020000e+02
  4054	2.027250e+01	2.050000e+02
  4055	2.027750e+01	2.030000e+02
  4056	2.028250e+01	2.080000e+02
  4057	2.028750e+01	2.010000e+02
  4058	2.029250e+01	1.590000e+02
  4059	2.029750e+01	1.960000e+02
  4060	2.030250e+01	1.790000e+02
  4061	2.030750e+01	2.070000e+02
  4062	2.031250e+01	2.010000e+02
  4063	2.031750e+01	1.950000e+02
  4064	2.032250e+01	2.170000e+02
  4065	2.032750e+01	2.060000e+02
  4066	2.033250e+01	2.260000e+02
  4067	2.033750e+01	2.080000e+02
  4068	2.034250e+01	1.940000e+02
  4069	2.034750e+01	1.860000e+02
  4070	2.035250e+01	2.020000e+02
  4071	2.035750e+01	2.090000e+02
  4072	2.036250e+01	1.880000e+02
  4073	2.036750e+01	2.290000e+02
  4074	2.037250e+01	2.050000e+02
  4075	2.037750e+01	1.770000e+02
  4076	2.038250e+01	1.970000e+02
  4077	2.038750e+01	1.690000e+02
  4078	2.039250e+01	1.920000e+02
  4079	2.039750e+01	1.750000e+02
  4080	2.040250e+01	2.030000e+02
  4081	2.040750e+01	2.100000e+02
  4082	2.041250e+01	2.130000e+02
  4083	2.041750e+01	2.060000e+02
  4084	2.042250e+01	1.800000e+02
  4085	2.042750e+01	1.960000e+02
  4086	2.043250e+01	1.820000e+02
  4087	2.043750e+01	1.980000e+02
  4088	2.044250e+01	1.930000e+02
  4089	2.044750e+01	2.040000e+02
  4090	2.045250e+01	1.880000e+02
  4091	2.045750e+01	2.030000e+02
  4092	2.046250e+01	1.890000e+02
  4093	2.046750e+01	2.270000e+02
  4094	2.047250e+01	1.980000e+02
  4095	2.047750e+01	2.040000e+02
  4096	2.048250e+01	1.830000e+02
  4097	2.048750e+01	1.930000e+02
  4098	2.049250e+01	2.170000e+02
  4099	2.049750e+01	2.020000e+02
  4100	2.050250e+01	1.830000e+02
  4101	2.050750e+01	1.790000e+02
  4102	2.051250e+01	1.840000e+02
  4103	2.051750e+01	2.000000e+02
  4104	2.052250e+01	1.950000e+02
  4105	2.052750e+01	1.830000e+02
  4106	2.053250e+01	1.960000e+02
  4107	2.053750e+01	1.900000e+02
  4108	2.054250e+01	2.040000e+02
  4109	2.054750e+01	1.890000e+02
  4110	2.055250e+01	1.790000e+02
  4111	2.055750e+01	2.080000e+02
  4112	2.056250e+01	1.890000e+02
  4113	2.056750e+01	2.040000e+02
  4114	2.057250e+01	1.900000e+02
  4115	2.057750e+01	2.090000e+02
  4116	2.058250e+01	1.860000e+02
  4117	2.058750e+01	1.730000e+02
  4118	2.059250e+01	2.080000e+02
  4119	2.059750e+01	1.850000e+02
  4120	2.060250e+01	1.930000e+02
  4121	2.060750e+01	1.940000e+02
  4122	2.061250e+01	2.170000e+02
  4123	2.061750e+01	1.760000e+02
  4124	2.062250e+01	1.900000e+02
  4125	2.062750e+01	1.940000e+02
  4126	2.063250e+01	1.780000e+02
  4127	2.063750e+01	1.960000e+02
  4128	2.064250e+01	1.690000e+02
  4129	2.064750e+01	1.900000e+02
  4130	2.065250e+01	1.760000e+02
  4131	2.065750e+01	1.930000e+02
  4132	2.066250e+01	2.190000e+02
  4133	2.066750e+01	1.710000e+02
  4134	2.067250e+01	1.940000e+02
  4135	2.067750e+01	1.830000e+02
  4136	2.068250e+01	1.960000e+02
  4137	2.068750e+01	1.620000e+02
  4138	2.069250e+01	1.860000e+02
  4139	2.069750e+01	1.980000e+02
  4140	2.070250e+01	1.930000e+02
  4141	2.070750e+01	1.730000e+02
  4142	2.071250e+01	1.900000e+02
  4143	2.071750e+01	1.950000e+02
  4144	2.072250e+01	1.860000e+02
  4145	2.072750e+01	1.620000e+02
  4146	2.073250e+01	1.830000e+02
  4147	2.073750e+01	2.000000e+02
  4148	2.074250e+01	2.000000e+02
  4149	2.074750e+01	1.960000e+02
  4150	2.075250e+01	1.690000e+02
  4151	2.075750e+01	1.820000e+02
  4152	2.076250e+01	2.090000e+02
  4153	2.076750e+01	2.010000e+02
  4154	2.077250e+01	1.690000e+02
  4155	2.077750e+01	1.830000e+02
  4156	2.078250e+01	1.790000e+02
  4157	2.078750e+01	1.910000e+02
  4158	2.079250e+01	1.630000e+02
  4159	2.079750e+01	1.760000e+02
  4160	2.080250e+01	1.510000e+02
  4161	2.080750e+01	2.140000e+02
  4162	2.081250e+01	1.830000e+02
  4163	2.081750e+01	1.780000e+02
  4164	2.082250e+01	1.800000e+02
  4165	2.082750e+01	1.780000e+02
  4166	2.083250e+01	2.010000e+02
  4167	2.083750e+01	1.930000e+02
  4168	2.084250e+01	1.930000e+02
  4169	2.084750e+01	1.600000e+02
  4170	2.085250e+01	2.180000e+02
  4171	2.085750e+01	1.640000e+02
  4172	2.086250e+01	1.850000e+02
  4173	2.086750e+01	2.020000e+02
  4174	2.087250e+01	1.650000e+02
  4175	2.087750e+01	2.140000e+02
  4176	2.088250e+01	2.000000e+02
  4177	2.088750e+01	1.970000e+02
  4178	2.089250e+01	1.580000e+02
  4179	2.089750e+01	1.710000e+02
  4180	2.090250e+01	1.850000e+02
  4181	2.090750e+01	1.870000e+02
  4182	2.091250e+01	1.990000e+02
  4183	2.091750e+01	1.810000e+02
  4184	2.092250e+01	1.640000e+02
  4185	2.092750e+01	1.740000e+02
  4186	2.093250e+01	1.660000e+02
  4187	2.093750e+01	1.740000e+02
  4188	2.094250e+01	1.970000e+02
  4189	2.094750e+01	1.690000e+02
  4190	2.095250e+01	1.680000e+02
  4191	2.095750e+01	1.960000e+02
  4192	2.096250e+01	1.630000e+02
  4193	2.096750e+01	2.080000e+02
  4194	2.097250e+01	1.830000e+02
  4195	2.097750e+01	1.860000e+02
  4196	2.098250e+01	1.720000e+02
  4197	2.098750e+01	1.730000e+02
  4198	2.099250e+01	1.950000e+02
  4199	2.099750e+01	1.760000e+02
  4200	2.100250e+01	1.840000e+02
  4201	2.100750e+01	1.920000e+02
  4202	2.101250e+01	1.890000e+02
  4203	2.101750e+01	1.860000e+02
  4204	2.102250e+01	1.620000e+02
  4205	2.102750e+01	1.610000e+02
  4206	2.103250e+01	1.880000e+02
  4207	2.103750e+01	1.880000e+02
  4208	2.104250e+01	1.760000e+02
  4209	2.104750e+01	1.730000e+02
  4210	2.105250e+01	1.840000e+02
  4211	2.105750e+01	1.770000e+02
  4212	2.106250e+01	1.680000e+02
  4213	2.106750e+01	2.070000e+02
  4214	2.107250e+01	1.830000e+02
  4215	2.107750e+01	1.730000e+02
  4216	2.108250e+01	1.760000e+02
  4217	2.108750e+01	1.750000e+02
  4218	2.109250e+01	1.650000e+02
  4219	2.109750e+01	1.870000e+02
  4220	2.110250e+01	1.700000e+02
  4221	2.110750e+01	1.660000e+02
  4222	2.111250e+01	1.820000e+02
  4223	2.111750e+01	2.040000e+02
  4224	2.112250e+01	1.550000e+02
  4225	2.112750e+01	1.720000e+02
  4226	2.113250e+01	1.800000e+02
  4227	2.113750e+01	1.680000e+02
  4228	2.114250e+01	1.940000e+02
  4229	2.114750e+01	1.770000e+02
  4230	2.115250e+01	1.670000e+02
  4231	2.115750e+01	1.960000e+02
  4232	2.116250e+01	1.960000e+02
  4233	2.116750e+01	1.690000e+02
  4234	2.117250e+01	1.820000e+02
  4235	2.117750e+01	1.910000e+02
  4236	2.118250e+01	1.680000e+02
  4237	2.118750e+01	1.710000e+02
  4238	2.119250e+01	1.640000e+02
  4239	2.119750e+01	1.820000e+02
  4240	2.120250e+01	1.790000e+02
  4241	2.120750e+01	1.800000e+02
  4242	2.121250e+01	1.510000e+02
  4243	2.121750e+01	1.640000e+02
  4244	2.122250e+01	1.650000e+02
  4245	2.122750e+01	1.660000e+02
  4246	2.123250e+01	1.670000e+02
  4247	2.123750e+01	1.730000e+02
  4248	2.124250e+01	1.350000e+02
  4249	2.124750e+01	1.490000e+02
  4250	2.125250e+01	1.780000e+02
  4251	2.125750e+01	1.580000e+02
  4252	2.126250e+01	1.910000e+02
  4253	2.126750e+01	1.620000e+02
  4254	2.127250e+01	1.590000e+02
  4255	2.127750e+01	1.820000e+02
  4256	2.128250e+01	1.680000e+02
  4257	2.128750e+01	1.820000e+02
  4258	2.129250e+01	1.680000e+02
  4259	2.129750e+01	1.730000e+02
  4260	2.130250e+01	1.680000e+02
  4261	2.130750e+01	1.800000e+02
  4262	2.131250e+01	1.700000e+02
  4263	2.131750e+01	1.570000e+02
  4264	2.132250e+01	1.660000e+02
  4265	2.132750e+01	1.750000e+02
  4266	2.133250e+01	1.730000e+02
  4267	2.133750e+01	1.990000e+02
  4268	2.134250e+01	1.690000e+02
  4269	2.134750e+01	1.650000e+02
  4270	2.135250e+01	1.620000e+02
  4271	2.135750e+01	1.730000e+02
  4272	2.136250e+01	1.440000e+02
  4273	2.136750e+01	1.590000e+02
  4274	2.137250e+01	1.580000e+02
  4275	2.137750e+01	1.700000e+02
  4276	2.138250e+01	1.800000e+02
  4277	2.138750e+01	1.650000e+02
  4278	2.139250e+01	1.800000e+02
  4279	2.139750e+01	1.630000e+02
  4280	2.140250e+01	1.770000e+02
  4281	2.140750e+01	1.540000e+02
  4282	2.141250e+01	1.680000e+02
  4283	2.141750e+01	1.700000e+02
  4284	2.142250e+01	1.830000e+02
  4285	2.142750e+01	1.920000e+02
  4286	2.143250e+01	2.090000e+02
  4287	2.143750e+01	1.800000e+02
  4288	2.144250e+01	1.820000e+02
  4289	2.144750e+01	1.530000e+02
  4290	2.145250e+01	1.620000e+02
  4291	2.145750e+01	1.840000e+02
  4292	2.146250e+01	1.660000e+02
  4293	2.146750e+01	1.660000e+02
  4294	2.147250e+01	1.700000e+02
  4295	2.147750e+01	1.600000e+02
  4296	2.148250e+01	1.720000e+02
  4297	2.148750e+01	1.660000e+02
  4298	2.149250e+01	1.490000e+02
  4299	2.149750e+01	1.600000e+02
  4300	2.150250e+01	1.430000e+02
  4301	2.150750e+01	1.800000e+02
  4302	2.151250e+01	1.540000e+02
  4303	2.151750e+01	1.660000e+02
  4304	2.152250e+01	1.570000e+02
  4305	2.152750e+01	1.710000e+02
  4306	2.153250e+01	1.660000e+02
  4307	2.153750e+01	1.650000e+02
  4308	2.154250e+01	1.920000e+02
  4309	2.154750e+01	1.630000e+02
  4310	2.155250e+01	1.580000e+02
  4311	2.155750e+01	1.730000e+02
  4312	2.156250e+01	1.520000e+02
  4313	2.156750e+01	1.720000e+02
  4314	2.157250e+01	1.570000e+02
  4315	2.157750e+01	1.780000e+02
  4316	2.158250e+01	1.700000e+02
  4317	2.158750e+01	1.830000e+02
  4318	2.159250e+01	1.640000e+02
  4319	2.159750e+01	1.920000e+02
  4320	2.160250e+01	1.730000e+02
  4321	2.160750e+01	1.590000e+02
  4322	2.161250e+01	1.760000e+02
  4323	2.161750e+01	1.790000e+02
  4324	2.162250e+01	1.580000e+02
  4325	2.162750e+01	1.760000e+02
  4326	2.163250e+01	1.820000e+02
  4327	2.163750e+01	1.650000e+02
  4328	2.164250e+01	1.790000e+02
  4329	2.164750e+01	1.640000e+02
  4330	2.165250e+01	1.780000e+02
  4331	2.165750e+01	1.580000e+02
  4332	2.166250e+01	1.740000e+02
  4333	2.166750e+01	1.690000e+02
  4334	2.167250e+01	1.440000e+02
  4335	2.167750e+01	1.950000e+02
  4336	2.168250e+01	1.540000e+02
  4337	2.168750e+01	1.590000e+02
  4338	2.169250e+01	1.690000e+02
  4339	2.169750e+01	1.540000e+02
  4340	2.170250e+01	1.700000e+02
  4341	2.170750e+01	1.550000e+02
  4342	2.171250e+01	1.560000e+02
  4343	2.171750e+01	1.720000e+02
  4344	2.172250e+01	1.740000e+02
  4345	2.172750e+01	1.490000e+02
  4346	2.173250e+01	1.640000e+02
  4347	2.173750e+01	1.710000e+02
  4348	2.174250e+01	1.740000e+02
  4349	2.174750e+01	1.380000e+02
  4350	2.175250e+01	1.720000e+02
  4351	2.175750e+01	1.700000e+02
  4352	2.176250e+01	1.840000e+02
  4353	2.176750e+01	1.790000e+02
  4354	2.177250e+01	1.420000e+02
  4355	2.177750e+01	1.340000e+02
  4356	2.178250e+01	1.700000e+02
  4357	2.178750e+01	1.570000e+02
  4358	2.179250e+01	1.690000e+02
  4359	2.179750e+01	1.600000e+02
  4360	2.180250e+01	1.680000e+02
  4361	2.180750e+01	1.680000e+02
  4362	2.181250e+01	1.370000e+02
  4363	2.181750e+01	1.600000e+02
  4364	2.182250e+01	1.720000e+02
  4365	2.182750e+01	1.730000e+02
  4366	2.183250e+01	1.620000e+02
  4367	2.183750e+01	1.740000e+02
  4368	2.184250e+01	1.550000e+02
  4369	2.184750e+01	1.520000e+02
  4370	2.185250e+01	1.630000e+02
  4371	2.185750e+01	1.490000e+02
  4372	2.186250e+01	1.500000e+02
  4373	2.186750e+01	1.500000e+02
  4374	2.187250e+01	1.580000e+02
  4375	2.187750e+01	1.620000e+02
  4376	2.188250e+01	1.390000e+02
  4377	2.188750e+01	1.550000e+02
  4378	2.189250e+01	1.720000e+02
  4379	2.189750e+01	1.550000e+02
  4380	2.190250e+01	1.530000e+02
  4381	2.190750e+01	1.570000e+02
  4382	2.191250e+01	1.290000e+02
  4383	2.191750e+01	1.670000e+02
  4384	2.192250e+01	1.660000e+02
  4385	2.192750e+01	1.670000e+02
  4386	2.193250e+01	1.500000e+02
  4387	2.193750e+01	1.440000e+02
  4388	2.194250e+01	1.300000e+02
  4389	2.194750e+01	1.320000e+02
  4390	2.195250e+01	1.590000e+02
  4391	2.195750e+01	1.530000e+02
  4392	2.196250e+01	1.650000e+02
  4393	2.196750e+01	1.610000e+02
  4394	2.197250e+01	1.510000e+02
  4395	2.197750e+01	1.600000e+02
  4396	2.198250e+01	1.630000e+02
  4397	2.198750e+01	1.720000e+02
  4398	2.199250e+01	1.610000e+02
  4399	2.199750e+01	1.710000e+02
  4400	2.200250e+01	1.420000e+02
  4401	2.200750e+01	1.270000e+02
  4402	2.201250e+01	1.340000e+02
  4403	2.201750e+01	1.490000e+02
  4404	2.202250e+01	1.710000e+02
  4405	2.202750e+01	1.390000e+02
  4406	2.203250e+01	1.440000e+02
  4407	2.203750e+01	1.540000e+02
  4408	2.204250e+01	1.450000e+02
  4409	2.204750e+01	1.470000e+02
  4410	2.205250e+01	1.540000e+02
  4411	2.205750e+01	1.690000e+02
  4412	2.206250e+01	1.430000e+02
  4413	2.206750e+01	1.330000e+02
  4414	2.207250e+01	1.640000e+02
  4415	2.207750e+01	1.400000e+02
  4416	2.208250e+01	1.550000e+02
  4417	2.208750e+01	1.660000e+02
  4418	2.209250e+01	1.510000e+02
  4419	2.209750e+01	1.550000e+02
  4420	2.210250e+01	1.510000e+02
  4421	2.210750e+01	1.440000e+02
  4422	2.211250e+01	1.210000e+02
  4423	2.211750e+01	1.670000e+02
  4424	2.212250e+01	1.590000e+02
  4425	2.212750e+01	1.700000e+02
  4426	2.213250e+01	1.480000e+02
  4427	2.213750e+01	1.390000e+02
  4428	2.214250e+01	1.600000e+02
  4429	2.214750e+01	1.340000e+02
  4430	2.215250e+01	1.580000e+02
  4431	2.215750e+01	1.480000e+02
  4432	2.216250e+01	1.630000e+02
  4433	2.216750e+01	1.300000e+02
  4434	2.217250e+01	1.390000e+02
  4435	2.217750e+01	1.520000e+02
  4436	2.218250e+01	1.890000e+02
  4437	2.218750e+01	1.400000e+02
  4438	2.219250e+01	1.720000e+02
  4439	2.219750e+01	1.520000e+02
  4440	2.220250e+01	1.300000e+02
  4441	2.220750e+01	1.520000e+02
  4442	2.221250e+01	1.620000e+02
  4443	2.221750e+01	1.520000e+02
  4444	2.222250e+01	1.490000e+02
  4445	2.222750e+01	1.560000e+02
  4446	2.223250e+01	1.260000e+02
  4447	2.223750e+01	1.490000e+02
  4448	2.224250e+01	1.500000e+02
  4449	2.224750e+01	1.570000e+02
  4450	2.225250e+01	1.400000e+02
  4451	2.225750e+01	1.390000e+02
  4452	2.226250e+01	1.390000e+02
  4453	2.226750e+01	1.250000e+02
  4454	2.227250e+01	1.580000e+02
  4455	2.227750e+01	1.390000e+02
  4456	2.228250e+01	1.440000e+02
  4457	2.228750e+01	1.270000e+02
  4458	2.229250e+01	1.550000e+02
  4459	2.229750e+01	1.500000e+02
  4460	2.230250e+01	1.450000e+02
  4461	2.230750e+01	1.450000e+02
  4462	2.231250e+01	1.770000e+02
  4463	2.231750e+01	1.560000e+02
  4464	2.232250e+01	1.530000e+02
  4465	2.232750e+01	1.630000e+02
  4466	2.233250e+01	1.390000e+02
  4467	2.233750e+01	1.540000e+02
  4468	2.234250e+01	1.700000e+02
  4469	2.234750e+01	1.580000e+02
  4470	2.235250e+01	1.330000e+02
  4471	2.235750e+01	1.350000e+02
  4472	2.236250e+01	1.330000e+02
  4473	2.236750e+01	1.710000e+02
  4474	2.237250e+01	1.450000e+02
  4475	2.237750e+01	1.690000e+02
  4476	2.238250e+01	1.530000e+02
  4477	2.238750e+01	1.470000e+02
  4478	2.239250e+01	1.390000e+02
  4479	2.239750e+01	1.290000e+02
  4480	2.240250e+01	1.500000e+02
  4481	2.240750e+01	1.290000e+02
  4482	2.241250e+01	1.210000e+02
  4483	2.241750e+01	1.490000e+02
  4484	2.242250e+01	1.360000e+02
  4485	2.242750e+01	1.420000e+02
  4486	2.243250e+01	1.410000e+02
  4487	2.243750e+01	1.460000e+02
  4488	2.244250e+01	1.410000e+02
  4489	2.244750e+01	1.490000e+02
  4490	2.245250e+01	1.370000e+02
  4491	2.245750e+01	1.510000e+02
  4492	2.246250e+01	1.430000e+02
  4493	2.246750e+01	1.510000e+02
  4494	2.247250e+01	1.320000e+02
  4495	2.247750e+01	1.560000e+02
  4496	2.248250e+01	1.410000e+02
  4497	2.248750e+01	1.600000e+02
  4498	2.249250e+01	1.400000e+02
  4499	2.249750e+01	1.250000e+02
  4500	2.250250e+01	1.210000e+02
  4501	2.250750e+01	1.470000e+02
  4502	2.251250e+01	1.420000e+02
  4503	2.251750e+01	1.340000e+02
  4504	2.252250e+01	1.420000e+02
  4505	2.252750e+01	1.370000e+02
  4506	2.253250e+01	1.440000e+02
  4507	2.253750e+01	1.430000e+02
  4508	2.254250e+01	1.300000e+02
  4509	2.254750e+01	1.360000e+02
  4510	2.255250e+01	1.460000e+02
  4511	2.255750e+01	1.550000e+02
  4512	2.256250e+01	1.310000e+02
  4513	2.256750e+01	1.570000e+02
  4514	2.257250e+01	1.530000e+02
  4515	2.257750e+01	1.390000e+02
  4516	2.258250e+01	1.250000e+02
  4517	2.258750e+01	1.540000e+02
  4518	2.259250e+01	1.320000e+02
  4519	2.259750e+01	1.400000e+02
  4520	2.260250e+01	1.560000e+02
  4521	2.260750e+01	1.500000e+02
  4522	2.261250e+01	1.350000e+02
  4523	2.261750e+01	1.810000e+02
  4524	2.262250e+01	1.460000e+02
  4525	2.262750e+01	1.360000e+02
  4526	2.263250e+01	1.380000e+02
  4527	2.263750e+01	1.290000e+02
  4528	2.264250e+01	1.250000e+02
  4529	2.264750e+01	1.400000e+02
  4530	2.265250e+01	1.310000e+02
  4531	2.265750e+01	1.480000e+02
  4532	2.266250e+01	1.510000e+02
  4533	2.266750e+01	1.670000e+02
  4534	2.267250e+01	1.280000e+02
  4535	2.267750e+01	1.600000e+02
  4536	2.268250e+01	1.250000e+02
  4537	2.268750e+01	1.290000e+02
  4538	2.269250e+01	1.360000e+02
  4539	2.269750e+01	1.500000e+02
  4540	2.270250e+01	1.390000e+02
  4541	2.270750e+01	1.750000e+02
  4542	2.271250e+01	1.570000e+02
  4543	2.271750e+01	1.220000e+02
  4544	2.272250e+01	1.560000e+02
  4545	2.272750e+01	1.500000e+02
  4546	2.273250e+01	1.420000e+02
  4547	2.273750e+01	1.160000e+02
  4548	2.274250e+01	1.140000e+02
  4549	2.274750e+01	1.420000e+02
  4550	2.275250e+01	1.490000e+02
  4551	2.275750e+01	1.540000e+02
  4552	2.276250e+01	1.430000e+02
  4553	2.276750e+01	1.440000e+02
  4554	2.277250e+01	1.600000e+02
  4555	2.277750e+01	1.230000e+02
  4556	2.278250e+01	1.350000e+02
  4557	2.278750e+01	1.380000e+02
  4558	2.279250e+01	1.670000e+02
  4559	2.279750e+01	1.540000e+02
  4560	2.280250e+01	1.340000e+02
  4561	2.280750e+01	1.370000e+02
  4562	2.281250e+01	1.320000e+02
  4563	2.281750e+01	1.250000e+02
  4564	2.282250e+01	1.520000e+02
  4565	2.282750e+01	1.400000e+02
  4566	2.283250e+01	1.410000e+02
  4567	2.283750e+01	1.180000e+02
  4568	2.284250e+01	1.370000e+02
  4569	2.284750e+01	1.490000e+02
  4570	2.285250e+01	1.340000e+02
  4571	2.285750e+01	1.530000e+02
  4572	2.286250e+01	1.310000e+02
  4573	2.286750e+01	1.550000e+02
  4574	2.287250e+01	1.450000e+02
  4575	2.287750e+01	1.350000e+02
  4576	2.288250e+01	1.180000e+02
  4577	2.288750e+01	1.510000e+02
  4578	2.289250e+01	1.110000e+02
  4579	2.289750e+01	1.370000e+02
  4580	2.290250e+01	1.340000e+02
  4581	2.290750e+01	1.380000e+02
  4582	2.291250e+01	1.480000e+02
  4583	2.291750e+01	1.360000e+02
  4584	2.292250e+01	1.490000e+02
  4585	2.292750e+01	1.410000e+02
  4586	2.293250e+01	1.180000e+02
  4587	2.293750e+01	1.370000e+02
  4588	2.294250e+01	1.090000e+02
  4589	2.294750e+01	1.310000e+02
  4590	2.295250e+01	1.210000e+02
  4591	2.295750e+01	1.430000e+02
  4592	2.296250e+01	1.440000e+02
  4593	2.296750e+01	1.420000e+02
  4594	2.297250e+01	1.160000e+02
  4595	2.297750e+01	1.600000e+02
  4596	2.298250e+01	1.340000e+02
  4597	2.298750e+01	1.340000e+02
  4598	2.299250e+01	1.720000e+02
  4599	2.299750e+01	1.350000e+02
  4600	2.300250e+01	1.530000e+02
  4601	2.300750e+01	1.480000e+02
  4602	2.301250e+01	1.150000e+02
  4603	2.301750e+01	1.390000e+02
  4604	2.302250e+01	1.340000e+02
  4605	2.302750e+01	1.420000e+02
  4606	2.303250e+01	1.300000e+02
  4607	2.303750e+01	1.450000e+02
  4608	2.304250e+01	1.290000e+02
  4609	2.304750e+01	1.350000e+02
  4610	2.305250e+01	1.320000e+02
  4611	2.305750e+01	1.330000e+02
  4612	2.306250e+01	1.110000e+02
  4613	2.306750e+01	1.230000e+02
  4614	2.307250e+01	1.380000e+02
  4615	2.307750e+01	1.370000e+02
  4616	2.308250e+01	1.260000e+02
  4617	2.308750e+01	1.500000e+02
  4618	2.309250e+01	1.240000e+02
  4619	2.309750e+01	1.180000e+02
  4620	2.310250e+01	1.410000e+02
  4621	2.310750e+01	1.200000e+02
  4622	2.311250e+01	1.150000e+02
  4623	2.311750e+01	1.310000e+02
  4624	2.312250e+01	1.350000e+02
  4625	2.312750e+01	1.530000e+02
  4626	2.313250e+01	1.410000e+02
  4627	2.313750e+01	1.210000e+02
  4628	2.314250e+01	1.320000e+02
  4629	2.314750e+01	1.380000e+02
  4630	2.315250e+01	1.110000e+02
  4631	2.315750e+01	1.020000e+02
  4632	2.316250e+01	1.380000e+02
  4633	2.316750e+01	1.420000e+02
  4634	2.317250e+01	1.340000e+02
  4635	2.317750e+01	1.320000e+02
  4636	2.318250e+01	1.170000e+02
  4637	2.318750e+01	1.390000e+02
  4638	2.319250e+01	1.230000e+02
  4639	2.319750e+01	1.480000e+02
  4640	2.320250e+01	1.330000e+02
  4641	2.320750e+01	1.280000e+02
  4642	2.321250e+01	1.360000e+02
  4643	2.321750e+01	1.220000e+02
  4644	2.322250e+01	1.390000e+02
  4645	2.322750e+01	1.280000e+02
  4646	2.323250e+01	1.220000e+02
  4647	2.323750e+01	1.430000e+02
  4648	2.324250e+01	1.150000e+02
  4649	2.324750e+01	1.330000e+02
  4650	2.325250e+01	1.290000e+02
  4651	2.325750e+01	1.370000e+02
  4652	2.326250e+01	1.320000e+02
  4653	2.326750e+01	1.110000e+02
  4654	2.327250e+01	1.310000e+02
  4655	2.327750e+01	1.340000e+02
  4656	2.328250e+01	1.420000e+02
  4657	2.328750e+01	1.140000e+02
  4658	2.329250e+01	1.350000e+02
  4659	2.329750e+01	1.210000e+02
  4660	2.330250e+01	1.230000e+02
  4661	2.330750e+01	1.400000e+02
  4662	2.331250e+01	1.440000e+02
  4663	2.331750e+01	1.530000e+02
  4664	2.332250e+01	1.250000e+02
  4665	2.332750e+01	1.170000e+02
  4666	2.333250e+01	1.320000e+02
  4667	2.333750e+01	1.030000e+02
  4668	2.334250e+01	1.220000e+02
  4669	2.334750e+01	1.270000e+02
  4670	2.335250e+01	1.330000e+02
  4671	2.335750e+01	1.320000e+02
  4672	2.336250e+01	1.110000e+02
  4673	2.336750e+01	1.210000e+02
  4674	2.337250e+01	1.100000e+02
  4675	2.337750e+01	1.330000e+02
  4676	2.338250e+01	1.320000e+02
  4677	2.338750e+01	1.310000e+02
  4678	2.339250e+01	1.200000e+02
  4679	2.339750e+01	1.360000e+02
  4680	2.340250e+01	1.250000e+02
  4681	2.340750e+01	1.430000e+02
  4682	2.341250e+01	1.500000e+02
  4683	2.341750e+01	1.240000e+02
  4684	2.342250e+01	1.270000e+02
  4685	2.342750e+01	1.300000e+02
  4686	2.343250e+01	1.220000e+02
  4687	2.343750e+01	1.250000e+02
  4688	2.344250e+01	1.060000e+02
  4689	2.344750e+01	1.340000e+02
  4690	2.345250e+01	1.130000e+02
  4691	2.345750e+01	1.370000e+02
  4692	2.346250e+01	1.110000e+02
  4693	2.346750e+01	1.460000e+02
  4694	2.347250e+01	1.230000e+02
  4695	2.347750e+01	1.270000e+02
  4696	2.348250e+01	1.320000e+02
  4697	2.348750e+01	1.190000e+02
  4698	2.349250e+01	1.330000e+02
  4699	2.349750e+01	1.340000e+02
  4700	2.350250e+01	1.100000e+02
  4701	2.350750e+01	1.080000e+02
  4702	2.351250e+01	1.380000e+02
  4703	2.351750e+01	1.280000e+02
  4704	2.352250e+01	1.400000e+02
  4705	2.352750e+01	1.290000e+02
  4706	2.353250e+01	1.220000e+02
  4707	2.353750e+01	1.210000e+02
  4708	2.354250e+01	1.260000e+02
  4709	2.354750e+01	1.190000e+02
  4710	2.355250e+01	1.380000e+02
  4711	2.355750e+01	1.220000e+02
  4712	2.356250e+01	1.080000e+02
  4713	2.356750e+01	1.140000e+02
  4714	2.357250e+01	1.050000e+02
  4715	2.357750e+01	1.180000e+02
  4716	2.358250e+01	1.190000e+02
  4717	2.358750e+01	1.320000e+02
  4718	2.359250e+01	1.180000e+02
  4719	2.359750e+01	1.240000e+02
  4720	2.360250e+01	1.240000e+02
  4721	2.360750e+01	1.110000e+02
  4722	2.361250e+01	1.310000e+02
  4723	2.361750e+01	1.160000e+02
  4724	2.362250e+01	1.220000e+02
  4725	2.362750e+01	1.260000e+02
  4726	2.363250e+01	1.250000e+02
  4727	2.363750e+01	1.060000e+02
  4728	2.364250e+01	1.160000e+02
  4729	2.364750e+01	1.230000e+02
  4730	2.365250e+01	1.230000e+02
  4731	2.365750e+01	1.240000e+02
  4732	2.366250e+01	1.160000e+02
  4733	2.366750e+01	1.150000e+02
  4734	2.367250e+01	1.280000e+02
  4735	2.367750e+01	1.200000e+02
  4736	2.368250e+01	1.150000e+02
  4737	2.368750e+01	1.340000e+02
  4738	2.369250e+01	1.250000e+02
  4739	2.369750e+01	1.070000e+02
  4740	2.370250e+01	1.610000e+02
  4741	2.370750e+01	1.140000e+02
  4742	2.371250e+01	1.290000e+02
  4743	2.371750e+01	1.220000e+02
  4744	2.372250e+01	1.200000e+02
  4745	2.372750e+01	1.080000e+02
  4746	2.373250e+01	1.330000e+02
  4747	2.373750e+01	1.290000e+02
  4748	2.374250e+01	1.220000e+02
  4749	2.374750e+01	1.250000e+02
  4750	2.375250e+01	1.190000e+02
  4751	2.375750e+01	1.080000e+02
  4752	2.376250e+01	1.300000e+02
  4753	2.376750e+01	1.130000e+02
  4754	2.377250e+01	1.230000e+02
  4755	2.377750e+01	1.310000e+02
  4756	2.378250e+01	1.080000e+02
  4757	2.378750e+01	1.220000e+02
  4758	2.379250e+01	1.140000e+02
  4759	2.379750e+01	1.250000e+02
  4760	2.380250e+01	1.130000e+02
  4761	2.380750e+01	1.150000e+02
  4762	2.381250e+01	1.120000e+02
  4763	2.381750e+01	1.310000e+02
  4764	2.382250e+01	1.240000e+02
  4765	2.382750e+01	1.240000e+02
  4766	2.383250e+01	1.180000e+02
  4767	2.383750e+01	1.020000e+02
  4768	2.384250e+01	1.240000e+02
  4769	2.384750e+01	1.130000e+02
  4770	2.385250e+01	1.180000e+02
  4771	2.385750e+01	1.200000e+02
  4772	2.386250e+01	1.280000e+02
  4773	2.386750e+01	1.230000e+02
  4774	2.387250e+01	1.180000e+02
  4775	2.387750e+01	1.220000e+02
  4776	2.388250e+01	1.280000e+02
  4777	2.388750e+01	1.330000e+02
  4778	2.389250e+01	1.210000e+02
  4779	2.389750e+01	1.220000e+02
  4780	2.390250e+01	1.170000e+02
  4781	2.390750e+01	1.140000e+02
  4782	2.391250e+01	1.090000e+02
  4783	2.391750e+01	1.330000e+02
  4784	2.392250e+01	1.220000e+02
  4785	2.392750e+01	1.020000e+02
  4786	2.393250e+01	9.900000e+01
  4787	2.393750e+01	1.020000e+02
  4788	2.394250e+01	1.190000e+02
  4789	2.394750e+01	1.210000e+02
  4790	2.395250e+01	1.260000e+02
  4791	2.395750e+01	1.190000e+02
  4792	2.396250e+01	1.120000e+02
  4793	2.396750e+01	1.010000e+02
  4794	2.397250e+01	1.180000e+02
  4795	2.397750e+01	1.460000e+02
  4796	2.398250e+01	1.030000e+02
  4797	2.398750e+01	1.290000e+02
  4798	2.399250e+01	1.130000e+02
  4799	2.399750e+01	1.270000e+02
  4800	2.400250e+01	1.110000e+02
  4801	2.400750e+01	1.110000e+02
  4802	2.401250e+01	1.170000e+02
  4803	2.401750e+01	1.110000e+02
  4804	2.402250e+01	1.000000e+02
  4805	2.402750e+01	1.170000e+02
  4806	2.403250e+01	1.150000e+02
  4807	2.403750e+01	1.020000e+02
  4808	2.404250e+01	1.200000e+02
  4809	2.404750e+01	1.160000e+02
  4810	2.405250e+01	1.140000e+02
  4811	2.405750e+01	1.260000e+02
  4812	2.406250e+01	1.050000e+02
  4813	2.406750e+01	1.290000e+02
  4814	2.407250e+01	1.120000e+02
  4815	2.407750e+01	1.050000e+02
  4816	2.408250e+01	1.130000e+02
  4817	2.408750e+01	9.900000e+01
  4818	2.409250e+01	1.130000e+02
  4819	2.409750e+01	1.160000e+02
  4820	2.410250e+01	1.280000e+02
  4821	2.410750e+01	1.230000e+02
  4822	2.411250e+01	1.290000e+02
  4823	2.411750e+01	1.200000e+02
  4824	2.412250e+01	1.300000e+02
  4825	2.412750e+01	1.040000e+02
  4826	2.413250e+01	9.900000e+01
  4827	2.413750e+01	1.140000e+02
  4828	2.414250e+01	1.060000e+02
  4829	2.414750e+01	1.080000e+02
  4830	2.415250e+01	1.050000e+02
  4831	2.415750e+01	9.700000e+01
  4832	2.416250e+01	1.060000e+02
  4833	2.416750e+01	1.140000e+02
  4834	2.417250e+01	1.190000e+02
  4835	2.417750e+01	8.900000e+01
  4836	2.418250e+01	9.800000e+01
  4837	2.418750e+01	1.160000e+02
  4838	2.419250e+01	1.150000e+02
  4839	2.419750e+01	1.120000e+02
  4840	2.420250e+01	1.040000e+02
  4841	2.420750e+01	1.180000e+02
  4842	2.421250e+01	1.090000e+02
  4843	2.421750e+01	1.180000e+02
  4844	2.422250e+01	1.260000e+02
  4845	2.422750e+01	9.700000e+01
  4846	2.423250e+01	1.090000e+02
  4847	2.423750e+01	1.340000e+02
  4848	2.424250e+01	9.700000e+01
  4849	2.424750e+01	1.020000e+02
  4850	2.425250e+01	1.170000e+02
  4851	2.425750e+01	1.180000e+02
  4852	2.426250e+01	1.170000e+02
  4853	2.426750e+01	1.040000e+02
  4854	2.427250e+01	1.140000e+02
  4855	2.427750e+01	1.000000e+02
  4856	2.428250e+01	1.240000e+02
  4857	2.428750e+01	1.210000e+02
  4858	2.429250e+01	1.020000e+02
  4859	2.429750e+01	1.100000e+02
  4860	2.430250e+01	1.170000e+02
  4861	2.430750e+01	1.130000e+02
  4862	2.431250e+01	1.080000e+02
  4863	2.431750e+01	1.030000e+02
  4864	2.432250e+01	1.260000e+02
  4865	2.432750e+01	1.010000e+02
  4866	2.433250e+01	9.900000e+01
  4867	2.433750e+01	8.900000e+01
  4868	2.434250e+01	1.150000e+02
  4869	2.434750e+01	9.400000e+01
  4870	2.435250e+01	1.160000e+02
  4871	2.435750e+01	1.080000e+02
  4872	2.436250e+01	1.200000e+02
  4873	2.436750e+01	1.190000e+02
  4874	2.437250e+01	1.170000e+02
  4875	2.437750e+01	1.070000e+02
  4876	2.438250e+01	1.110000e+02
  4877	2.438750e+01	1.200000e+02
  4878	2.439250e+01	1.080000e+02
  4879	2.439750e+01	9.300000e+01
  4880	2.440250e+01	1.090000e+02
  4881	2.440750e+01	1.000000e+02
  4882	2.441250e+01	9.100000e+01
  4883	2.441750e+01	1.000000e+02
  4884	2.442250e+01	1.270000e+02
  4885	2.442750e+01	1.010000e+02
  4886	2.443250e+01	1.180000e+02
  4887	2.443750e+01	1.000000e+02
  4888	2.444250e+01	1.060000e+02
  4889	2.444750e+01	8.000000e+01
  4890	2.445250e+01	1.150000e+02
  4891	2.445750e+01	1.100000e+02
  4892	2.446250e+01	1.150000e+02
  4893	2.446750e+01	1.040000e+02
  4894	2.447250e+01	1.030000e+02
  4895	2.447750e+01	9.000000e+01
  4896	2.448250e+01	1.010000e+02
  4897	2.448750e+01	1.110000e+02
  4898	2.449250e+01	1.100000e+02
  4899	2.449750e+01	1.090000e+02
  4900	2.450250e+01	1.060000e+02
  4901	2.450750e+01	1.100000e+02
  4902	2.451250e+01	1.160000e+02
  4903	2.451750e+01	1.300000e+02
  4904	2.452250e+01	1.090000e+02
  4905	2.452750e+01	1.100000e+02
  4906	2.453250e+01	1.070000e+02
  4907	2.453750e+01	1.040000e+02
  4908	2.454250e+01	1.130000e+02
  4909	2.454750e+01	1.110000e+02
  4910	2.455250e+01	1.030000e+02
  4911	2.455750e+01	1.050000e+02
  4912	2.456250e+01	1.050000e+02
  4913	2.456750e+01	1.120000e+02
  4914	2.457250e+01	1.070000e+02
  4915	2.457750e+01	1.010000e+02
  4916	2.458250e+01	1.110000e+02
  4917	2.458750e+01	1.160000e+02
  4918	2.459250e+01	1.150000e+02
  4919	2.459750e+01	9.500000e+01
  4920	2.460250e+01	1.080000e+02
  4921	2.460750e+01	1.120000e+02
  4922	2.461250e+01	1.250000e+02
  4923	2.461750e+01	1.140000e+02
  4924	2.462250e+01	9.300000e+01
  4925	2.462750e+01	9.300000e+01
  4926	2.463250e+01	1.050000e+02
  4927	2.463750e+01	9.500000e+01
  4928	2.464250e+01	1.140000e+02
  4929	2.464750e+01	1.090000e+02
  4930	2.465250e+01	1.290000e+02
  4931	2.465750e+01	1.220000e+02
  4932	2.466250e+01	1.210000e+02
  4933	2.466750e+01	1.170000e+02
  4934	2.467250e+01	1.030000e+02
  4935	2.467750e+01	1.030000e+02
  4936	2.468250e+01	1.000000e+02
  4937	2.468750e+01	9.800000e+01
  4938	2.469250e+01	1.030000e+02
  4939	2.469750e+01	1.090000e+02
  4940	2.470250e+01	9.500000e+01
  4941	2.470750e+01	1.230000e+02
  4942	2.471250e+01	9.100000e+01
  4943	2.471750e+01	1.140000e+02
  4944	2.472250e+01	1.020000e+02
  4945	2.472750e+01	1.210000e+02
  4946	2.473250e+01	1.190000e+02
  4947	2.473750e+01	8.900000e+01
  4948	2.474250e+01	1.150000e+02
  4949	2.474750e+01	1.060000e+02
  4950	2.475250e+01	1.030000e+02
  4951	2.475750e+01	1.070000e+02
  4952	2.476250e+01	1.170000e+02
  4953	2.476750e+01	1.020000e+02
  4954	2.477250e+01	1.040000e+02
  4955	2.477750e+01	8.700000e+01
  4956	2.478250e+01	1.120000e+02
  4957	2.478750e+01	9.600000e+01
  4958	2.479250e+01	1.090000e+02
  4959	2.479750e+01	1.110000e+02
  4960	2.480250e+01	1.110000e+02
  4961	2.480750e+01	9.400000e+01
  4962	2.481250e+01	1.000000e+02
  4963	2.481750e+01	1.070000e+02
  4964	2.482250e+01	9.300000e+01
  4965	2.482750e+01	1.010000e+02
  4966	2.483250e+01	1.100000e+02
  4967	2.483750e+01	9.900000e+01
  4968	2.484250e+01	9.900000e+01
  4969	2.484750e+01	1.180000e+02
  4970	2.485250e+01	1.040000e+02
  4971	2.485750e+01	1.000000e+02
  4972	2.486250e+01	1.210000e+02
  4973	2.486750e+01	1.030000e+02
  4974	2.487250e+01	9.900000e+01
  4975	2.487750e+01	9.300000e+01
  4976	2.488250e+01	9.800000e+01
  4977	2.488750e+01	8.800000e+01
  4978	2.489250e+01	1.180000e+02
  4979	2.489750e+01	1.100000e+02
  4980	2.490250e+01	9.100000e+01
  4981	2.490750e+01	1.270000e+02
  4982	2.491250e+01	9.700000e+01
  4983	2.491750e+01	1.130000e+02
  4984	2.492250e+01	1.200000e+02
  4985	2.492750e+01	1.050000e+02
  4986	2.493250e+01	9.700000e+01
  4987	2.493750e+01	8.900000e+01
  4988	2.494250e+01	1.180000e+02
  4989	2.494750e+01	1.140000e+02
  4990	2.495250e+01	1.040000e+02
  4991	2.495750e+01	1.120000e+02
  4992	2.496250e+01	1.180000e+02
  4993	2.496750e+01	8.300000e+01
  4994	2.497250e+01	1.010000e+02
  4995	2.497750e+01	8.500000e+01
  4996	2.498250e+01	1.040000e+02
  4997	2.498750e+01	1.070000e+02
  4998	2.499250e+01	9.200000e+01
  4999	2.499750e+01	1.040000e+02
  5000	2.500250e+01	8.900000e+01
  5001	2.500750e+01	9.800000e+01
  5002	2.501250e+01	9.400000e+01
  5003	2.501750e+01	9.900000e+01
  5004	2.502250e+01	1.080000e+02
  5005	2.502750e+01	1.070000e+02
  5006	2.503250e+01	1.040000e+02
  5007	2.503750e+01	1.050000e+02
  5008	2.504250e+01	9.800000e+01
  5009	2.504750e+01	1.190000e+02
  5010	2.505250e+01	8.500000e+01
  5011	2.505750e+01	1.010000e+02
  5012	2.506250e+01	9.700000e+01
  5013	2.506750e+01	9.600000e+01
  5014	2.507250e+01	1.050000e+02
  5015	2.507750e+01	8.700000e+01
  5016	2.508250e+01	1.000000e+02
  5017	2.508750e+01	1.070000e+02
  5018	2.509250e+01	8.500000e+01
  5019	2.509750e+01	9.200000e+01
  5020	2.510250e+01	1.010000e+02
  5021	2.510750e+01	7.900000e+01
  5022	2.511250e+01	8.500000e+01
  5023	2.511750e+01	1.170000e+02
  5024	2.512250e+01	1.120000e+02
  5025	2.512750e+01	1.120000e+02
  5026	2.513250e+01	1.070000e+02
  5027	2.513750e+01	8.300000e+01
  5028	2.514250e+01	8.700000e+01
  5029	2.514750e+01	9.100000e+01
  5030	2.515250e+01	9.600000e+01
  5031	2.515750e+01	8.500000e+01
  5032	2.516250e+01	9.300000e+01
  5033	2.516750e+01	1.020000e+02
  5034	2.517250e+01	1.010000e+02
  5035	2.517750e+01	9.300000e+01
  5036	2.518250e+01	7.800000e+01
  5037	2.518750e+01	1.120000e+02
  5038	2.519250e+01	9.400000e+01
  5039	2.519750e+01	9.500000e+01
  5040	2.520250e+01	1.000000e+02
  5041	2.520750e+01	9.800000e+01
  5042	2.521250e+01	1.020000e+02
  5043	2.521750e+01	1.120000e+02
  5044	2.522250e+01	1.030000e+02
  5045	2.522750e+01	7.800000e+01
  5046	2.523250e+01	8.600000e+01
  5047	2.523750e+01	8.800000e+01
  5048	2.524250e+01	1.010000e+02
  5049	2.524750e+01	9.000000e+01
  5050	2.525250e+01	9.600000e+01
  5051	2.525750e+01	9.200000e+01
  5052	2.526250e+01	9.700000e+01
  5053	2.526750e+01	9.200000e+01
  5054	2.527250e+01	8.700000e+01
  5055	2.527750e+01	9.100000e+01
  5056	2.528250e+01	1.160000e+02
  5057	2.528750e+01	8.800000e+01
  5058	2.529250e+01	1.120000e+02
  5059	2.529750e+01	1.100000e+02
  5060	2.530250e+01	1.060000e+02
  5061	2.530750e+01	9.000000e+01
  5062	2.531250e+01	9.600000e+01
  5063	2.531750e+01	9.300000e+01
  5064	2.532250e+01	1.060000e+02
  5065	2.532750e+01	1.010000e+02
  5066	2.533250e+01	1.010000e+02
  5067	2.533750e+01	7.900000e+01
  5068	2.534250e+01	1.010000e+02
  5069	2.534750e+01	1.070000e+02
  5070	2.535250e+01	9.500000e+01
  5071	2.535750e+01	9.500000e+01
  5072	2.536250e+01	1.160000e+02
  5073	2.536750e+01	1.080000e+02
  5074	2.537250e+01	9.500000e+01
  5075	2.537750e+01	7.400000e+01
  5076	2.538250e+01	9.900000e+01
  5077	2.538750e+01	1.120000e+02
  5078	2.539250e+01	9.100000e+01
  5079	2.539750e+01	9.200000e+01
  5080	2.540250e+01	9.300000e+01
  5081	2.540750e+01	8.600000e+01
  5082	2.541250e+01	8.700000e+01
  5083	2.541750e+01	9.700000e+01
  5084	2.542250e+01	9.900000e+01
  5085	2.542750e+01	9.000000e+01
  5086	2.543250e+01	9.700000e+01
  5087	2.543750e+01	8.100000e+01
  5088	2.544250e+01	1.090000e+02
  5089	2.544750e+01	1.000000e+02
  5090	2.545250e+01	8.700000e+01
  5091	2.545750e+01	8.100000e+01
  5092	2.546250e+01	1.060000e+02
  5093	2.546750e+01	8.800000e+01
  5094	2.547250e+01	9.800000e+01
  5095	2.547750e+01	8.300000e+01
  5096	2.548250e+01	1.020000e+02
  5097	2.548750e+01	8.600000e+01
  5098	2.549250e+01	7.500000e+01
  5099	2.549750e+01	8.200000e+01
  5100	2.550250e+01	8.900000e+01
  5101	2.550750e+01	9.300000e+01
  5102	2.551250e+01	1.000000e+02
  5103	2.551750e+01	9.200000e+01
  5104	2.552250e+01	9.600000e+01
  5105	2.552750e+01	1.050000e+02
  5106	2.553250e+01	8.700000e+01
  5107	2.553750e+01	9.000000e+01
  5108	2.554250e+01	1.090000e+02
  5109	2.554750e+01	1.020000e+02
  5110	2.555250e+01	8.700000e+01
  5111	2.555750e+01	9.400000e+01
  5112	2.556250e+01	9.500000e+01
  5113	2.556750e+01	8.800000e+01
  5114	2.557250e+01	1.040000e+02
  5115	2.557750e+01	1.060000e+02
  5116	2.558250e+01	8.100000e+01
  5117	2.558750e+01	7.700000e+01
  5118	2.559250e+01	1.150000e+02
  5119	2.559750e+01	9.200000e+01
  5120	2.560250e+01	6.900000e+01
  5121	2.560750e+01	7.900000e+01
  5122	2.561250e+01	1.020000e+02
  5123	2.561750e+01	8.700000e+01
  5124	2.562250e+01	8.100000e+01
  5125	2.562750e+01	8.500000e+01
  5126	2.563250e+01	1.060000e+02
  5127	2.563750e+01	8.300000e+01
  5128	2.564250e+01	1.040000e+02
  5129	2.564750e+01	9.300000e+01
  5130	2.565250e+01	9.000000e+01
  5131	2.565750e+01	1.000000e+02
  5132	2.566250e+01	8.600000e+01
  5133	2.566750e+01	1.010000e+02
  5134	2.567250e+01	9.600000e+01
  5135	2.567750e+01	7.800000e+01
  5136	2.568250e+01	8.900000e+01
  5137	2.568750e+01	8.100000e+01
  5138	2.569250e+01	6.800000e+01
  5139	2.569750e+01	1.000000e+02
  5140	2.570250e+01	9.400000e+01
  5141	2.570750e+01	8.400000e+01
  5142	2.571250e+01	9.900000e+01
  5143	2.571750e+01	9.400000e+01
  5144	2.572250e+01	8.700000e+01
  5145	2.572750e+01	8.000000e+01
  5146	2.573250e+01	9.800000e+01
  5147	2.573750e+01	8.400000e+01
  5148	2.574250e+01	8.000000e+01
  5149	2.574750e+01	7.900000e+01
  5150	2.575250e+01	8.300000e+01
  5151	2.575750e+01	7.300000e+01
  5152	2.576250e+01	9.300000e+01
  5153	2.576750e+01	1.030000e+02
  5154	2.577250e+01	8.800000e+01
  5155	2.577750e+01	8.100000e+01
  5156	2.578250e+01	1.040000e+02
  5157	2.578750e+01	9.300000e+01
  5158	2.579250e+01	7.700000e+01
  5159	2.579750e+01	9.400000e+01
  5160	2.580250e+01	9.800000e+01
  5161	2.580750e+01	8.200000e+01
  5162	2.581250e+01	8.500000e+01
  5163	2.581750e+01	1.000000e+02
  5164	2.582250e+01	9.900000e+01
  5165	2.582750e+01	7.800000e+01
  5166	2.583250e+01	8.200000e+01
  5167	2.583750e+01	7.400000e+01
  5168	2.584250e+01	6.900000e+01
  5169	2.584750e+01	9.600000e+01
  5170	2.585250e+01	9.300000e+01
  5171	2.585750e+01	8.000000e+01
  5172	2.586250e+01	8.800000e+01
  5173	2.586750e+01	8.300000e+01
  5174	2.587250e+01	1.020000e+02
  5175	2.587750e+01	7.500000e+01
  5176	2.588250e+01	1.080000e+02
  5177	2.588750e+01	9.300000e+01
  5178	2.589250e+01	9.100000e+01
  5179	2.589750e+01	8.000000e+01
  5180	2.590250e+01	7.400000e+01
  5181	2.590750e+01	8.800000e+01
  5182	2.591250e+01	8.700000e+01
  5183	2.591750e+01	8.600000e+01
  5184	2.592250e+01	8.400000e+01
  5185	2.592750e+01	8.200000e+01
  5186	2.593250e+01	9.400000e+01
  5187	2.593750e+01	9.200000e+01
  5188	2.594250e+01	8.700000e+01
  5189	2.594750e+01	6.500000e+01
  5190	2.595250e+01	7.400000e+01
  5191	2.595750e+01	8.000000e+01
  5192	2.596250e+01	9.200000e+01
  5193	2.596750e+01	7.800000e+01
  5194	2.597250e+01	9.500000e+01
  5195	2.597750e+01	8.800000e+01
  5196	2.598250e+01	9.800000e+01
  5197	2.598750e+01	8.400000e+01
  5198	2.599250e+01	7.300000e+01
  5199	2.599750e+01	9.200000e+01
  5200	2.600250e+01	6.900000e+01
  5201	2.600750e+01	7.800000e+01
  5202	2.601250e+01	7.400000e+01
  5203	2.601750e+01	9.600000e+01
  5204	2.602250e+01	8.700000e+01
  5205	2.602750e+01	7.700000e+01
  5206	2.603250e+01	9.000000e+01
  5207	2.603750e+01	6.200000e+01
  5208	2.604250e+01	1.020000e+02
  5209	2.604750e+01	9.900000e+01
  5210	2.605250e+01	7.600000e+01
  5211	2.605750e+01	7.200000e+01
  5212	2.606250e+01	8.300000e+01
  5213	2.606750e+01	7.700000e+01
  5214	2.607250e+01	1.000000e+02
  5215	2.607750e+01	8.900000e+01
  5216	2.608250e+01	8.100000e+01
  5217	2.608750e+01	8.700000e+01
  5218	2.609250e+01	7.700000e+01
  5219	2.609750e+01	8.800000e+01
  5220	2.610250e+01	9.700000e+01
  5221	2.610750e+01	9.400000e+01
  5222	2.611250e+01	1.020000e+02
  5223	2.611750e+01	9.900000e+01
  5224	2.612250e+01	9.600000e+01
  5225	2.612750e+01	9.600000e+01
  5226	2.613250e+01	8.600000e+01
  5227	2.613750e+01	8.300000e+01
  5228	2.614250e+01	7.200000e+01
  5229	2.614750e+01	8.400000e+01
  5230	2.615250e+01	8.600000e+01
  5231	2.615750e+01	7.500000e+01
  5232	2.616250e+01	7.400000e+01
  5233	2.616750e+01	8.500000e+01
  5234	2.617250e+01	8.500000e+01
  5235	2.617750e+01	9.400000e+01
  5236	2.618250e+01	7.200000e+01
  5237	2.618750e+01	7.900000e+01
  5238	2.619250e+01	8.200000e+01
  5239	2.619750e+01	7.600000e+01
  5240	2.620250e+01	8.200000e+01
  5241	2.620750e+01	7.600000e+01
  5242	2.621250e+01	8.500000e+01
  5243	2.621750e+01	7.400000e+01
  5244	2.622250e+01	7.900000e+01
  5245	2.622750e+01	9.600000e+01
  5246	2.623250e+01	7.000000e+01
  5247	2.623750e+01	1.040000e+02
  5248	2.624250e+01	9.900000e+01
  5249	2.624750e+01	7.900000e+01
  5250	2.625250e+01	7.000000e+01
  5251	2.625750e+01	7.500000e+01
  5252	2.626250e+01	7.100000e+01
  5253	2.626750e+01	7.900000e+01
  5254	2.627250e+01	8.400000e+01
  5255	2.627750e+01	7.200000e+01
  5256	2.628250e+01	8.600000e+01
  5257	2.628750e+01	7.800000e+01
  5258	2.629250e+01	8.100000e+01
  5259	2.629750e+01	8.600000e+01
  5260	2.630250e+01	8.500000e+01
  5261	2.630750e+01	6.500000e+01
  5262	2.631250e+01	7.900000e+01
  5263	2.631750e+01	1.070000e+02
  5264	2.632250e+01	8.200000e+01
  5265	2.632750e+01	9.000000e+01
  5266	2.633250e+01	8.700000e+01
  5267	2.633750e+01	6.100000e+01
  5268	2.634250e+01	8.100000e+01
  5269	2.634750e+01	8.100000e+01
  5270	2.635250e+01	8.200000e+01
  5271	2.635750e+01	9.400000e+01
  5272	2.636250e+01	7.100000e+01
  5273	2.636750e+01	8.100000e+01
  5274	2.637250e+01	7.600000e+01
  5275	2.637750e+01	9.100000e+01
  5276	2.638250e+01	6.600000e+01
  5277	2.638750e+01	7.700000e+01
  5278	2.639250e+01	8.300000e+01
  5279	2.639750e+01	8.000000e+01
  5280	2.640250e+01	9.000000e+01
  5281	2.640750e+01	8.400000e+01
  5282	2.641250e+01	8.000000e+01
  5283	2.641750e+01	9.100000e+01
  5284	2.642250e+01	9.000000e+01
  5285	2.642750e+01	7.400000e+01
  5286	2.643250e+01	9.400000e+01
  5287	2.643750e+01	5.900000e+01
  5288	2.644250e+01	8.700000e+01
  5289	2.644750e+01	7.100000e+01
  5290	2.645250e+01	8.700000e+01
  5291	2.645750e+01	8.700000e+01
  5292	2.646250e+01	9.600000e+01
  5293	2.646750e+01	6.700000e+01
  5294	2.647250e+01	8.600000e+01
  5295	2.647750e+01	7.900000e+01
  5296	2.648250e+01	7.900000e+01
  5297	2.648750e+01	7.300000e+01
  5298	2.649250e+01	6.300000e+01
  5299	2.649750e+01	7.500000e+01
  5300	2.650250e+01	8.300000e+01
  5301	2.650750e+01	9.700000e+01
  5302	2.651250e+01	8.600000e+01
  5303	2.651750e+01	8.600000e+01
  5304	2.652250e+01	7.000000e+01
  5305	2.652750e+01	8.200000e+01
  5306	2.653250e+01	8.000000e+01
  5307	2.653750e+01	6.400000e+01
  5308	2.654250e+01	9.300000e+01
  5309	2.654750e+01	6.400000e+01
  5310	2.655250e+01	8.400000e+01
  5311	2.655750e+01	7.600000e+01
  5312	2.656250e+01	7.100000e+01
  5313	2.656750e+01	9.400000e+01
  5314	2.657250e+01	7.600000e+01
  5315	2.657750e+01	8.000000e+01
  5316	2.658250e+01	6.800000e+01
  5317	2.658750e+01	7.000000e+01
  5318	2.659250e+01	7.500000e+01
  5319	2.659750e+01	7.700000e+01
  5320	2.660250e+01	9.800000e+01
  5321	2.660750e+01	7.700000e+01
  5322	2.661250e+01	8.700000e+01
  5323	2.661750e+01	8.200000e+01
  5324	2.662250e+01	7.400000e+01
  5325	2.662750e+01	7.100000e+01
  5326	2.663250e+01	8.900000e+01
  5327	2.663750e+01	8.600000e+01
  5328	2.664250e+01	8.300000e+01
  5329	2.664750e+01	8.600000e+01
  5330	2.665250e+01	8.600000e+01
  5331	2.665750e+01	8.600000e+01
  5332	2.666250e+01	6.900000e+01
  5333	2.666750e+01	7.500000e+01
  5334	2.667250e+01	7.500000e+01
  5335	2.667750e+01	9.500000e+01
  5336	2.668250e+01	8.600000e+01
  5337	2.668750e+01	7.300000e+01
  5338	2.669250e+01	7.500000e+01
  5339	2.669750e+01	7.500000e+01
  5340	2.670250e+01	8.300000e+01
  5341	2.670750e+01	7.900000e+01
  5342	2.671250e+01	8.000000e+01
  5343	2.671750e+01	7.500000e+01
  5344	2.672250e+01	9.300000e+01
  5345	2.672750e+01	8.000000e+01
  5346	2.673250e+01	7.100000e+01
  5347	2.673750e+01	7.900000e+01
  5348	2.674250e+01	7.300000e+01
  5349	2.674750e+01	8.200000e+01
  5350	2.675250e+01	9.400000e+01
  5351	2.675750e+01	8.700000e+01
  5352	2.676250e+01	7.500000e+01
  5353	2.676750e+01	8.400000e+01
  5354	2.677250e+01	7.900000e+01
  5355	2.677750e+01	7.600000e+01
  5356	2.678250e+01	8.000000e+01
  5357	2.678750e+01	8.000000e+01
  5358	2.679250e+01	7.800000e+01
  5359	2.679750e+01	7.900000e+01
  5360	2.680250e+01	7.400000e+01
  5361	2.680750e+01	8.000000e+01
  5362	2.681250e+01	7.400000e+01
  5363	2.681750e+01	7.500000e+01
  5364	2.682250e+01	9.400000e+01
  5365	2.682750e+01	6.900000e+01
  5366	2.683250e+01	7.300000e+01
  5367	2.683750e+01	7.500000e+01
  5368	2.684250e+01	7.800000e+01
  5369	2.684750e+01	6.900000e+01
  5370	2.685250e+01	8.500000e+01
  5371	2.685750e+01	6.900000e+01
  5372	2.686250e+01	7.000000e+01
  5373	2.686750e+01	7.400000e+01
  5374	2.687250e+01	7.600000e+01
  5375	2.687750e+01	8.200000e+01
  5376	2.688250e+01	8.400000e+01
  5377	2.688750e+01	7.500000e+01
  5378	2.689250e+01	7.200000e+01
  5379	2.689750e+01	6.400000e+01
  5380	2.690250e+01	7.300000e+01
  5381	2.690750e+01	6.600000e+01
  5382	2.691250e+01	7.800000e+01
  5383	2.691750e+01	7.800000e+01
  5384	2.692250e+01	7.400000e+01
  5385	2.692750e+01	8.500000e+01
  5386	2.693250e+01	5.800000e+01
  5387	2.693750e+01	9.800000e+01
  5388	2.694250e+01	8.200000e+01
  5389	2.694750e+01	7.700000e+01
  5390	2.695250e+01	7.400000e+01
  5391	2.695750e+01	6.800000e+01
  5392	2.696250e+01	6.900000e+01
  5393	2.696750e+01	6.500000e+01
  5394	2.697250e+01	6.600000e+01
  5395	2.697750e+01	7.200000e+01
  5396	2.698250e+01	7.000000e+01
  5397	2.698750e+01	8.500000e+01
  5398	2.699250e+01	6.300000e+01
  5399	2.699750e+01	6.700000e+01
  5400	2.700250e+01	6.700000e+01
  5401	2.700750e+01	7.800000e+01
  5402	2.701250e+01	6.400000e+01
  5403	2.701750e+01	7.600000e+01
  5404	2.702250e+01	8.200000e+01
  5405	2.702750e+01	6.600000e+01
  5406	2.703250e+01	8.600000e+01
  5407	2.703750e+01	6.400000e+01
  5408	2.704250e+01	5.900000e+01
  5409	2.704750e+01	9.700000e+01
  5410	2.705250e+01	7.400000e+01
  5411	2.705750e+01	7.200000e+01
  5412	2.706250e+01	5.700000e+01
  5413	2.706750e+01	7.500000e+01
  5414	2.707250e+01	5.700000e+01
  5415	2.707750e+01	7.500000e+01
  5416	2.708250e+01	7.500000e+01
  5417	2.708750e+01	6.500000e+01
  5418	2.709250e+01	7.600000e+01
  5419	2.709750e+01	7.700000e+01
  5420	2.710250e+01	7.100000e+01
  5421	2.710750e+01	8.300000e+01
  5422	2.711250e+01	8.500000e+01
  5423	2.711750e+01	8.600000e+01
  5424	2.712250e+01	7.300000e+01
  5425	2.712750e+01	6.700000e+01
  5426	2.713250e+01	7.200000e+01
  5427	2.713750e+01	6.300000e+01
  5428	2.714250e+01	6.800000e+01
  5429	2.714750e+01	6.900000e+01
  5430	2.715250e+01	7.900000e+01
  5431	2.715750e+01	7.300000e+01
  5432	2.716250e+01	8.500000e+01
  5433	2.716750e+01	7.400000e+01
  5434	2.717250e+01	7.400000e+01
  5435	2.717750e+01	5.300000e+01
  5436	2.718250e+01	7.500000e+01
  5437	2.718750e+01	6.400000e+01
  5438	2.719250e+01	6.100000e+01
  5439	2.719750e+01	6.400000e+01
  5440	2.720250e+01	6.900000e+01
  5441	2.720750e+01	7.600000e+01
  5442	2.721250e+01	6.900000e+01
  5443	2.721750e+01	6.500000e+01
  5444	2.722250e+01	5.700000e+01
  5445	2.722750e+01	7.000000e+01
  5446	2.723250e+01	7.600000e+01
  5447	2.723750e+01	7.400000e+01
  5448	2.724250e+01	8.200000e+01
  5449	2.724750e+01	5.800000e+01
  5450	2.725250e+01	6.100000e+01
  5451	2.725750e+01	7.800000e+01
  5452	2.726250e+01	7.100000e+01
  5453	2.726750e+01	6.300000e+01
  5454	2.727250e+01	6.100000e+01
  5455	2.727750e+01	7.500000e+01
  5456	2.728250e+01	8.100000e+01
  5457	2.728750e+01	6.300000e+01
  5458	2.729250e+01	7.900000e+01
  5459	2.729750e+01	7.000000e+01
  5460	2.730250e+01	6.300000e+01
  5461	2.730750e+01	8.300000e+01
  5462	2.731250e+01	7.400000e+01
  5463	2.731750e+01	6.100000e+01
  5464	2.732250e+01	6.400000e+01
  5465	2.732750e+01	7.600000e+01
  5466	2.733250e+01	6.700000e+01
  5467	2.733750e+01	8.100000e+01
  5468	2.734250e+01	8.400000e+01
  5469	2.734750e+01	8.300000e+01
  5470	2.735250e+01	6.800000e+01
  5471	2.735750e+01	6.700000e+01
  5472	2.736250e+01	6.600000e+01
  5473	2.736750e+01	7.800000e+01
  5474	2.737250e+01	7.300000e+01
  5475	2.737750e+01	6.400000e+01
  5476	2.738250e+01	7.500000e+01
  5477	2.738750e+01	7.200000e+01
  5478	2.739250e+01	5.300000e+01
  5479	2.739750e+01	7.300000e+01
  5480	2.740250e+01	6.900000e+01
  5481	2.740750e+01	6.900000e+01
  5482	2.741250e+01	8.800000e+01
  5483	2.741750e+01	8.500000e+01
  5484	2.742250e+01	6.200000e+01
  5485	2.742750e+01	6.700000e+01
  5486	2.743250e+01	6.500000e+01
  5487	2.743750e+01	6.600000e+01
  5488	2.744250e+01	6.600000e+01
  5489	2.744750e+01	5.800000e+01
  5490	2.745250e+01	7.800000e+01
  5491	2.745750e+01	7.800000e+01
  5492	2.746250e+01	6.700000e+01
  5493	2.746750e+01	7.100000e+01
  5494	2.747250e+01	8.400000e+01
  5495	2.747750e+01	6.700000e+01
  5496	2.748250e+01	7.100000e+01
  5497	2.748750e+01	6.300000e+01
  5498	2.749250e+01	6.800000e+01
  5499	2.749750e+01	7.500000e+01
  5500	2.750250e+01	6.800000e+01
  5501	2.750750e+01	6.700000e+01
  5502	2.751250e+01	6.700000e+01
  5503	2.751750e+01	7.100000e+01
  5504	2.752250e+01	7.000000e+01
  5505	2.752750e+01	8.100000e+01
  5506	2.753250e+01	7.000000e+01
  5507	2.753750e+01	6.300000e+01
  5508	2.754250e+01	7.800000e+01
  5509	2.754750e+01	6.000000e+01
  5510	2.755250e+01	6.300000e+01
  5511	2.755750e+01	6.200000e+01
  5512	2.756250e+01	7.000000e+01
  5513	2.756750e+01	6.900000e+01
  5514	2.757250e+01	7.500000e+01
  5515	2.757750e+01	7.100000e+01
  5516	2.758250e+01	7.900000e+01
  5517	2.758750e+01	6.500000e+01
  5518	2.759250e+01	7.700000e+01
  5519	2.759750e+01	5.600000e+01
  5520	2.760250e+01	7.100000e+01
  5521	2.760750e+01	5.300000e+01
  5522	2.761250e+01	5.700000e+01
  5523	2.761750e+01	8.100000e+01
  5524	2.762250e+01	5.600000e+01
  5525	2.762750e+01	6.100000e+01
  5526	2.763250e+01	6.500000e+01
  5527	2.763750e+01	7.000000e+01
  5528	2.764250e+01	7.900000e+01
  5529	2.764750e+01	6.600000e+01
  5530	2.765250e+01	7.200000e+01
  5531	2.765750e+01	7.000000e+01
  5532	2.766250e+01	5.900000e+01
  5533	2.766750e+01	7.600000e+01
  5534	2.767250e+01	7.600000e+01
  5535	2.767750e+01	6.500000e+01
  5536	2.768250e+01	7.300000e+01
  5537	2.768750e+01	5.800000e+01
  5538	2.769250e+01	5.100000e+01
  5539	2.769750e+01	7.900000e+01
  5540	2.770250e+01	7.500000e+01
  5541	2.770750e+01	7.100000e+01
  5542	2.771250e+01	6.200000e+01
  5543	2.771750e+01	8.100000e+01
  5544	2.772250e+01	6.800000e+01
  5545	2.772750e+01	6.200000e+01
  5546	2.773250e+01	4.900000e+01
  5547	2.773750e+01	7.700000e+01
  5548	2.774250e+01	7.100000e+01
  5549	2.774750e+01	6.400000e+01
  5550	2.775250e+01	6.000000e+01
  5551	2.775750e+01	5.500000e+01
  5552	2.776250e+01	6.000000e+01
  5553	2.776750e+01	6.200000e+01
  5554	2.777250e+01	6.200000e+01
  5555	2.777750e+01	7.000000e+01
  5556	2.778250e+01	5.900000e+01
  5557	2.778750e+01	6.500000e+01
  5558	2.779250e+01	7.200000e+01
  5559	2.779750e+01	6.000000e+01
  5560	2.780250e+01	7.800000e+01
  5561	2.780750e+01	6.600000e+01
  5562	2.781250e+01	5.900000e+01
  5563	2.781750e+01	6.300000e+01
  5564	2.782250e+01	7.200000e+01
  5565	2.782750e+01	5.400000e+01
  5566	2.783250e+01	7.400000e+01
  5567	2.783750e+01	6.600000e+01
  5568	2.784250e+01	6.900000e+01
  5569	2.784750e+01	6.800000e+01
  5570	2.785250e+01	6.600000e+01
  5571	2.785750e+01	6.400000e+01
  5572	2.786250e+01	6.900000e+01
  5573	2.786750e+01	7.800000e+01
  5574	2.787250e+01	6.200000e+01
  5575	2.787750e+01	5.900000e+01
  5576	2.788250e+01	8.400000e+01
  5577	2.788750e+01	6.400000e+01
  5578	2.789250e+01	6.000000e+01
  5579	2.789750e+01	7.100000e+01
  5580	2.790250e+01	7.800000e+01
  5581	2.790750e+01	6.600000e+01
  5582	2.791250e+01	5.700000e+01
  5583	2.791750e+01	5.800000e+01
  5584	2.792250e+01	8.100000e+01
  5585	2.792750e+01	6.700000e+01
  5586	2.793250e+01	6.300000e+01
  5587	2.793750e+01	6.600000e+01
  5588	2.794250e+01	6.500000e+01
  5589	2.794750e+01	6.900000e+01
  5590	2.795250e+01	5.800000e+01
  5591	2.795750e+01	5.500000e+01
  5592	2.796250e+01	7.100000e+01
  5593	2.796750e+01	6.700000e+01
  5594	2.797250e+01	7.300000e+01
  5595	2.797750e+01	6.400000e+01
  5596	2.798250e+01	6.700000e+01
  5597	2.798750e+01	6.600000e+01
  5598	2.799250e+01	8.600000e+01
  5599	2.799750e+01	4.800000e+01
  5600	2.800250e+01	6.600000e+01
  5601	2.800750e+01	6.100000e+01
  5602	2.801250e+01	6.700000e+01
  5603	2.801750e+01	6.400000e+01
  5604	2.802250e+01	6.300000e+01
  5605	2.802750e+01	6.100000e+01
  5606	2.803250e+01	6.600000e+01
  5607	2.803750e+01	7.400000e+01
  5608	2.804250e+01	6.500000e+01
  5609	2.804750e+01	4.500000e+01
  5610	2.805250e+01	8.000000e+01
  5611	2.805750e+01	7.300000e+01
  5612	2.806250e+01	6.300000e+01
  5613	2.806750e+01	6.200000e+01
  5614	2.807250e+01	7.000000e+01
  5615	2.807750e+01	5.000000e+01
  5616	2.808250e+01	5.200000e+01
  5617	2.808750e+01	6.100000e+01
  5618	2.809250e+01	6.800000e+01
  5619	2.809750e+01	5.000000e+01
  5620	2.810250e+01	5.600000e+01
  5621	2.810750e+01	5.600000e+01
  5622	2.811250e+01	5.800000e+01
  5623	2.811750e+01	6.400000e+01
  5624	2.812250e+01	7.100000e+01
  5625	2.812750e+01	6.100000e+01
  5626	2.813250e+01	6.400000e+01
  5627	2.813750e+01	5.100000e+01
  5628	2.814250e+01	6.000000e+01
  5629	2.814750e+01	6.100000e+01
  5630	2.815250e+01	6.300000e+01
  5631	2.815750e+01	5.500000e+01
  5632	2.816250e+01	5.000000e+01
  5633	2.816750e+01	6.200000e+01
  5634	2.817250e+01	5.800000e+01
  5635	2.817750e+01	5.400000e+01
  5636	2.818250e+01	5.700000e+01
  5637	2.818750e+01	6.900000e+01
  5638	2.819250e+01	5.500000e+01
  5639	2.819750e+01	7.300000e+01
  5640	2.820250e+01	5.500000e+01
  5641	2.820750e+01	6.700000e+01
  5642	2.821250e+01	5.800000e+01
  5643	2.821750e+01	5.500000e+01
  5644	2.822250e+01	7.700000e+01
  5645	2.822750e+01	5.600000e+01
  5646	2.823250e+01	4.500000e+01
  5647	2.823750e+01	7.100000e+01
  5648	2.824250e+01	6.500000e+01
  5649	2.824750e+01	6.200000e+01
  5650	2.825250e+01	6.700000e+01
  5651	2.825750e+01	6.800000e+01
  5652	2.826250e+01	6.100000e+01
  5653	2.826750e+01	6.200000e+01
  5654	2.827250e+01	5.000000e+01
  5655	2.827750e+01	6.200000e+01
  5656	2.828250e+01	7.300000e+01
  5657	2.828750e+01	6.500000e+01
  5658	2.829250e+01	6.300000e+01
  5659	2.829750e+01	6.000000e+01
  5660	2.830250e+01	7.100000e+01
  5661	2.830750e+01	4.900000e+01
  5662	2.831250e+01	6.900000e+01
  5663	2.831750e+01	6.400000e+01
  5664	2.832250e+01	6.300000e+01
  5665	2.832750e+01	6.100000e+01
  5666	2.833250e+01	6.300000e+01
  5667	2.833750e+01	5.500000e+01
  5668	2.834250e+01	7.300000e+01
  5669	2.834750e+01	5.700000e+01
  5670	2.835250e+01	5.100000e+01
  5671	2.835750e+01	5.900000e+01
  5672	2.836250e+01	5.800000e+01
  5673	2.836750e+01	5.400000e+01
  5674	2.837250e+01	4.500000e+01
  5675	2.837750e+01	6.400000e+01
  5676	2.838250e+01	5.500000e+01
  5677	2.838750e+01	5.800000e+01
  5678	2.839250e+01	7.100000e+01
  5679	2.839750e+01	6.500000e+01
  5680	2.840250e+01	7.100000e+01
  5681	2.840750e+01	5.700000e+01
  5682	2.841250e+01	5.400000e+01
  5683	2.841750e+01	6.900000e+01
  5684	2.842250e+01	5.300000e+01
  5685	2.842750e+01	7.000000e+01
  5686	2.843250e+01	5.900000e+01
  5687	2.843750e+01	5.400000e+01
  5688	2.844250e+01	5.300000e+01
  5689	2.844750e+01	5.700000e+01
  5690	2.845250e+01	6.500000e+01
  5691	2.845750e+01	5.500000e+01
  5692	2.846250e+01	5.900000e+01
  5693	2.846750e+01	6.400000e+01
  5694	2.847250e+01	6.200000e+01
  5695	2.847750e+01	5.900000e+01
  5696	2.848250e+01	6.000000e+01
  5697	2.848750e+01	5.500000e+01
  5698	2.849250e+01	7.300000e+01
  5699	2.849750e+01	6.300000e+01
  5700	2.850250e+01	4.900000e+01
  5701	2.850750e+01	7.100000e+01
  5702	2.851250e+01	6.500000e+01
  5703	2.851750e+01	4.700000e+01
  5704	2.852250e+01	6.700000e+01
  5705	2.852750e+01	5.200000e+01
  5706	2.853250e+01	5.700000e+01
  5707	2.853750e+01	5.100000e+01
  5708	2.854250e+01	5.700000e+01
  5709	2.854750e+01	4.800000e+01
  5710	2.855250e+01	4.700000e+01
  5711	2.855750e+01	5.500000e+01
  5712	2.856250e+01	5.200000e+01
  5713	2.856750e+01	6.900000e+01
  5714	2.857250e+01	5.700000e+01
  5715	2.857750e+01	5.000000e+01
  5716	2.858250e+01	6.400000e+01
  5717	2.858750e+01	6.600000e+01
  5718	2.859250e+01	5.000000e+01
  5719	2.859750e+01	7.900000e+01
  5720	2.860250e+01	5.300000e+01
  5721	2.860750e+01	6.200000e+01
  5722	2.861250e+01	4.000000e+01
  5723	2.861750e+01	6.000000e+01
  5724	2.862250e+01	4.200000e+01
  5725	2.862750e+01	5.200000e+01
  5726	2.863250e+01	4.800000e+01
  5727	2.863750e+01	5.500000e+01
  5728	2.864250e+01	6.500000e+01
  5729	2.864750e+01	7.600000e+01
  5730	2.865250e+01	6.500000e+01
  5731	2.865750e+01	5.200000e+01
  5732	2.866250e+01	6.700000e+01
  5733	2.866750e+01	4.400000e+01
  5734	2.867250e+01	6.100000e+01
  5735	2.867750e+01	7.200000e+01
  5736	2.868250e+01	7.000000e+01
  5737	2.868750e+01	5.800000e+01
  5738	2.869250e+01	6.400000e+01
  5739	2.869750e+01	5.100000e+01
  5740	2.870250e+01	5.600000e+01
  5741	2.870750e+01	5.700000e+01
  5742	2.871250e+01	5.700000e+01
  5743	2.871750e+01	5.500000e+01
  5744	2.872250e+01	6.000000e+01
  5745	2.872750e+01	5.700000e+01
  5746	2.873250e+01	5.100000e+01
  5747	2.873750e+01	6.900000e+01
  5748	2.874250e+01	5.500000e+01
  5749	2.874750e+01	5.800000e+01
  5750	2.875250e+01	5.200000e+01
  5751	2.875750e+01	6.000000e+01
  5752	2.876250e+01	5.600000e+01
  5753	2.876750e+01	6.100000e+01
  5754	2.877250e+01	5.100000e+01
  5755	2.877750e+01	6.300000e+01
  5756	2.878250e+01	4.700000e+01
  5757	2.878750e+01	7.400000e+01
  5758	2.879250e+01	7.100000e+01
  5759	2.879750e+01	5.400000e+01
  5760	2.880250e+01	5.100000e+01
  5761	2.880750e+01	5.700000e+01
  5762	2.881250e+01	6.200000e+01
  5763	2.881750e+01	6.000000e+01
  5764	2.882250e+01	5.200000e+01
  5765	2.882750e+01	4.800000e+01
  5766	2.883250e+01	5.900000e+01
  5767	2.883750e+01	4.900000e+01
  5768	2.884250e+01	5.800000e+01
  5769	2.884750e+01	5.400000e+01
  5770	2.885250e+01	6.400000e+01
  5771	2.885750e+01	4.200000e+01
  5772	2.886250e+01	6.400000e+01
  5773	2.886750e+01	6.400000e+01
  5774	2.887250e+01	5.000000e+01
  5775	2.887750e+01	5.900000e+01
  5776	2.888250e+01	5.800000e+01
  5777	2.888750e+01	5.700000e+01
  5778	2.889250e+01	4.300000e+01
  5779	2.889750e+01	7.000000e+01
  5780	2.890250e+01	5.300000e+01
  5781	2.890750e+01	5.000000e+01
  5782	2.891250e+01	5.300000e+01
  5783	2.891750e+01	5.700000e+01
  5784	2.892250e+01	6.800000e+01
  5785	2.892750e+01	5.800000e+01
  5786	2.893250e+01	5.300000e+01
  5787	2.893750e+01	6.200000e+01
  5788	2.894250e+01	6.300000e+01
  5789	2.894750e+01	6.300000e+01
  5790	2.895250e+01	6.300000e+01
  5791	2.895750e+01	5.200000e+01
  5792	2.896250e+01	3.900000e+01
  5793	2.896750e+01	5.900000e+01
  5794	2.897250e+01	5.800000e+01
  5795	2.897750e+01	4.900000e+01
  5796	2.898250e+01	5.100000e+01
  5797	2.898750e+01	6.500000e+01
  5798	2.899250e+01	4.200000e+01
  5799	2.899750e+01	5.400000e+01
  5800	2.900250e+01	6.600000e+01
  5801	2.900750e+01	5.700000e+01
  5802	2.901250e+01	4.700000e+01
  5803	2.901750e+01	4.400000e+01
  5804	2.902250e+01	5.100000e+01
  5805	2.902750e+01	5.700000e+01
  5806	2.903250e+01	7.300000e+01
  5807	2.903750e+01	5.600000e+01
  5808	2.904250e+01	6.400000e+01
  5809	2.904750e+01	6.000000e+01
  5810	2.905250e+01	4.500000e+01
  5811	2.905750e+01	5.400000e+01
  5812	2.906250e+01	4.400000e+01
  5813	2.906750e+01	5.500000e+01
  5814	2.907250e+01	6.500000e+01
  5815	2.907750e+01	5.000000e+01
  5816	2.908250e+01	5.200000e+01
  5817	2.908750e+01	4.700000e+01
  5818	2.909250e+01	6.000000e+01
  5819	2.909750e+01	5.200000e+01
  5820	2.910250e+01	5.900000e+01
  5821	2.910750e+01	4.300000e+01
  5822	2.911250e+01	3.800000e+01
  5823	2.911750e+01	5.500000e+01
  5824	2.912250e+01	5.200000e+01
  5825	2.912750e+01	4.800000e+01
  5826	2.913250e+01	4.800000e+01
  5827	2.913750e+01	6.400000e+01
  5828	2.914250e+01	5.600000e+01
  5829	2.914750e+01	6.100000e+01
  5830	2.915250e+01	4.200000e+01
  5831	2.915750e+01	5.300000e+01
  5832	2.916250e+01	6.100000e+01
  5833	2.916750e+01	6.100000e+01
  5834	2.917250e+01	6.900000e+01
  5835	2.917750e+01	5.500000e+01
  5836	2.918250e+01	5.500000e+01
  5837	2.918750e+01	6.300000e+01
  5838	2.919250e+01	5.700000e+01
  5839	2.919750e+01	6.200000e+01
  5840	2.920250e+01	4.800000e+01
  5841	2.920750e+01	6.200000e+01
  5842	2.921250e+01	5.300000e+01
  5843	2.921750e+01	5.600000e+01
  5844	2.922250e+01	4.900000e+01
  5845	2.922750e+01	5.000000e+01
  5846	2.923250e+01	5.000000e+01
  5847	2.923750e+01	5.600000e+01
  5848	2.924250e+01	5.400000e+01
  5849	2.924750e+01	6.100000e+01
  5850	2.925250e+01	7.500000e+01
  5851	2.925750e+01	5.900000e+01
  5852	2.926250e+01	5.100000e+01
  5853	2.926750e+01	3.400000e+01
  5854	2.927250e+01	4.900000e+01
  5855	2.927750e+01	5.900000e+01
  5856	2.928250e+01	3.800000e+01
  5857	2.928750e+01	4.600000e+01
  5858	2.929250e+01	6.000000e+01
  5859	2.929750e+01	5.700000e+01
  5860	2.930250e+01	4.200000e+01
  5861	2.930750e+01	5.100000e+01
  5862	2.931250e+01	4.900000e+01
  5863	2.931750e+01	6.600000e+01
  5864	2.932250e+01	4.900000e+01
  5865	2.932750e+01	5.200000e+01
  5866	2.933250e+01	4.500000e+01
  5867	2.933750e+01	4.200000e+01
  5868	2.934250e+01	4.300000e+01
  5869	2.934750e+01	6.100000e+01
  5870	2.935250e+01	5.900000e+01
  5871	2.935750e+01	5.500000e+01
  5872	2.936250e+01	5.100000e+01
  5873	2.936750e+01	5.600000e+01
  5874	2.937250e+01	6.100000e+01
  5875	2.937750e+01	5.700000e+01
  5876	2.938250e+01	4.300000e+01
  5877	2.938750e+01	5.300000e+01
  5878	2.939250e+01	6.000000e+01
  5879	2.939750e+01	5.400000e+01
  5880	2.940250e+01	6.100000e+01
  5881	2.940750e+01	4.500000e+01
  5882	2.941250e+01	5.100000e+01
  5883	2.941750e+01	5.100000e+01
  5884	2.942250e+01	4.900000e+01
  5885	2.942750e+01	5.200000e+01
  5886	2.943250e+01	5.300000e+01
  5887	2.943750e+01	4.900000e+01
  5888	2.944250e+01	5.300000e+01
  5889	2.944750e+01	6.200000e+01
  5890	2.945250e+01	5.100000e+01
  5891	2.945750e+01	5.300000e+01
  5892	2.946250e+01	4.400000e+01
  5893	2.946750e+01	6.000000e+01
  5894	2.947250e+01	4.000000e+01
  5895	2.947750e+01	4.800000e+01
  5896	2.948250e+01	4.800000e+01
  5897	2.948750e+01	5.800000e+01
  5898	2.949250e+01	5.400000e+01
  5899	2.949750e+01	4.500000e+01
  5900	2.950250e+01	5.900000e+01
  5901	2.950750e+01	4.800000e+01
  5902	2.951250e+01	4.800000e+01
  5903	2.951750e+01	4.900000e+01
  5904	2.952250e+01	4.700000e+01
  5905	2.952750e+01	4.400000e+01
  5906	2.953250e+01	4.700000e+01
  5907	2.953750e+01	5.300000e+01
  5908	2.954250e+01	4.100000e+01
  5909	2.954750e+01	5.600000e+01
  5910	2.955250e+01	5.300000e+01
  5911	2.955750e+01	3.600000e+01
  5912	2.956250e+01	5.000000e+01
  5913	2.956750e+01	4.900000e+01
  5914	2.957250e+01	5.300000e+01
  5915	2.957750e+01	3.800000e+01
  5916	2.958250e+01	5.900000e+01
  5917	2.958750e+01	4.300000e+01
  5918	2.959250e+01	3.400000e+01
  5919	2.959750e+01	5.000000e+01
  5920	2.960250e+01	3.900000e+01
  5921	2.960750e+01	5.600000e+01
  5922	2.961250e+01	4.800000e+01
  5923	2.961750e+01	5.500000e+01
  5924	2.962250e+01	5.200000e+01
  5925	2.962750e+01	5.800000e+01
  5926	2.963250e+01	5.200000e+01
  5927	2.963750e+01	5.400000e+01
  5928	2.964250e+01	4.300000e+01
  5929	2.964750e+01	4.500000e+01
  5930	2.965250e+01	6.200000e+01
  5931	2.965750e+01	4.700000e+01
  5932	2.966250e+01	5.100000e+01
  5933	2.966750e+01	6.300000e+01
  5934	2.967250e+01	6.000000e+01
  5935	2.967750e+01	5.500000e+01
  5936	2.968250e+01	3.500000e+01
  5937	2.968750e+01	3.900000e+01
  5938	2.969250e+01	5.400000e+01
  5939	2.969750e+01	4.300000e+01
  5940	2.970250e+01	6.200000e+01
  5941	2.970750e+01	5.000000e+01
  5942	2.971250e+01	5.800000e+01
  5943	2.971750e+01	4.800000e+01
  5944	2.972250e+01	4.700000e+01
  5945	2.972750e+01	5.300000e+01
  5946	2.973250e+01	4.500000e+01
  5947	2.973750e+01	4.500000e+01
  5948	2.974250e+01	4.900000e+01
  5949	2.974750e+01	4.900000e+01
  5950	2.975250e+01	4.900000e+01
  5951	2.975750e+01	5.700000e+01
  5952	2.976250e+01	5.900000e+01
  5953	2.976750e+01	6.600000e+01
  5954	2.977250e+01	5.600000e+01
  5955	2.977750e+01	4.600000e+01
  5956	2.978250e+01	5.200000e+01
  5957	2.978750e+01	5.800000e+01
  5958	2.979250e+01	4.700000e+01
  5959	2.979750e+01	5.200000e+01
  5960	2.980250e+01	5.600000e+01
  5961	2.980750e+01	5.500000e+01
  5962	2.981250e+01	5.400000e+01
  5963	2.981750e+01	5.600000e+01
  5964	2.982250e+01	4.700000e+01
  5965	2.982750e+01	5.800000e+01
  5966	2.983250e+01	3.900000e+01
  5967	2.983750e+01	5.900000e+01
  5968	2.984250e+01	5.900000e+01
  5969	2.984750e+01	4.200000e+01
  5970	2.985250e+01	5.000000e+01
  5971	2.985750e+01	4.900000e+01
  5972	2.986250e+01	4.500000e+01
  5973	2.986750e+01	4.500000e+01
  5974	2.987250e+01	4.000000e+01
  5975	2.987750e+01	4.300000e+01
  5976	2.988250e+01	3.600000e+01
  5977	2.988750e+01	5.200000e+01
  5978	2.989250e+01	4.600000e+01
  5979	2.989750e+01	5.700000e+01
  5980	2.990250e+01	4.200000e+01
  5981	2.990750e+01	4.700000e+01
  5982	2.991250e+01	5.000000e+01
  5983	2.991750e+01	5.000000e+01
  5984	2.992250e+01	5.300000e+01
  5985	2.992750e+01	5.900000e+01
  5986	2.993250e+01	4.500000e+01
  5987	2.993750e+01	4.200000e+01
  5988	2.994250e+01	5.400000e+01
  5989	2.994750e+01	4.700000e+01
  5990	2.995250e+01	5.600000e+01
  5991	2.995750e+01	4.300000e+01
  5992	2.996250e+01	3.900000e+01
  5993	2.996750e+01	5.900000e+01
  5994	2.997250e+01	5.300000e+01
  5995	2.997750e+01	4.700000e+01
  5996	2.998250e+01	4.900000e+01
  5997	2.998750e+01	4.600000e+01
  5998	2.999250e+01	5.600000e+01
  5999	2.999750e+01	4.500000e+01
  6000	3.000250e+01	5.200000e+01
  6001	3.000750e+01	4.900000e+01
  6002	3.001250e+01	4.600000e+01
  6003	3.001750e+01	5.600000e+01
  6004	3.002250e+01	6.000000e+01
  6005	3.002750e+01	5.200000e+01
  6006	3.003250e+01	4.400000e+01
  6007	3.003750e+01	5.100000e+01
  6008	3.004250e+01	4.800000e+01
  6009	3.004750e+01	4.600000e+01
  6010	3.005250e+01	4.400000e+01
  6011	3.005750e+01	4.000000e+01
  6012	3.006250e+01	5.600000e+01
  6013	3.006750e+01	5.700000e+01
  6014	3.007250e+01	4.800000e+01
  6015	3.007750e+01	3.400000e+01
  6016	3.008250e+01	4.800000e+01
  6017	3.008750e+01	5.300000e+01
  6018	3.009250e+01	3.900000e+01
  6019	3.009750e+01	5.800000e+01
  6020	3.010250e+01	5.400000e+01
  6021	3.010750e+01	4.500000e+01
  6022	3.011250e+01	4.300000e+01
  6023	3.011750e+01	4.600000e+01
  6024	3.012250e+01	5.000000e+01
  6025	3.012750e+01	4.600000e+01
  6026	3.013250e+01	4.000000e+01
  6027	3.013750e+01	4.300000e+01
  6028	3.014250e+01	4.900000e+01
  6029	3.014750e+01	5.300000e+01
  6030	3.015250e+01	5.200000e+01
  6031	3.015750e+01	4.900000e+01
  6032	3.016250e+01	4.200000e+01
  6033	3.016750e+01	4.400000e+01
  6034	3.017250e+01	4.200000e+01
  6035	3.017750e+01	4.700000e+01
  6036	3.018250e+01	5.600000e+01
  6037	3.018750e+01	4.800000e+01
  6038	3.019250e+01	4.600000e+01
  6039	3.019750e+01	4.600000e+01
  6040	3.020250e+01	4.600000e+01
  6041	3.020750e+01	4.500000e+01
  6042	3.021250e+01	4.700000e+01
  6043	3.021750e+01	4.700000e+01
  6044	3.022250e+01	4.300000e+01
  6045	3.022750e+01	4.000000e+01
  6046	3.023250e+01	4.300000e+01
  6047	3.023750e+01	4.900000e+01
  6048	3.024250e+01	5.000000e+01
  6049	3.024750e+01	4.000000e+01
  6050	3.025250e+01	5.600000e+01
  6051	3.025750e+01	4.400000e+01
  6052	3.026250e+01	5.000000e+01
  6053	3.026750e+01	4.100000e+01
  6054	3.027250e+01	4.900000e+01
  6055	3.027750e+01	3.800000e+01
  6056	3.028250e+01	3.400000e+01
  6057	3.028750e+01	4.100000e+01
  6058	3.029250e+01	4.700000e+01
  6059	3.029750e+01	5.600000e+01
  6060	3.030250e+01	3.300000e+01
  6061	3.030750e+01	5.200000e+01
  6062	3.031250e+01	4.300000e+01
  6063	3.031750e+01	5.200000e+01
  6064	3.032250e+01	5.000000e+01
  6065	3.032750e+01	5.400000e+01
  6066	3.033250e+01	2.900000e+01
  6067	3.033750e+01	4.300000e+01
  6068	3.034250e+01	5.100000e+01
  6069	3.034750e+01	6.200000e+01
  6070	3.035250e+01	4.700000e+01
  6071	3.035750e+01	3.700000e+01
  6072	3.036250e+01	3.800000e+01
  6073	3.036750e+01	4.800000e+01
  6074	3.037250e+01	4.900000e+01
  6075	3.037750e+01	4.400000e+01
  6076	3.038250e+01	4.100000e+01
  6077	3.038750e+01	5.300000e+01
  6078	3.039250e+01	5.300000e+01
  6079	3.039750e+01	4.300000e+01
  6080	3.040250e+01	4.500000e+01
  6081	3.040750e+01	4.600000e+01
  6082	3.041250e+01	4.500000e+01
  6083	3.041750e+01	4.400000e+01
  6084	3.042250e+01	4.200000e+01
  6085	3.042750e+01	4.100000e+01
  6086	3.043250e+01	4.800000e+01
  6087	3.043750e+01	3.900000e+01
  6088	3.044250e+01	4.800000e+01
  6089	3.044750e+01	4.200000e+01
  6090	3.045250e+01	4.700000e+01
  6091	3.045750e+01	4.900000e+01
  6092	3.046250e+01	4.600000e+01
  6093	3.046750e+01	4.200000e+01
  6094	3.047250e+01	4.100000e+01
  6095	3.047750e+01	4.000000e+01
  6096	3.048250e+01	4.400000e+01
  6097	3.048750e+01	4.400000e+01
  6098	3.049250e+01	4.700000e+01
  6099	3.049750e+01	6.000000e+01
  6100	3.050250e+01	4.800000e+01
  6101	3.050750e+01	4.200000e+01
  6102	3.051250e+01	4.800000e+01
  6103	3.051750e+01	2.900000e+01
  6104	3.052250e+01	4.000000e+01
  6105	3.052750e+01	4.400000e+01
  6106	3.053250e+01	5.300000e+01
  6107	3.053750e+01	3.200000e+01
  6108	3.054250e+01	5.000000e+01
  6109	3.054750e+01	4.000000e+01
  6110	3.055250e+01	4.100000e+01
  6111	3.055750e+01	4.700000e+01
  6112	3.056250e+01	4.900000e+01
  6113	3.056750e+01	4.900000e+01
  6114	3.057250e+01	5.800000e+01
  6115	3.057750e+01	4.600000e+01
  6116	3.058250e+01	5.100000e+01
  6117	3.058750e+01	3.600000e+01
  6118	3.059250e+01	3.400000e+01
  6119	3.059750e+01	4.500000e+01
  6120	3.060250e+01	4.000000e+01
  6121	3.060750e+01	5.700000e+01
  6122	3.061250e+01	5.000000e+01
  6123	3.061750e+01	4.800000e+01
  6124	3.062250e+01	4.400000e+01
  6125	3.062750e+01	4.900000e+01
  6126	3.063250e+01	4.300000e+01
  6127	3.063750e+01	3.700000e+01
  6128	3.064250e+01	3.800000e+01
  6129	3.064750e+01	5.000000e+01
  6130	3.065250e+01	5.100000e+01
  6131	3.065750e+01	5.200000e+01
  6132	3.066250e+01	4.900000e+01
  6133	3.066750e+01	4.500000e+01
  6134	3.067250e+01	5.000000e+01
  6135	3.067750e+01	4.300000e+01
  6136	3.068250e+01	4.100000e+01
  6137	3.068750e+01	3.100000e+01
  6138	3.069250e+01	4.100000e+01
  6139	3.069750e+01	3.100000e+01
  6140	3.070250e+01	4.700000e+01
  6141	3.070750e+01	3.700000e+01
  6142	3.071250e+01	4.200000e+01
  6143	3.071750e+01	4.900000e+01
  6144	3.072250e+01	3.900000e+01
  6145	3.072750e+01	4.100000e+01
  6146	3.073250e+01	3.000000e+01
  6147	3.073750e+01	4.900000e+01
  6148	3.074250e+01	4.400000e+01
  6149	3.074750e+01	3.500000e+01
  6150	3.075250e+01	4.300000e+01
  6151	3.075750e+01	5.000000e+01
  6152	3.076250e+01	4.100000e+01
  6153	3.076750e+01	3.800000e+01
  6154	3.077250e+01	4.500000e+01
  6155	3.077750e+01	4.800000e+01
  6156	3.078250e+01	3.700000e+01
  6157	3.078750e+01	3.900000e+01
  6158	3.079250e+01	3.700000e+01
  6159	3.079750e+01	3.300000e+01
  6160	3.080250e+01	4.100000e+01
  6161	3.080750e+01	3.600000e+01
  6162	3.081250e+01	2.800000e+01
  6163	3.081750e+01	4.200000e+01
  6164	3.082250e+01	3.500000e+01
  6165	3.082750e+01	3.900000e+01
  6166	3.083250e+01	4.000000e+01
  6167	3.083750e+01	3.200000e+01
  6168	3.084250e+01	2.900000e+01
  6169	3.084750e+01	3.700000e+01
  6170	3.085250e+01	3.400000e+01
  6171	3.085750e+01	3.600000e+01
  6172	3.086250e+01	4.300000e+01
  6173	3.086750e+01	3.800000e+01
  6174	3.087250e+01	4.900000e+01
  6175	3.087750e+01	3.800000e+01
  6176	3.088250e+01	3.600000e+01
  6177	3.088750e+01	4.500000e+01
  6178	3.089250e+01	4.200000e+01
  6179	3.089750e+01	3.400000e+01
  6180	3.090250e+01	3.800000e+01
  6181	3.090750e+01	5.100000e+01
  6182	3.091250e+01	4.800000e+01
  6183	3.091750e+01	4.700000e+01
  6184	3.092250e+01	3.400000e+01
  6185	3.092750e+01	4.700000e+01
  6186	3.093250e+01	4.500000e+01
  6187	3.093750e+01	3.300000e+01
  6188	3.094250e+01	4.800000e+01
  6189	3.094750e+01	4.000000e+01
  6190	3.095250e+01	4.100000e+01
  6191	3.095750e+01	4.300000e+01
  6192	3.096250e+01	4.400000e+01
  6193	3.096750e+01	3.300000e+01
  6194	3.097250e+01	4.100000e+01
  6195	3.097750e+01	4.100000e+01
  6196	3.098250e+01	3.900000e+01
  6197	3.098750e+01	4.000000e+01
  6198	3.099250e+01	3.700000e+01
  6199	3.099750e+01	4.000000e+01
  6200	3.100250e+01	4.900000e+01
  6201	3.100750e+01	3.600000e+01
  6202	3.101250e+01	5.600000e+01
  6203	3.101750e+01	4.000000e+01
  6204	3.102250e+01	4.500000e+01
  6205	3.102750e+01	4.300000e+01
  6206	3.103250e+01	4.500000e+01
  6207	3.103750e+01	2.800000e+01
  6208	3.104250e+01	4.200000e+01
  6209	3.104750e+01	4.800000e+01
  6210	3.105250e+01	4.700000e+01
  6211	3.105750e+01	3.200000e+01
  6212	3.106250e+01	4.500000e+01
  6213	3.106750e+01	3.600000e+01
  6214	3.107250e+01	3.900000e+01
  6215	3.107750e+01	3.500000e+01
  6216	3.108250e+01	5.400000e+01
  6217	3.108750e+01	5.000000e+01
  6218	3.109250e+01	3.600000e+01
  6219	3.109750e+01	4.300000e+01
  6220	3.110250e+01	4.100000e+01
  6221	3.110750e+01	4.900000e+01
  6222	3.111250e+01	4.100000e+01
  6223	3.111750e+01	3.600000e+01
  6224	3.112250e+01	4.400000e+01
  6225	3.112750e+01	5.100000e+01
  6226	3.113250e+01	3.000000e+01
  6227	3.113750e+01	3.000000e+01
  6228	3.114250e+01	3.100000e+01
  6229	3.114750e+01	3.000000e+01
  6230	3.115250e+01	2.900000e+01
  6231	3.115750e+01	4.200000e+01
  6232	3.116250e+01	2.900000e+01
  6233	3.116750e+01	3.700000e+01
  6234	3.117250e+01	3.500000e+01
  6235	3.117750e+01	4.000000e+01
  6236	3.118250e+01	4.100000e+01
  6237	3.118750e+01	4.300000e+01
  6238	3.119250e+01	2.900000e+01
  6239	3.119750e+01	3.500000e+01
  6240	3.120250e+01	3.300000e+01
  6241	3.120750e+01	4.200000e+01
  6242	3.121250e+01	3.300000e+01
  6243	3.121750e+01	3.900000e+01
  6244	3.122250e+01	3.200000e+01
  6245	3.122750e+01	3.700000e+01
  6246	3.123250e+01	4.200000e+01
  6247	3.123750e+01	4.300000e+01
  6248	3.124250e+01	3.500000e+01
  6249	3.124750e+01	4.300000e+01
  6250	3.125250e+01	4.000000e+01
  6251	3.125750e+01	4.600000e+01
  6252	3.126250e+01	3.600000e+01
  6253	3.126750e+01	4.100000e+01
  6254	3.127250e+01	4.600000e+01
  6255	3.127750e+01	5.200000e+01
  6256	3.128250e+01	4.500000e+01
  6257	3.128750e+01	2.700000e+01
  6258	3.129250e+01	3.700000e+01
  6259	3.129750e+01	4.400000e+01
  6260	3.130250e+01	3.800000e+01
  6261	3.130750e+01	4.100000e+01
  6262	3.131250e+01	4.000000e+01
  6263	3.131750e+01	2.900000e+01
  6264	3.132250e+01	4.300000e+01
  6265	3.132750e+01	4.000000e+01
  6266	3.133250e+01	4.000000e+01
  6267	3.133750e+01	2.900000e+01
  6268	3.134250e+01	3.000000e+01
  6269	3.134750e+01	3.500000e+01
  6270	3.135250e+01	4.200000e+01
  6271	3.135750e+01	3.400000e+01
  6272	3.136250e+01	3.000000e+01
  6273	3.136750e+01	2.700000e+01
  6274	3.137250e+01	4.200000e+01
  6275	3.137750e+01	3.100000e+01
  6276	3.138250e+01	3.200000e+01
  6277	3.138750e+01	4.200000e+01
  6278	3.139250e+01	4.900000e+01
  6279	3.139750e+01	3.500000e+01
  6280	3.140250e+01	2.300000e+01
  6281	3.140750e+01	3.600000e+01
  6282	3.141250e+01	3.100000e+01
  6283	3.141750e+01	3.200000e+01
  6284	3.142250e+01	3.900000e+01
  6285	3.142750e+01	3.900000e+01
  6286	3.143250e+01	4.500000e+01
  6287	3.143750e+01	3.900000e+01
  6288	3.144250e+01	3.400000e+01
  6289	3.144750e+01	3.000000e+01
  6290	3.145250e+01	3.600000e+01
  6291	3.145750e+01	3.300000e+01
  6292	3.146250e+01	3.400000e+01
  6293	3.146750e+01	3.600000e+01
  6294	3.147250e+01	3.700000e+01
  6295	3.147750e+01	3.500000e+01
  6296	3.148250e+01	4.600000e+01
  6297	3.148750e+01	3.100000e+01
  6298	3.149250e+01	4.100000e+01
  6299	3.149750e+01	3.700000e+01
  6300	3.150250e+01	5.000000e+01
  6301	3.150750e+01	3.400000e+01
  6302	3.151250e+01	4.300000e+01
  6303	3.151750e+01	4.100000e+01
  6304	3.152250e+01	4.500000e+01
  6305	3.152750e+01	4.300000e+01
  6306	3.153250e+01	3.000000e+01
  6307	3.153750e+01	3.800000e+01
  6308	3.154250e+01	3.400000e+01
  6309	3.154750e+01	3.900000e+01
  6310	3.155250e+01	3.200000e+01
  6311	3.155750e+01	3.600000e+01
  6312	3.156250e+01	4.800000e+01
  6313	3.156750e+01	4.500000e+01
  6314	3.157250e+01	3.800000e+01
  6315	3.157750e+01	3.300000e+01
  6316	3.158250e+01	3.500000e+01
  6317	3.158750e+01	3.400000e+01
  6318	3.159250e+01	3.500000e+01
  6319	3.159750e+01	5.100000e+01
  6320	3.160250e+01	3.800000e+01
  6321	3.160750e+01	3.200000e+01
  6322	3.161250e+01	4.600000e+01
  6323	3.161750e+01	5.100000e+01
  6324	3.162250e+01	3.700000e+01
  6325	3.162750e+01	4.100000e+01
  6326	3.163250e+01	3.900000e+01
  6327	3.163750e+01	4.000000e+01
  6328	3.164250e+01	2.600000e+01
  6329	3.164750e+01	3.200000e+01
  6330	3.165250e+01	2.600000e+01
  6331	3.165750e+01	3.000000e+01
  6332	3.166250e+01	4.100000e+01
  6333	3.166750e+01	2.900000e+01
  6334	3.167250e+01	4.000000e+01
  6335	3.167750e+01	3.200000e+01
  6336	3.168250e+01	3.100000e+01
  6337	3.168750e+01	4.600000e+01
  6338	3.169250e+01	4.300000e+01
  6339	3.169750e+01	4.300000e+01
  6340	3.170250e+01	3.000000e+01
  6341	3.170750e+01	2.800000e+01
  6342	3.171250e+01	3.300000e+01
  6343	3.171750e+01	3.600000e+01
  6344	3.172250e+01	4.100000e+01
  6345	3.172750e+01	4.700000e+01
  6346	3.173250e+01	4.300000e+01
  6347	3.173750e+01	3.200000e+01
  6348	3.174250e+01	3.100000e+01
  6349	3.174750e+01	3.800000e+01
  6350	3.175250e+01	4.500000e+01
  6351	3.175750e+01	3.700000e+01
  6352	3.176250e+01	3.700000e+01
  6353	3.176750e+01	3.200000e+01
  6354	3.177250e+01	3.300000e+01
  6355	3.177750e+01	3.700000e+01
  6356	3.178250e+01	3.700000e+01
  6357	3.178750e+01	4.500000e+01
  6358	3.179250e+01	4.400000e+01
  6359	3.179750e+01	4.100000e+01
  6360	3.180250e+01	3.100000e+01
  6361	3.180750e+01	3.900000e+01
  6362	3.181250e+01	3.400000e+01
  6363	3.181750e+01	4.000000e+01
  6364	3.182250e+01	2.900000e+01
  6365	3.182750e+01	3.100000e+01
  6366	3.183250e+01	3.100000e+01
  6367	3.183750e+01	4.200000e+01
  6368	3.184250e+01	3.900000e+01
  6369	3.184750e+01	4.300000e+01
  6370	3.185250e+01	3.700000e+01
  6371	3.185750e+01	4.300000e+01
  6372	3.186250e+01	2.900000e+01
  6373	3.186750e+01	4.200000e+01
  6374	3.187250e+01	3.200000e+01
  6375	3.187750e+01	4.500000e+01
  6376	3.188250e+01	3.800000e+01
  6377	3.188750e+01	4.200000e+01
  6378	3.189250e+01	2.700000e+01
  6379	3.189750e+01	2.300000e+01
  6380	3.190250e+01	3.800000e+01
  6381	3.190750e+01	3.000000e+01
  6382	3.191250e+01	3.600000e+01
  6383	3.191750e+01	3.200000e+01
  6384	3.192250e+01	4.000000e+01
  6385	3.192750e+01	3.600000e+01
  6386	3.193250e+01	3.300000e+01
  6387	3.193750e+01	2.800000e+01
  6388	3.194250e+01	3.100000e+01
  6389	3.194750e+01	3.400000e+01
  6390	3.195250e+01	3.200000e+01
  6391	3.195750e+01	4.400000e+01
  6392	3.196250e+01	4.600000e+01
  6393	3.196750e+01	3.000000e+01
  6394	3.197250e+01	3.100000e+01
  6395	3.197750e+01	3.300000e+01
  6396	3.198250e+01	2.500000e+01
  6397	3.198750e+01	4.000000e+01
  6398	3.199250e+01	3.600000e+01
  6399	3.199750e+01	4.800000e+01
  6400	3.200250e+01	2.900000e+01
  6401	3.200750e+01	3.000000e+01
  6402	3.201250e+01	2.500000e+01
  6403	3.201750e+01	3.500000e+01
  6404	3.202250e+01	3.400000e+01
  6405	3.202750e+01	3.800000e+01
  6406	3.203250e+01	3.500000e+01
  6407	3.203750e+01	4.000000e+01
  6408	3.204250e+01	2.500000e+01
  6409	3.204750e+01	3.500000e+01
  6410	3.205250e+01	3.300000e+01
  6411	3.205750e+01	3.800000e+01
  6412	3.206250e+01	4.400000e+01
  6413	3.206750e+01	2.200000e+01
  6414	3.207250e+01	3.700000e+01
  6415	3.207750e+01	3.800000e+01
  6416	3.208250e+01	3.400000e+01
  6417	3.208750e+01	3.400000e+01
  6418	3.209250e+01	2.800000e+01
  6419	3.209750e+01	3.100000e+01
  6420	3.210250e+01	4.500000e+01
  6421	3.210750e+01	3.700000e+01
  6422	3.211250e+01	3.900000e+01
  6423	3.211750e+01	3.800000e+01
  6424	3.212250e+01	2.600000e+01
  6425	3.212750e+01	3.700000e+01
  6426	3.213250e+01	2.800000e+01
  6427	3.213750e+01	4.100000e+01
  6428	3.214250e+01	3.900000e+01
  6429	3.214750e+01	4.000000e+01
  6430	3.215250e+01	3.700000e+01
  6431	3.215750e+01	3.200000e+01
  6432	3.216250e+01	5.500000e+01
  6433	3.216750e+01	3.700000e+01
  6434	3.217250e+01	3.300000e+01
  6435	3.217750e+01	3.400000e+01
  6436	3.218250e+01	3.800000e+01
  6437	3.218750e+01	2.900000e+01
  6438	3.219250e+01	3.500000e+01
  6439	3.219750e+01	3.500000e+01
  6440	3.220250e+01	2.700000e+01
  6441	3.220750e+01	3.000000e+01
  6442	3.221250e+01	4.200000e+01
  6443	3.221750e+01	4.200000e+01
  6444	3.222250e+01	3.900000e+01
  6445	3.222750e+01	2.300000e+01
  6446	3.223250e+01	2.800000e+01
  6447	3.223750e+01	3.200000e+01
  6448	3.224250e+01	3.300000e+01
  6449	3.224750e+01	2.500000e+01
  6450	3.225250e+01	3.800000e+01
  6451	3.225750e+01	3.700000e+01
  6452	3.226250e+01	4.600000e+01
  6453	3.226750e+01	3.400000e+01
  6454	3.227250e+01	3.300000e+01
  6455	3.227750e+01	3.200000e+01
  6456	3.228250e+01	2.600000e+01
  6457	3.228750e+01	3.300000e+01
  6458	3.229250e+01	2.000000e+01
  6459	3.229750e+01	4.300000e+01
  6460	3.230250e+01	3.900000e+01
  6461	3.230750e+01	2.300000e+01
  6462	3.231250e+01	3.200000e+01
  6463	3.231750e+01	3.500000e+01
  6464	3.232250e+01	2.700000e+01
  6465	3.232750e+01	3.700000e+01
  6466	3.233250e+01	3.300000e+01
  6467	3.233750e+01	3.400000e+01
  6468	3.234250e+01	2.900000e+01
  6469	3.234750e+01	3.100000e+01
  6470	3.235250e+01	2.900000e+01
  6471	3.235750e+01	2.900000e+01
  6472	3.236250e+01	2.500000e+01
  6473	3.236750e+01	3.700000e+01
  6474	3.237250e+01	3.800000e+01
  6475	3.237750e+01	3.700000e+01
  6476	3.238250e+01	2.400000e+01
  6477	3.238750e+01	4.100000e+01
  6478	3.239250e+01	3.300000e+01
  6479	3.239750e+01	3.300000e+01
  6480	3.240250e+01	2.500000e+01
  6481	3.240750e+01	2.700000e+01
  6482	3.241250e+01	4.300000e+01
  6483	3.241750e+01	4.000000e+01
  6484	3.242250e+01	3.200000e+01
  6485	3.242750e+01	2.700000e+01
  6486	3.243250e+01	3.000000e+01
  6487	3.243750e+01	3.500000e+01
  6488	3.244250e+01	4.700000e+01
  6489	3.244750e+01	3.300000e+01
  6490	3.245250e+01	2.900000e+01
  6491	3.245750e+01	3.200000e+01
  6492	3.246250e+01	3.700000e+01
  6493	3.246750e+01	2.200000e+01
  6494	3.247250e+01	3.900000e+01
  6495	3.247750e+01	3.000000e+01
  6496	3.248250e+01	3.200000e+01
  6497	3.248750e+01	3.700000e+01
  6498	3.249250e+01	2.800000e+01
  6499	3.249750e+01	3.200000e+01
  6500	3.250250e+01	3.100000e+01
  6501	3.250750e+01	2.600000e+01
  6502	3.251250e+01	3.200000e+01
  6503	3.251750e+01	3.300000e+01
  6504	3.252250e+01	3.300000e+01
  6505	3.252750e+01	3.100000e+01
  6506	3.253250e+01	3.300000e+01
  6507	3.253750e+01	3.200000e+01
  6508	3.254250e+01	2.700000e+01
  6509	3.254750e+01	2.500000e+01
  6510	3.255250e+01	3.400000e+01
  6511	3.255750e+01	2.900000e+01
  6512	3.256250e+01	2.900000e+01
  6513	3.256750e+01	3.300000e+01
  6514	3.257250e+01	3.400000e+01
  6515	3.257750e+01	3.000000e+01
  6516	3.258250e+01	3.300000e+01
  6517	3.258750e+01	3.200000e+01
  6518	3.259250e+01	3.400000e+01
  6519	3.259750e+01	3.000000e+01
  6520	3.260250e+01	2.700000e+01
  6521	3.260750e+01	3.000000e+01
  6522	3.261250e+01	1.800000e+01
  6523	3.261750e+01	4.000000e+01
  6524	3.262250e+01	3.900000e+01
  6525	3.262750e+01	2.900000e+01
  6526	3.263250e+01	3.100000e+01
  6527	3.263750e+01	4.000000e+01
  6528	3.264250e+01	3.100000e+01
  6529	3.264750e+01	3.400000e+01
  6530	3.265250e+01	3.300000e+01
  6531	3.265750e+01	2.800000e+01
  6532	3.266250e+01	3.200000e+01
  6533	3.266750e+01	3.300000e+01
  6534	3.267250e+01	3.100000e+01
  6535	3.267750e+01	3.300000e+01
  6536	3.268250e+01	3.200000e+01
  6537	3.268750e+01	4.000000e+01
  6538	3.269250e+01	3.300000e+01
  6539	3.269750e+01	3.400000e+01
  6540	3.270250e+01	2.600000e+01
  6541	3.270750e+01	4.200000e+01
  6542	3.271250e+01	3.700000e+01
  6543	3.271750e+01	3.100000e+01
  6544	3.272250e+01	3.200000e+01
  6545	3.272750e+01	3.200000e+01
  6546	3.273250e+01	3.300000e+01
  6547	3.273750e+01	3.300000e+01
  6548	3.274250e+01	3.900000e+01
  6549	3.274750e+01	3.600000e+01
  6550	3.275250e+01	3.600000e+01
  6551	3.275750e+01	2.800000e+01
  6552	3.276250e+01	3.600000e+01
  6553	3.276750e+01	3.400000e+01
  6554	3.277250e+01	3.000000e+01
  6555	3.277750e+01	3.300000e+01
  6556	3.278250e+01	2.700000e+01
  6557	3.278750e+01	3.100000e+01
  6558	3.279250e+01	2.600000e+01
  6559	3.279750e+01	3.700000e+01
  6560	3.280250e+01	3.000000e+01
  6561	3.280750e+01	2.900000e+01
  6562	3.281250e+01	3.000000e+01
  6563	3.281750e+01	3.800000e+01
  6564	3.282250e+01	3.000000e+01
  6565	3.282750e+01	1.400000e+01
  6566	3.283250e+01	2.800000e+01
  6567	3.283750e+01	3.100000e+01
  6568	3.284250e+01	2.800000e+01
  6569	3.284750e+01	3.300000e+01
  6570	3.285250e+01	2.100000e+01
  6571	3.285750e+01	3.600000e+01
  6572	3.286250e+01	4.100000e+01
  6573	3.286750e+01	2.500000e+01
  6574	3.287250e+01	3.400000e+01
  6575	3.287750e+01	2.100000e+01
  6576	3.288250e+01	4.100000e+01
  6577	3.288750e+01	2.900000e+01
  6578	3.289250e+01	3.000000e+01
  6579	3.289750e+01	3.200000e+01
  6580	3.290250e+01	3.100000e+01
  6581	3.290750e+01	2.400000e+01
  6582	3.291250e+01	3.000000e+01
  6583	3.291750e+01	3.100000e+01
  6584	3.292250e+01	3.700000e+01
  6585	3.292750e+01	2.800000e+01
  6586	3.293250e+01	3.400000e+01
  6587	3.293750e+01	3.900000e+01
  6588	3.294250e+01	3.000000e+01
  6589	3.294750e+01	3.300000e+01
  6590	3.295250e+01	2.900000e+01
  6591	3.295750e+01	2.500000e+01
  6592	3.296250e+01	3.000000e+01
  6593	3.296750e+01	4.000000e+01
  6594	3.297250e+01	3.000000e+01
  6595	3.297750e+01	3.000000e+01
  6596	3.298250e+01	2.900000e+01
  6597	3.298750e+01	3.000000e+01
  6598	3.299250e+01	3.600000e+01
  6599	3.299750e+01	2.300000e+01
  6600	3.300250e+01	2.700000e+01
  6601	3.300750e+01	3.000000e+01
  6602	3.301250e+01	2.400000e+01
  6603	3.301750e+01	3.000000e+01
  6604	3.302250e+01	2.700000e+01
  6605	3.302750e+01	2.500000e+01
  6606	3.303250e+01	2.600000e+01
  6607	3.303750e+01	2.700000e+01
  6608	3.304250e+01	2.600000e+01
  6609	3.304750e+01	2.800000e+01
  6610	3.305250e+01	2.600000e+01
  6611	3.305750e+01	2.800000e+01
  6612	3.306250e+01	3.800000e+01
  6613	3.306750e+01	2.700000e+01
  6614	3.307250e+01	2.500000e+01
  6615	3.307750e+01	2.900000e+01
  6616	3.308250e+01	2.300000e+01
  6617	3.308750e+01	3.600000e+01
  6618	3.309250e+01	2.900000e+01
  6619	3.309750e+01	3.500000e+01
  6620	3.310250e+01	3.700000e+01
  6621	3.310750e+01	2.600000e+01
  6622	3.311250e+01	3.700000e+01
  6623	3.311750e+01	3.900000e+01
  6624	3.312250e+01	2.400000e+01
  6625	3.312750e+01	3.100000e+01
  6626	3.313250e+01	2.100000e+01
  6627	3.313750e+01	3.000000e+01
  6628	3.314250e+01	2.500000e+01
  6629	3.314750e+01	2.700000e+01
  6630	3.315250e+01	2.800000e+01
  6631	3.315750e+01	3.200000e+01
  6632	3.316250e+01	3.600000e+01
  6633	3.316750e+01	3.500000e+01
  6634	3.317250e+01	2.000000e+01
  6635	3.317750e+01	2.300000e+01
  6636	3.318250e+01	2.400000e+01
  6637	3.318750e+01	3.200000e+01
  6638	3.319250e+01	1.100000e+01
  6639	3.319750e+01	2.800000e+01
  6640	3.320250e+01	2.100000e+01
  6641	3.320750e+01	3.100000e+01
  6642	3.321250e+01	2.700000e+01
  6643	3.321750e+01	2.900000e+01
  6644	3.322250e+01	3.300000e+01
  6645	3.322750e+01	2.300000e+01
  6646	3.323250e+01	2.000000e+01
  6647	3.323750e+01	2.500000e+01
  6648	3.324250e+01	2.800000e+01
  6649	3.324750e+01	2.600000e+01
  6650	3.325250e+01	2.000000e+01
  6651	3.325750e+01	3.000000e+01
  6652	3.326250e+01	2.800000e+01
  6653	3.326750e+01	3.200000e+01
  6654	3.327250e+01	3.200000e+01
  6655	3.327750e+01	3.800000e+01
  6656	3.328250e+01	1.600000e+01
  6657	3.328750e+01	3.600000e+01
  6658	3.329250e+01	3.500000e+01
  6659	3.329750e+01	3.700000e+01
  6660	3.330250e+01	3.400000e+01
  6661	3.330750e+01	3.600000e+01
  6662	3.331250e+01	3.700000e+01
  6663	3.331750e+01	3.300000e+01
  6664	3.332250e+01	2.700000e+01
  6665	3.332750e+01	3.300000e+01
  6666	3.333250e+01	3.000000e+01
  6667	3.333750e+01	3.600000e+01
  6668	3.334250e+01	3.700000e+01
  6669	3.334750e+01	2.500000e+01
  6670	3.335250e+01	3.400000e+01
  6671	3.335750e+01	2.000000e+01
  6672	3.336250e+01	2.500000e+01
  6673	3.336750e+01	2.000000e+01
  6674	3.337250e+01	2.900000e+01
  6675	3.337750e+01	1.800000e+01
  6676	3.338250e+01	3.100000e+01
  6677	3.338750e+01	3.900000e+01
  6678	3.339250e+01	3.200000e+01
  6679	3.339750e+01	1.900000e+01
  6680	3.340250e+01	3.100000e+01
  6681	3.340750e+01	3.700000e+01
  6682	3.341250e+01	2.200000e+01
  6683	3.341750e+01	2.900000e+01
  6684	3.342250e+01	3.300000e+01
  6685	3.342750e+01	2.900000e+01
  6686	3.343250e+01	3.000000e+01
  6687	3.343750e+01	2.900000e+01
  6688	3.344250e+01	2.100000e+01
  6689	3.344750e+01	2.900000e+01
  6690	3.345250e+01	2.700000e+01
  6691	3.345750e+01	3.200000e+01
  6692	3.346250e+01	3.500000e+01
  6693	3.346750e+01	2.400000e+01
  6694	3.347250e+01	3.600000e+01
  6695	3.347750e+01	3.600000e+01
  6696	3.348250e+01	3.300000e+01
  6697	3.348750e+01	3.200000e+01
  6698	3.349250e+01	3.100000e+01
  6699	3.349750e+01	2.200000e+01
  6700	3.350250e+01	3.700000e+01
  6701	3.350750e+01	3.100000e+01
  6702	3.351250e+01	2.200000e+01
  6703	3.351750e+01	2.800000e+01
  6704	3.352250e+01	2.300000e+01
  6705	3.352750e+01	3.200000e+01
  6706	3.353250e+01	2.700000e+01
  6707	3.353750e+01	3.100000e+01
  6708	3.354250e+01	2.700000e+01
  6709	3.354750e+01	3.100000e+01
  6710	3.355250e+01	2.600000e+01
  6711	3.355750e+01	2.500000e+01
  6712	3.356250e+01	3.600000e+01
  6713	3.356750e+01	3.700000e+01
  6714	3.357250e+01	2.100000e+01
  6715	3.357750e+01	2.700000e+01
  6716	3.358250e+01	2.100000e+01
  6717	3.358750e+01	2.300000e+01
  6718	3.359250e+01	3.300000e+01
  6719	3.359750e+01	1.400000e+01
  6720	3.360250e+01	3.100000e+01
  6721	3.360750e+01	2.700000e+01
  6722	3.361250e+01	2.500000e+01
  6723	3.361750e+01	1.200000e+01
  6724	3.362250e+01	2.500000e+01
  6725	3.362750e+01	2.400000e+01
  6726	3.363250e+01	2.700000e+01
  6727	3.363750e+01	2.000000e+01
  6728	3.364250e+01	2.900000e+01
  6729	3.364750e+01	3.600000e+01
  6730	3.365250e+01	3.800000e+01
  6731	3.365750e+01	2.200000e+01
  6732	3.366250e+01	2.900000e+01
  6733	3.366750e+01	2.800000e+01
  6734	3.367250e+01	2.100000e+01
  6735	3.367750e+01	2.800000e+01
  6736	3.368250e+01	2.300000e+01
  6737	3.368750e+01	2.500000e+01
  6738	3.369250e+01	2.900000e+01
  6739	3.369750e+01	2.300000e+01
  6740	3.370250e+01	3.100000e+01
  6741	3.370750e+01	2.000000e+01
  6742	3.371250e+01	2.800000e+01
  6743	3.371750e+01	2.800000e+01
  6744	3.372250e+01	2.900000e+01
  6745	3.372750e+01	3.100000e+01
  6746	3.373250e+01	2.200000e+01
  6747	3.373750e+01	2.900000e+01
  6748	3.374250e+01	2.300000e+01
  6749	3.374750e+01	2.300000e+01
  6750	3.375250e+01	2.000000e+01
  6751	3.375750e+01	2.500000e+01
  6752	3.376250e+01	2.200000e+01
  6753	3.376750e+01	3.100000e+01
  6754	3.377250e+01	2.700000e+01
  6755	3.377750e+01	1.900000e+01
  6756	3.378250e+01	3.500000e+01
  6757	3.378750e+01	3.600000e+01
  6758	3.379250e+01	3.300000e+01
  6759	3.379750e+01	2.300000e+01
  6760	3.380250e+01	3.100000e+01
  6761	3.380750e+01	3.100000e+01
  6762	3.381250e+01	2.600000e+01
  6763	3.381750e+01	2.200000e+01
  6764	3.382250e+01	2.600000e+01
  6765	3.382750e+01	2.300000e+01
  6766	3.383250e+01	2.500000e+01
  6767	3.383750e+01	3.100000e+01
  6768	3.384250e+01	2.300000e+01
  6769	3.384750e+01	2.700000e+01
  6770	3.385250e+01	1.600000e+01
  6771	3.385750e+01	1.700000e+01
  6772	3.386250e+01	3.100000e+01
  6773	3.386750e+01	4.400000e+01
  6774	3.387250e+01	1.800000e+01
  6775	3.387750e+01	2.600000e+01
  6776	3.388250e+01	2.200000e+01
  6777	3.388750e+01	1.800000e+01
  6778	3.389250e+01	2.700000e+01
  6779	3.389750e+01	1.900000e+01
  6780	3.390250e+01	2.600000e+01
  6781	3.390750e+01	2.300000e+01
  6782	3.391250e+01	3.400000e+01
  6783	3.391750e+01	3.000000e+01
  6784	3.392250e+01	1.300000e+01
  6785	3.392750e+01	3.800000e+01
  6786	3.393250e+01	2.600000e+01
  6787	3.393750e+01	1.900000e+01
  6788	3.394250e+01	2.200000e+01
  6789	3.394750e+01	2.700000e+01
  6790	3.395250e+01	2.000000e+01
  6791	3.395750e+01	3.200000e+01
  6792	3.396250e+01	1.700000e+01
  6793	3.396750e+01	2.400000e+01
  6794	3.397250e+01	3.000000e+01
  6795	3.397750e+01	2.700000e+01
  6796	3.398250e+01	2.800000e+01
  6797	3.398750e+01	2.600000e+01
  6798	3.399250e+01	2.200000e+01
  6799	3.399750e+01	2.600000e+01
  6800	3.400250e+01	2.800000e+01
  6801	3.400750e+01	2.500000e+01
  6802	3.401250e+01	3.200000e+01
  6803	3.401750e+01	2.500000e+01
  6804	3.402250e+01	3.300000e+01
  6805	3.402750e+01	3.100000e+01
  6806	3.403250e+01	2.900000e+01
  6807	3.403750e+01	2.400000e+01
  6808	3.404250e+01	2.900000e+01
  6809	3.404750e+01	2.900000e+01
  6810	3.405250e+01	2.500000e+01
  6811	3.405750e+01	2.500000e+01
  6812	3.406250e+01	2.100000e+01
  6813	3.406750e+01	2.900000e+01
  6814	3.407250e+01	2.300000e+01
  6815	3.407750e+01	2.000000e+01
  6816	3.408250e+01	2.200000e+01
  6817	3.408750e+01	1.300000e+01
  6818	3.409250e+01	1.500000e+01
  6819	3.409750e+01	2.600000e+01
  6820	3.410250e+01	3.300000e+01
  6821	3.410750e+01	2.500000e+01
  6822	3.411250e+01	3.100000e+01
  6823	3.411750e+01	2.200000e+01
  6824	3.412250e+01	3.100000e+01
  6825	3.412750e+01	2.500000e+01
  6826	3.413250e+01	3.100000e+01
  6827	3.413750e+01	2.700000e+01
  6828	3.414250e+01	2.600000e+01
  6829	3.414750e+01	2.000000e+01
  6830	3.415250e+01	1.600000e+01
  6831	3.415750e+01	1.600000e+01
  6832	3.416250e+01	2.100000e+01
  6833	3.416750e+01	2.400000e+01
  6834	3.417250e+01	2.100000e+01
  6835	3.417750e+01	2.800000e+01
  6836	3.418250e+01	2.000000e+01
  6837	3.418750e+01	3.100000e+01
  6838	3.419250e+01	2.100000e+01
  6839	3.419750e+01	2.100000e+01
  6840	3.420250e+01	3.100000e+01
  6841	3.420750e+01	2.100000e+01
  6842	3.421250e+01	2.000000e+01
  6843	3.421750e+01	2.000000e+01
  6844	3.422250e+01	2.600000e+01
  6845	3.422750e+01	3.200000e+01
  6846	3.423250e+01	3.000000e+01
  6847	3.423750e+01	2.700000e+01
  6848	3.424250e+01	1.600000e+01
  6849	3.424750e+01	3.000000e+01
  6850	3.425250e+01	1.800000e+01
  6851	3.425750e+01	2.600000e+01
  6852	3.426250e+01	3.000000e+01
  6853	3.426750e+01	1.900000e+01
  6854	3.427250e+01	1.900000e+01
  6855	3.427750e+01	2.300000e+01
  6856	3.428250e+01	1.900000e+01
  6857	3.428750e+01	2.800000e+01
  6858	3.429250e+01	2.200000e+01
  6859	3.429750e+01	1.900000e+01
  6860	3.430250e+01	2.400000e+01
  6861	3.430750e+01	2.000000e+01
  6862	3.431250e+01	2.700000e+01
  6863	3.431750e+01	2.200000e+01
  6864	3.432250e+01	2.400000e+01
  6865	3.432750e+01	2.500000e+01
  6866	3.433250e+01	2.000000e+01
  6867	3.433750e+01	2.100000e+01
  6868	3.434250e+01	3.100000e+01
  6869	3.434750e+01	2.700000e+01
  6870	3.435250e+01	2.000000e+01
  6871	3.435750e+01	2.000000e+01
  6872	3.436250e+01	3.200000e+01
  6873	3.436750e+01	2.500000e+01
  6874	3.437250e+01	2.800000e+01
  6875	3.437750e+01	1.900000e+01
  6876	3.438250e+01	2.000000e+01
  6877	3.438750e+01	2.500000e+01
  6878	3.439250e+01	2.300000e+01
  6879	3.439750e+01	2.200000e+01
  6880	3.440250e+01	1.600000e+01
  6881	3.440750e+01	3.400000e+01
  6882	3.441250e+01	1.700000e+01
  6883	3.441750e+01	3.100000e+01
  6884	3.442250e+01	1.700000e+01
  6885	3.442750e+01	2.500000e+01
  6886	3.443250e+01	2.500000e+01
  6887	3.443750e+01	2.100000e+01
  6888	3.444250e+01	2.200000e+01
  6889	3.444750e+01	2.000000e+01
  6890	3.445250e+01	2.800000e+01
  6891	3.445750e+01	2.800000e+01
  6892	3.446250e+01	2.700000e+01
  6893	3.446750e+01	2.100000e+01
  6894	3.447250e+01	2.800000e+01
  6895	3.447750e+01	2.500000e+01
  6896	3.448250e+01	2.400000e+01
  6897	3.448750e+01	1.800000e+01
  6898	3.449250e+01	3.000000e+01
  6899	3.449750e+01	1.900000e+01
  6900	3.450250e+01	2.700000e+01
  6901	3.450750e+01	1.700000e+01
  6902	3.451250e+01	2.200000e+01
  6903	3.451750e+01	1.500000e+01
  6904	3.452250e+01	2.900000e+01
  6905	3.452750e+01	2.100000e+01
  6906	3.453250e+01	2.700000e+01
  6907	3.453750e+01	2.600000e+01
  6908	3.454250e+01	1.700000e+01
  6909	3.454750e+01	2.400000e+01
  6910	3.455250e+01	1.900000e+01
  6911	3.455750e+01	1.600000e+01
  6912	3.456250e+01	2.600000e+01
  6913	3.456750e+01	1.700000e+01
  6914	3.457250e+01	2.200000e+01
  6915	3.457750e+01	2.800000e+01
  6916	3.458250e+01	2.100000e+01
  6917	3.458750e+01	2.000000e+01
  6918	3.459250e+01	2.600000e+01
  6919	3.459750e+01	2.300000e+01
  6920	3.460250e+01	2.600000e+01
  6921	3.460750e+01	1.800000e+01
  6922	3.461250e+01	1.700000e+01
  6923	3.461750e+01	2.500000e+01
  6924	3.462250e+01	2.100000e+01
  6925	3.462750e+01	2.200000e+01
  6926	3.463250e+01	1.900000e+01
  6927	3.463750e+01	2.500000e+01
  6928	3.464250e+01	2.100000e+01
  6929	3.464750e+01	1.700000e+01
  6930	3.465250e+01	2.400000e+01
  6931	3.465750e+01	2.600000e+01
  6932	3.466250e+01	2.800000e+01
  6933	3.466750e+01	2.100000e+01
  6934	3.467250e+01	2.100000e+01
  6935	3.467750e+01	3.200000e+01
  6936	3.468250e+01	3.000000e+01
  6937	3.468750e+01	2.900000e+01
  6938	3.469250e+01	2.400000e+01
  6939	3.469750e+01	2.300000e+01
  6940	3.470250e+01	1.800000e+01
  6941	3.470750e+01	2.300000e+01
  6942	3.471250e+01	2.600000e+01
  6943	3.471750e+01	1.900000e+01
  6944	3.472250e+01	2.400000e+01
  6945	3.472750e+01	1.400000e+01
  6946	3.473250e+01	2.600000e+01
  6947	3.473750e+01	2.200000e+01
  6948	3.474250e+01	2.300000e+01
  6949	3.474750e+01	1.800000e+01
  6950	3.475250e+01	3.200000e+01
  6951	3.475750e+01	2.800000e+01
  6952	3.476250e+01	2.400000e+01
  6953	3.476750e+01	1.600000e+01
  6954	3.477250e+01	1.700000e+01
  6955	3.477750e+01	2.100000e+01
  6956	3.478250e+01	2.500000e+01
  6957	3.478750e+01	1.400000e+01
  6958	3.479250e+01	2.500000e+01
  6959	3.479750e+01	3.400000e+01
  6960	3.480250e+01	1.900000e+01
  6961	3.480750e+01	1.200000e+01
  6962	3.481250e+01	2.400000e+01
  6963	3.481750e+01	2.000000e+01
  6964	3.482250e+01	3.400000e+01
  6965	3.482750e+01	2.600000e+01
  6966	3.483250e+01	3.100000e+01
  6967	3.483750e+01	2.200000e+01
  6968	3.484250e+01	3.100000e+01
  6969	3.484750e+01	3.200000e+01
  6970	3.485250e+01	1.600000e+01
  6971	3.485750e+01	2.400000e+01
  6972	3.486250e+01	1.800000e+01
  6973	3.486750e+01	2.600000e+01
  6974	3.487250e+01	2.000000e+01
  6975	3.487750e+01	1.900000e+01
  6976	3.488250e+01	1.900000e+01
  6977	3.488750e+01	2.300000e+01
  6978	3.489250e+01	2.200000e+01
  6979	3.489750e+01	2.500000e+01
  6980	3.490250e+01	1.800000e+01
  6981	3.490750e+01	1.300000e+01
  6982	3.491250e+01	1.700000e+01
  6983	3.491750e+01	1.900000e+01
  6984	3.492250e+01	2.500000e+01
  6985	3.492750e+01	1.800000e+01
  6986	3.493250e+01	2.500000e+01
  6987	3.493750e+01	3.200000e+01
  6988	3.494250e+01	2.800000e+01
  6989	3.494750e+01	1.900000e+01
  6990	3.495250e+01	1.800000e+01
  6991	3.495750e+01	2.300000e+01
  6992	3.496250e+01	2.600000e+01
  6993	3.496750e+01	1.800000e+01
  6994	3.497250e+01	2.400000e+01
  6995	3.497750e+01	2.000000e+01
  6996	3.498250e+01	1.600000e+01
  6997	3.498750e+01	2.600000e+01
  6998	3.499250e+01	2.200000e+01
  6999	3.499750e+01	2.600000e+01
  7000	3.500250e+01	1.700000e+01
  7001	3.500750e+01	1.900000e+01
  7002	3.501250e+01	2.900000e+01
  7003	3.501750e+01	2.000000e+01
  7004	3.502250e+01	1.900000e+01
  7005	3.502750e+01	3.200000e+01
  7006	3.503250e+01	2.300000e+01
  7007	3.503750e+01	1.900000e+01
  7008	3.504250e+01	2.600000e+01
  7009	3.504750e+01	2.200000e+01
  7010	3.505250e+01	2.400000e+01
  7011	3.505750e+01	2.200000e+01
  7012	3.506250e+01	1.500000e+01
  7013	3.506750e+01	1.600000e+01
  7014	3.507250e+01	2.000000e+01
  7015	3.507750e+01	2.500000e+01
  7016	3.508250e+01	1.800000e+01
  7017	3.508750e+01	2.200000e+01
  7018	3.509250e+01	2.100000e+01
  7019	3.509750e+01	2.100000e+01
  7020	3.510250e+01	1.500000e+01
  7021	3.510750e+01	2.200000e+01
  7022	3.511250e+01	1.800000e+01
  7023	3.511750e+01	2.000000e+01
  7024	3.512250e+01	2.700000e+01
  7025	3.512750e+01	2.200000e+01
  7026	3.513250e+01	1.300000e+01
  7027	3.513750e+01	2.100000e+01
  7028	3.514250e+01	1.200000e+01
  7029	3.514750e+01	2.700000e+01
  7030	3.515250e+01	2.000000e+01
  7031	3.515750e+01	1.500000e+01
  7032	3.516250e+01	1.900000e+01
  7033	3.516750e+01	2.100000e+01
  7034	3.517250e+01	2.700000e+01
  7035	3.517750e+01	1.400000e+01
  7036	3.518250e+01	2.200000e+01
  7037	3.518750e+01	1.900000e+01
  7038	3.519250e+01	2.100000e+01
  7039	3.519750e+01	1.900000e+01
  7040	3.520250e+01	3.400000e+01
  7041	3.520750e+01	2.200000e+01
  7042	3.521250e+01	9.000000e+00
  7043	3.521750e+01	1.100000e+01
  7044	3.522250e+01	2.000000e+01
  7045	3.522750e+01	2.400000e+01
  7046	3.523250e+01	1.800000e+01
  7047	3.523750e+01	1.400000e+01
  7048	3.524250e+01	1.600000e+01
  7049	3.524750e+01	2.000000e+01
  7050	3.525250e+01	2.400000e+01
  7051	3.525750e+01	2.400000e+01
  7052	3.526250e+01	1.500000e+01
  7053	3.526750e+01	1.800000e+01
  7054	3.527250e+01	1.900000e+01
  7055	3.527750e+01	2.500000e+01
  7056	3.528250e+01	2.100000e+01
  7057	3.528750e+01	2.300000e+01
  7058	3.529250e+01	2.600000e+01
  7059	3.529750e+01	1.800000e+01
  7060	3.530250e+01	2.000000e+01
  7061	3.530750e+01	3.400000e+01
  7062	3.531250e+01	2.200000e+01
  7063	3.531750e+01	2.700000e+01
  7064	3.532250e+01	1.800000e+01
  7065	3.532750e+01	2.900000e+01
  7066	3.533250e+01	2.000000e+01
  7067	3.533750e+01	2.600000e+01
  7068	3.534250e+01	1.200000e+01
  7069	3.534750e+01	1.400000e+01
  7070	3.535250e+01	1.900000e+01
  7071	3.535750e+01	1.700000e+01
  7072	3.536250e+01	1.700000e+01
  7073	3.536750e+01	2.700000e+01
  7074	3.537250e+01	2.300000e+01
  7075	3.537750e+01	1.800000e+01
  7076	3.538250e+01	1.000000e+01
  7077	3.538750e+01	2.800000e+01
  7078	3.539250e+01	1.500000e+01
  7079	3.539750e+01	1.600000e+01
  7080	3.540250e+01	1.200000e+01
  7081	3.540750e+01	2.100000e+01
  7082	3.541250e+01	1.700000e+01
  7083	3.541750e+01	1.400000e+01
  7084	3.542250e+01	1.800000e+01
  7085	3.542750e+01	2.000000e+01
  7086	3.543250e+01	1.900000e+01
  7087	3.543750e+01	1.100000e+01
  7088	3.544250e+01	1.400000e+01
  7089	3.544750e+01	1.900000e+01
  7090	3.545250e+01	1.300000e+01
  7091	3.545750e+01	1.500000e+01
  7092	3.546250e+01	1.700000e+01
  7093	3.546750e+01	1.900000e+01
  7094	3.547250e+01	1.500000e+01
  7095	3.547750e+01	2.200000e+01
  7096	3.548250e+01	2.400000e+01
  7097	3.548750e+01	2.000000e+01
  7098	3.549250e+01	1.500000e+01
  7099	3.549750e+01	1.400000e+01
  7100	3.550250e+01	2.100000e+01
  7101	3.550750e+01	2.200000e+01
  7102	3.551250e+01	2.600000e+01
  7103	3.551750e+01	1.800000e+01
  7104	3.552250e+01	1.400000e+01
  7105	3.552750e+01	1.900000e+01
  7106	3.553250e+01	1.500000e+01
  7107	3.553750e+01	1.700000e+01
  7108	3.554250e+01	1.800000e+01
  7109	3.554750e+01	1.800000e+01
  7110	3.555250e+01	2.400000e+01
  7111	3.555750e+01	2.300000e+01
  7112	3.556250e+01	1.400000e+01
  7113	3.556750e+01	2.800000e+01
  7114	3.557250e+01	1.700000e+01
  7115	3.557750e+01	1.300000e+01
  7116	3.558250e+01	2.900000e+01
  7117	3.558750e+01	1.800000e+01
  7118	3.559250e+01	2.300000e+01
  7119	3.559750e+01	2.300000e+01
  7120	3.560250e+01	2.400000e+01
  7121	3.560750e+01	1.400000e+01
  7122	3.561250e+01	2.100000e+01
  7123	3.561750e+01	1.200000e+01
  7124	3.562250e+01	2.500000e+01
  7125	3.562750e+01	2.300000e+01
  7126	3.563250e+01	2.000000e+01
  7127	3.563750e+01	2.500000e+01
  7128	3.564250e+01	1.400000e+01
  7129	3.564750e+01	1.800000e+01
  7130	3.565250e+01	2.500000e+01
  7131	3.565750e+01	1.300000e+01
  7132	3.566250e+01	1.800000e+01
  7133	3.566750e+01	2.000000e+01
  7134	3.567250e+01	1.900000e+01
  7135	3.567750e+01	2.200000e+01
  7136	3.568250e+01	2.300000e+01
  7137	3.568750e+01	1.200000e+01
  7138	3.569250e+01	1.600000e+01
  7139	3.569750e+01	1.500000e+01
  7140	3.570250e+01	1.800000e+01
  7141	3.570750e+01	2.300000e+01
  7142	3.571250e+01	1.400000e+01
  7143	3.571750e+01	1.000000e+01
  7144	3.572250e+01	1.900000e+01
  7145	3.572750e+01	1.600000e+01
  7146	3.573250e+01	1.800000e+01
  7147	3.573750e+01	2.500000e+01
  7148	3.574250e+01	2.500000e+01
  7149	3.574750e+01	1.000000e+01
  7150	3.575250e+01	2.500000e+01
  7151	3.575750e+01	1.400000e+01
  7152	3.576250e+01	2.100000e+01
  7153	3.576750e+01	1.500000e+01
  7154	3.577250e+01	1.600000e+01
  7155	3.577750e+01	2.300000e+01
  7156	3.578250e+01	1.600000e+01
  7157	3.578750e+01	2.700000e+01
  7158	3.579250e+01	1.200000e+01
  7159	3.579750e+01	1.900000e+01
  7160	3.580250e+01	2.100000e+01
  7161	3.580750e+01	1.200000e+01
  7162	3.581250e+01	2.000000e+01
  7163	3.581750e+01	1.600000e+01
  7164	3.582250e+01	1.900000e+01
  7165	3.582750e+01	2.000000e+01
  7166	3.583250e+01	9.000000e+00
  7167	3.583750e+01	3.000000e+01
  7168	3.584250e+01	1.300000e+01
  7169	3.584750e+01	3.000000e+01
  7170	3.585250e+01	2.100000e+01
  7171	3.585750e+01	1.500000e+01
  7172	3.586250e+01	1.800000e+01
  7173	3.586750e+01	1.600000e+01
  7174	3.587250e+01	1.100000e+01
  7175	3.587750e+01	2.400000e+01
  7176	3.588250e+01	1.300000e+01
  7177	3.588750e+01	1.800000e+01
  7178	3.589250e+01	1.800000e+01
  7179	3.589750e+01	2.000000e+01
  7180	3.590250e+01	2.300000e+01
  7181	3.590750e+01	2.000000e+01
  7182	3.591250e+01	1.700000e+01
  7183	3.591750e+01	2.300000e+01
  7184	3.592250e+01	1.900000e+01
  7185	3.592750e+01	1.500000e+01
  7186	3.593250e+01	1.700000e+01
  7187	3.593750e+01	1.000000e+01
  7188	3.594250e+01	1.200000e+01
  7189	3.594750e+01	2.700000e+01
  7190	3.595250e+01	1.600000e+01
  7191	3.595750e+01	1.200000e+01
  7192	3.596250e+01	1.900000e+01
  7193	3.596750e+01	1.300000e+01
  7194	3.597250e+01	1.400000e+01
  7195	3.597750e+01	1.300000e+01
  7196	3.598250e+01	2.400000e+01
  7197	3.598750e+01	2.800000e+01
  7198	3.599250e+01	1.600000e+01
  7199	3.599750e+01	2.200000e+01
  7200	3.600250e+01	2.300000e+01
  7201	3.600750e+01	7.000000e+00
  7202	3.601250e+01	1.300000e+01
  7203	3.601750e+01	2.200000e+01
  7204	3.602250e+01	1.800000e+01
  7205	3.602750e+01	1.300000e+01
  7206	3.603250e+01	1.600000e+01
  7207	3.603750e+01	2.100000e+01
  7208	3.604250e+01	1.700000e+01
  7209	3.604750e+01	1.100000e+01
  7210	3.605250e+01	1.700000e+01
  7211	3.605750e+01	2.500000e+01
  7212	3.606250e+01	1.900000e+01
  7213	3.606750e+01	2.000000e+01
  7214	3.607250e+01	1.800000e+01
  7215	3.607750e+01	2.600000e+01
  7216	3.608250e+01	2.000000e+01
  7217	3.608750e+01	1.500000e+01
  7218	3.609250e+01	1.600000e+01
  7219	3.609750e+01	2.200000e+01
  7220	3.610250e+01	1.900000e+01
  7221	3.610750e+01	1.400000e+01
  7222	3.611250e+01	2.000000e+01
  7223	3.611750e+01	1.100000e+01
  7224	3.612250e+01	1.800000e+01
  7225	3.612750e+01	1.900000e+01
  7226	3.613250e+01	1.600000e+01
  7227	3.613750e+01	2.300000e+01
  7228	3.614250e+01	1.700000e+01
  7229	3.614750e+01	2.200000e+01
  7230	3.615250e+01	1.400000e+01
  7231	3.615750e+01	2.100000e+01
  7232	3.616250e+01	2.200000e+01
  7233	3.616750e+01	1.200000e+01
  7234	3.617250e+01	2.000000e+01
  7235	3.617750e+01	1.600000e+01
  7236	3.618250e+01	2.700000e+01
  7237	3.618750e+01	1.300000e+01
  7238	3.619250e+01	2.100000e+01
  7239	3.619750e+01	1.700000e+01
  7240	3.620250e+01	1.800000e+01
  7241	3.620750e+01	1.400000e+01
  7242	3.621250e+01	2.600000e+01
  7243	3.621750e+01	1.700000e+01
  7244	3.622250e+01	2.300000e+01
  7245	3.622750e+01	1.500000e+01
  7246	3.623250e+01	1.800000e+01
  7247	3.623750e+01	1.500000e+01
  7248	3.624250e+01	1.300000e+01
  7249	3.624750e+01	2.000000e+01
  7250	3.625250e+01	1.400000e+01
  7251	3.625750e+01	1.900000e+01
  7252	3.626250e+01	1.200000e+01
  7253	3.626750e+01	1.800000e+01
  7254	3.627250e+01	1.500000e+01
  7255	3.627750e+01	1.500000e+01
  7256	3.628250e+01	1.800000e+01
  7257	3.628750e+01	1.400000e+01
  7258	3.629250e+01	1.600000e+01
  7259	3.629750e+01	1.900000e+01
  7260	3.630250e+01	1.400000e+01
  7261	3.630750e+01	2.300000e+01
  7262	3.631250e+01	1.600000e+01
  7263	3.631750e+01	1.800000e+01
  7264	3.632250e+01	1.300000e+01
  7265	3.632750e+01	1.600000e+01
  7266	3.633250e+01	2.200000e+01
  7267	3.633750e+01	1.400000e+01
  7268	3.634250e+01	1.600000e+01
  7269	3.634750e+01	1.700000e+01
  7270	3.635250e+01	1.900000e+01
  7271	3.635750e+01	1.300000e+01
  7272	3.636250e+01	1.400000e+01
  7273	3.636750e+01	2.500000e+01
  7274	3.637250e+01	1.500000e+01
  7275	3.637750e+01	1.400000e+01
  7276	3.638250e+01	1.600000e+01
  7277	3.638750e+01	1.500000e+01
  7278	3.639250e+01	2.200000e+01
  7279	3.639750e+01	1.400000e+01
  7280	3.640250e+01	1.900000e+01
  7281	3.640750e+01	1.500000e+01
  7282	3.641250e+01	1.600000e+01
  7283	3.641750e+01	1.600000e+01
  7284	3.642250e+01	1.300000e+01
  7285	3.642750e+01	2.500000e+01
  7286	3.643250e+01	1.600000e+01
  7287	3.643750e+01	1.700000e+01
  7288	3.644250e+01	1.800000e+01
  7289	3.644750e+01	1.400000e+01
  7290	3.645250e+01	2.200000e+01
  7291	3.645750e+01	1.800000e+01
  7292	3.646250e+01	1.800000e+01
  7293	3.646750e+01	1.600000e+01
  7294	3.647250e+01	1.100000e+01
  7295	3.647750e+01	2.100000e+01
  7296	3.648250e+01	2.000000e+01
  7297	3.648750e+01	1.700000e+01
  7298	3.649250e+01	1.300000e+01
  7299	3.649750e+01	1.800000e+01
  7300	3.650250e+01	1.600000e+01
  7301	3.650750e+01	1.100000e+01
  7302	3.651250e+01	1.600000e+01
  7303	3.651750e+01	1.500000e+01
  7304	3.652250e+01	1.500000e+01
  7305	3.652750e+01	1.100000e+01
  7306	3.653250e+01	1.600000e+01
  7307	3.653750e+01	1.100000e+01
  7308	3.654250e+01	1.700000e+01
  7309	3.654750e+01	1.400000e+01
  7310	3.655250e+01	1.800000e+01
  7311	3.655750e+01	1.000000e+01
  7312	3.656250e+01	1.700000e+01
  7313	3.656750e+01	1.400000e+01
  7314	3.657250e+01	2.600000e+01
  7315	3.657750e+01	2.200000e+01
  7316	3.658250e+01	2.000000e+01
  7317	3.658750e+01	2.100000e+01
  7318	3.659250e+01	1.400000e+01
  7319	3.659750e+01	1.900000e+01
  7320	3.660250e+01	1.500000e+01
  7321	3.660750e+01	1.300000e+01
  7322	3.661250e+01	1.300000e+01
  7323	3.661750e+01	9.000000e+00
  7324	3.662250e+01	2.000000e+01
  7325	3.662750e+01	2.100000e+01
  7326	3.663250e+01	1.300000e+01
  7327	3.663750e+01	1.100000e+01
  7328	3.664250e+01	1.900000e+01
  7329	3.664750e+01	1.400000e+01
  7330	3.665250e+01	2.000000e+01
  7331	3.665750e+01	2.100000e+01
  7332	3.666250e+01	1.400000e+01
  7333	3.666750e+01	1.800000e+01
  7334	3.667250e+01	1.800000e+01
  7335	3.667750e+01	1.000000e+01
  7336	3.668250e+01	2.200000e+01
  7337	3.668750e+01	2.000000e+01
  7338	3.669250e+01	8.000000e+00
  7339	3.669750e+01	1.500000e+01
  7340	3.670250e+01	1.600000e+01
  7341	3.670750e+01	1.200000e+01
  7342	3.671250e+01	1.600000e+01
  7343	3.671750e+01	1.800000e+01
  7344	3.672250e+01	1.300000e+01
  7345	3.672750e+01	8.000000e+00
  7346	3.673250e+01	1.900000e+01
  7347	3.673750e+01	1.600000e+01
  7348	3.674250e+01	1.700000e+01
  7349	3.674750e+01	1.300000e+01
  7350	3.675250e+01	2.100000e+01
  7351	3.675750e+01	1.400000e+01
  7352	3.676250e+01	1.200000e+01
  7353	3.676750e+01	1.900000e+01
  7354	3.677250e+01	1.800000e+01
  7355	3.677750e+01	1.600000e+01
  7356	3.678250e+01	1.900000e+01
  7357	3.678750e+01	1.700000e+01
  7358	3.679250e+01	2.000000e+01
  7359	3.679750e+01	1.900000e+01
  7360	3.680250e+01	1.300000e+01
  7361	3.680750e+01	1.600000e+01
  7362	3.681250e+01	2.500000e+01
  7363	3.681750e+01	1.300000e+01
  7364	3.682250e+01	1.000000e+01
  7365	3.682750e+01	1.500000e+01
  7366	3.683250e+01	1.300000e+01
  7367	3.683750e+01	1.800000e+01
  7368	3.684250e+01	1.400000e+01
  7369	3.684750e+01	2.100000e+01
  7370	3.685250e+01	1.400000e+01
  7371	3.685750e+01	1.200000e+01
  7372	3.686250e+01	2.000000e+01
  7373	3.686750e+01	1.600000e+01
  7374	3.687250e+01	8.000000e+00
  7375	3.687750e+01	1.600000e+01
  7376	3.688250e+01	1.700000e+01
  7377	3.688750e+01	1.600000e+01
  7378	3.689250e+01	1.800000e+01
  7379	3.689750e+01	1.900000e+01
  7380	3.690250e+01	1.700000e+01
  7381	3.690750e+01	2.000000e+01
  7382	3.691250e+01	1.800000e+01
  7383	3.691750e+01	1.800000e+01
  7384	3.692250e+01	1.200000e+01
  7385	3.692750e+01	1.400000e+01
  7386	3.693250e+01	1.200000e+01
  7387	3.693750e+01	1.600000e+01
  7388	3.694250e+01	1.500000e+01
  7389	3.694750e+01	2.000000e+01
  7390	3.695250e+01	1.200000e+01
  7391	3.695750e+01	1.500000e+01
  7392	3.696250e+01	1.700000e+01
  7393	3.696750e+01	1.800000e+01
  7394	3.697250e+01	2.000000e+01
  7395	3.697750e+01	1.300000e+01
  7396	3.698250e+01	1.400000e+01
  7397	3.698750e+01	1.000000e+01
  7398	3.699250e+01	7.000000e+00
  7399	3.699750e+01	1.600000e+01
  7400	3.700250e+01	1.700000e+01
  7401	3.700750e+01	2.200000e+01
  7402	3.701250e+01	1.400000e+01
  7403	3.701750e+01	1.500000e+01
  7404	3.702250e+01	1.900000e+01
  7405	3.702750e+01	1.000000e+01
  7406	3.703250e+01	1.100000e+01
  7407	3.703750e+01	1.200000e+01
  7408	3.704250e+01	1.700000e+01
  7409	3.704750e+01	1.200000e+01
  7410	3.705250e+01	2.000000e+01
  7411	3.705750e+01	1.400000e+01
  7412	3.706250e+01	9.000000e+00
  7413	3.706750e+01	1.300000e+01
  7414	3.707250e+01	1.400000e+01
  7415	3.707750e+01	7.000000e+00
  7416	3.708250e+01	1.600000e+01
  7417	3.708750e+01	1.600000e+01
  7418	3.709250e+01	1.200000e+01
  7419	3.709750e+01	1.300000e+01
  7420	3.710250e+01	1.500000e+01
  7421	3.710750e+01	9.000000e+00
  7422	3.711250e+01	1.700000e+01
  7423	3.711750e+01	1.700000e+01
  7424	3.712250e+01	1.000000e+01
  7425	3.712750e+01	1.500000e+01
  7426	3.713250e+01	1.300000e+01
  7427	3.713750e+01	1.000000e+01
  7428	3.714250e+01	6.000000e+00
  7429	3.714750e+01	1.100000e+01
  7430	3.715250e+01	1.700000e+01
  7431	3.715750e+01	1.500000e+01
  7432	3.716250e+01	1.500000e+01
  7433	3.716750e+01	2.000000e+01
  7434	3.717250e+01	1.800000e+01
  7435	3.717750e+01	1.000000e+01
  7436	3.718250e+01	1.800000e+01
  7437	3.718750e+01	1.500000e+01
  7438	3.719250e+01	1.500000e+01
  7439	3.719750e+01	1.600000e+01
  7440	3.720250e+01	1.500000e+01
  7441	3.720750e+01	1.000000e+01
  7442	3.721250e+01	1.900000e+01
  7443	3.721750e+01	2.100000e+01
  7444	3.722250e+01	1.800000e+01
  7445	3.722750e+01	1.500000e+01
  7446	3.723250e+01	1.900000e+01
  7447	3.723750e+01	1.800000e+01
  7448	3.724250e+01	1.300000e+01
  7449	3.724750e+01	2.100000e+01
  7450	3.725250e+01	1.500000e+01
  7451	3.725750e+01	1.100000e+01
  7452	3.726250e+01	1.500000e+01
  7453	3.726750e+01	2.000000e+01
  7454	3.727250e+01	1.600000e+01
  7455	3.727750e+01	1.800000e+01
  7456	3.728250e+01	1.400000e+01
  7457	3.728750e+01	1.500000e+01
  7458	3.729250e+01	1.200000e+01
  7459	3.729750e+01	1.400000e+01
  7460	3.730250e+01	1.200000e+01
  7461	3.730750e+01	1.400000e+01
  7462	3.731250e+01	1.500000e+01
  7463	3.731750e+01	7.000000e+00
  7464	3.732250e+01	1.600000e+01
  7465	3.732750e+01	1.400000e+01
  7466	3.733250e+01	1.400000e+01
  7467	3.733750e+01	1.400000e+01
  7468	3.734250e+01	1.500000e+01
  7469	3.734750e+01	1.500000e+01
  7470	3.735250e+01	8.000000e+00
  7471	3.735750e+01	2.500000e+01
  7472	3.736250e+01	1.200000e+01
  7473	3.736750e+01	9.000000e+00
  7474	3.737250e+01	1.500000e+01
  7475	3.737750e+01	1.000000e+01
  7476	3.738250e+01	1.800000e+01
  7477	3.738750e+01	1.800000e+01
  7478	3.739250e+01	1.200000e+01
  7479	3.739750e+01	1.300000e+01
  7480	3.740250e+01	1.500000e+01
  7481	3.740750e+01	1.900000e+01
  7482	3.741250e+01	2.500000e+01
  7483	3.741750e+01	1.500000e+01
  7484	3.742250e+01	2.200000e+01
  7485	3.742750e+01	1.000000e+01
  7486	3.743250e+01	1.800000e+01
  7487	3.743750e+01	1.400000e+01
  7488	3.744250e+01	1.200000e+01
  7489	3.744750e+01	1.300000e+01
  7490	3.745250e+01	1.600000e+01
  7491	3.745750e+01	8.000000e+00
  7492	3.746250e+01	1.700000e+01
  7493	3.746750e+01	1.700000e+01
  7494	3.747250e+01	1.200000e+01
  7495	3.747750e+01	1.600000e+01
  7496	3.748250e+01	1.800000e+01
  7497	3.748750e+01	1.700000e+01
  7498	3.749250e+01	1.700000e+01
  7499	3.749750e+01	1.200000e+01
  7500	3.750250e+01	1.300000e+01
  7501	3.750750e+01	1.000000e+01
  7502	3.751250e+01	1.000000e+01
  7503	3.751750e+01	1.800000e+01
  7504	3.752250e+01	6.000000e+00
  7505	3.752750e+01	1.200000e+01
  7506	3.753250e+01	1.300000e+01
  7507	3.753750e+01	1.700000e+01
  7508	3.754250e+01	1.200000e+01
  7509	3.754750e+01	1.100000e+01
  7510	3.755250e+01	1.900000e+01
  7511	3.755750e+01	1.500000e+01
  7512	3.756250e+01	1.800000e+01
  7513	3.756750e+01	1.800000e+01
  7514	3.757250e+01	9.000000e+00
  7515	3.757750e+01	1.200000e+01
  7516	3.758250e+01	2.000000e+01
  7517	3.758750e+01	1.500000e+01
  7518	3.759250e+01	1.900000e+01
  7519	3.759750e+01	1.600000e+01
  7520	3.760250e+01	2.000000e+01
  7521	3.760750e+01	1.200000e+01
  7522	3.761250e+01	1.100000e+01
  7523	3.761750e+01	1.300000e+01
  7524	3.762250e+01	1.800000e+01
  7525	3.762750e+01	1.300000e+01
  7526	3.763250e+01	1.700000e+01
  7527	3.763750e+01	1.100000e+01
  7528	3.764250e+01	1.500000e+01
  7529	3.764750e+01	1.000000e+01
  7530	3.765250e+01	1.600000e+01
  7531	3.765750e+01	9.000000e+00
  7532	3.766250e+01	1.000000e+01
  7533	3.766750e+01	8.000000e+00
  7534	3.767250e+01	1.600000e+01
  7535	3.767750e+01	1.100000e+01
  7536	3.768250e+01	1.000000e+01
  7537	3.768750e+01	7.000000e+00
  7538	3.769250e+01	2.100000e+01
  7539	3.769750e+01	1.600000e+01
  7540	3.770250e+01	1.600000e+01
  7541	3.770750e+01	1.500000e+01
  7542	3.771250e+01	1.300000e+01
  7543	3.771750e+01	1.200000e+01
  7544	3.772250e+01	1.100000e+01
  7545	3.772750e+01	1.300000e+01
  7546	3.773250e+01	9.000000e+00
  7547	3.773750e+01	5.000000e+00
  7548	3.774250e+01	1.600000e+01
  7549	3.774750e+01	1.400000e+01
  7550	3.775250e+01	1.000000e+01
  7551	3.775750e+01	8.000000e+00
  7552	3.776250e+01	1.200000e+01
  7553	3.776750e+01	1.300000e+01
  7554	3.777250e+01	1.300000e+01
  7555	3.777750e+01	1.400000e+01
  7556	3.778250e+01	1.200000e+01
  7557	3.778750e+01	1.500000e+01
  7558	3.779250e+01	1.400000e+01
  7559	3.779750e+01	8.000000e+00
  7560	3.780250e+01	1.400000e+01
  7561	3.780750e+01	1.200000e+01
  7562	3.781250e+01	1.100000e+01
  7563	3.781750e+01	1.100000e+01
  7564	3.782250e+01	1.700000e+01
  7565	3.782750e+01	6.000000e+00
  7566	3.783250e+01	1.800000e+01
  7567	3.783750e+01	1.900000e+01
  7568	3.784250e+01	2.500000e+01
  7569	3.784750e+01	9.000000e+00
  7570	3.785250e+01	1.600000e+01
  7571	3.785750e+01	1.300000e+01
  7572	3.786250e+01	1.800000e+01
  7573	3.786750e+01	1.200000e+01
  7574	3.787250e+01	1.500000e+01
  7575	3.787750e+01	1.700000e+01
  7576	3.788250e+01	1.400000e+01
  7577	3.788750e+01	9.000000e+00
  7578	3.789250e+01	1.200000e+01
  7579	3.789750e+01	1.400000e+01
  7580	3.790250e+01	1.500000e+01
  7581	3.790750e+01	6.000000e+00
  7582	3.791250e+01	7.000000e+00
  7583	3.791750e+01	1.700000e+01
  7584	3.792250e+01	1.200000e+01
  7585	3.792750e+01	1.200000e+01
  7586	3.793250e+01	1.000000e+01
  7587	3.793750e+01	1.300000e+01
  7588	3.794250e+01	1.000000e+01
  7589	3.794750e+01	2.100000e+01
  7590	3.795250e+01	1.700000e+01
  7591	3.795750e+01	1.300000e+01
  7592	3.796250e+01	1.300000e+01
  7593	3.796750e+01	1.500000e+01
  7594	3.797250e+01	1.300000e+01
  7595	3.797750e+01	1.000000e+01
  7596	3.798250e+01	8.000000e+00
  7597	3.798750e+01	1.700000e+01
  7598	3.799250e+01	1.000000e+01
  7599	3.799750e+01	4.000000e+00
  7600	3.800250e+01	1.400000e+01
  7601	3.800750e+01	2.200000e+01
  7602	3.801250e+01	1.100000e+01
  7603	3.801750e+01	1.800000e+01
  7604	3.802250e+01	1.400000e+01
  7605	3.802750e+01	2.100000e+01
  7606	3.803250e+01	1.700000e+01
  7607	3.803750e+01	1.300000e+01
  7608	3.804250e+01	1.500000e+01
  7609	3.804750e+01	2.000000e+01
  7610	3.805250e+01	1.100000e+01
  7611	3.805750e+01	1.400000e+01
  7612	3.806250e+01	1.100000e+01
  7613	3.806750e+01	1.500000e+01
  7614	3.807250e+01	1.400000e+01
  7615	3.807750e+01	1.500000e+01
  7616	3.808250e+01	1.000000e+01
  7617	3.808750e+01	1.900000e+01
  7618	3.809250e+01	7.000000e+00
  7619	3.809750e+01	1.000000e+01
  7620	3.810250e+01	1.100000e+01
  7621	3.810750e+01	1.600000e+01
  7622	3.811250e+01	8.000000e+00
  7623	3.811750e+01	1.300000e+01
  7624	3.812250e+01	1.700000e+01
  7625	3.812750e+01	1.300000e+01
  7626	3.813250e+01	9.000000e+00
  7627	3.813750e+01	1.300000e+01
  7628	3.814250e+01	7.000000e+00
  7629	3.814750e+01	1.300000e+01
  7630	3.815250e+01	1.100000e+01
  7631	3.815750e+01	1.100000e+01
  7632	3.816250e+01	1.500000e+01
  7633	3.816750e+01	8.000000e+00
  7634	3.817250e+01	9.000000e+00
  7635	3.817750e+01	9.000000e+00
  7636	3.818250e+01	1.700000e+01
  7637	3.818750e+01	1.400000e+01
  7638	3.819250e+01	9.000000e+00
  7639	3.819750e+01	2.200000e+01
  7640	3.820250e+01	2.000000e+01
  7641	3.820750e+01	1.100000e+01
  7642	3.821250e+01	1.500000e+01
  7643	3.821750e+01	1.100000e+01
  7644	3.822250e+01	1.500000e+01
  7645	3.822750e+01	1.000000e+01
  7646	3.823250e+01	1.300000e+01
  7647	3.823750e+01	9.000000e+00
  7648	3.824250e+01	1.300000e+01
  7649	3.824750e+01	1.100000e+01
  7650	3.825250e+01	9.000000e+00
  7651	3.825750e+01	1.500000e+01
  7652	3.826250e+01	1.000000e+01
  7653	3.826750e+01	1.400000e+01
  7654	3.827250e+01	1.700000e+01
  7655	3.827750e+01	1.400000e+01
  7656	3.828250e+01	1.400000e+01
  7657	3.828750e+01	1.600000e+01
  7658	3.829250e+01	9.000000e+00
  7659	3.829750e+01	1.200000e+01
  7660	3.830250e+01	1.000000e+01
  7661	3.830750e+01	1.200000e+01
  7662	3.831250e+01	1.100000e+01
  7663	3.831750e+01	1.100000e+01
  7664	3.832250e+01	7.000000e+00
  7665	3.832750e+01	1.500000e+01
  7666	3.833250e+01	1.200000e+01
  7667	3.833750e+01	2.000000e+01
  7668	3.834250e+01	1.100000e+01
  7669	3.834750e+01	1.900000e+01
  7670	3.835250e+01	1.500000e+01
  7671	3.835750e+01	9.000000e+00
  7672	3.836250e+01	8.000000e+00
  7673	3.836750e+01	1.000000e+01
  7674	3.837250e+01	1.100000e+01
  7675	3.837750e+01	1.000000e+01
  7676	3.838250e+01	1.300000e+01
  7677	3.838750e+01	9.000000e+00
  7678	3.839250e+01	1.000000e+01
  7679	3.839750e+01	1.000000e+01
  7680	3.840250e+01	1.800000e+01
  7681	3.840750e+01	1.000000e+01
  7682	3.841250e+01	1.100000e+01
  7683	3.841750e+01	1.000000e+01
  7684	3.842250e+01	1.800000e+01
  7685	3.842750e+01	1.300000e+01
  7686	3.843250e+01	8.000000e+00
  7687	3.843750e+01	8.000000e+00
  7688	3.844250e+01	1.500000e+01
  7689	3.844750e+01	8.000000e+00
  7690	3.845250e+01	1.800000e+01
  7691	3.845750e+01	8.000000e+00
  7692	3.846250e+01	1.200000e+01
  7693	3.846750e+01	9.000000e+00
  7694	3.847250e+01	1.300000e+01
  7695	3.847750e+01	1.700000e+01
  7696	3.848250e+01	1.200000e+01
  7697	3.848750e+01	8.000000e+00
  7698	3.849250e+01	1.100000e+01
  7699	3.849750e+01	1.100000e+01
  7700	3.850250e+01	1.500000e+01
  7701	3.850750e+01	1.700000e+01
  7702	3.851250e+01	1.500000e+01
  7703	3.851750e+01	1.800000e+01
  7704	3.852250e+01	1.500000e+01
  7705	3.852750e+01	1.000000e+01
  7706	3.853250e+01	1.400000e+01
  7707	3.853750e+01	1.200000e+01
  7708	3.854250e+01	8.000000e+00
  7709	3.854750e+01	9.000000e+00
  7710	3.855250e+01	1.100000e+01
  7711	3.855750e+01	1.400000e+01
  7712	3.856250e+01	1.300000e+01
  7713	3.856750e+01	5.000000e+00
  7714	3.857250e+01	1.100000e+01
  7715	3.857750e+01	1.000000e+01
  7716	3.858250e+01	9.000000e+00
  7717	3.858750e+01	1.100000e+01
  7718	3.859250e+01	1.300000e+01
  7719	3.859750e+01	1.400000e+01
  7720	3.860250e+01	1.200000e+01
  7721	3.860750e+01	1.200000e+01
  7722	3.861250e+01	1.800000e+01
  7723	3.861750e+01	1.500000e+01
  7724	3.862250e+01	1.000000e+01
  7725	3.862750e+01	1.300000e+01
  7726	3.863250e+01	1.500000e+01
  7727	3.863750e+01	8.000000e+00
  7728	3.864250e+01	8.000000e+00
  7729	3.864750e+01	1.500000e+01
  7730	3.865250e+01	1.700000e+01
  7731	3.865750e+01	1.200000e+01
  7732	3.866250e+01	7.000000e+00
  7733	3.866750e+01	1.100000e+01
  7734	3.867250e+01	1.500000e+01
  7735	3.867750e+01	1.000000e+01
  7736	3.868250e+01	9.000000e+00
  7737	3.868750e+01	1.000000e+01
  7738	3.869250e+01	1.300000e+01
  7739	3.869750e+01	1.000000e+01
  7740	3.870250e+01	9.000000e+00
  7741	3.870750e+01	1.500000e+01
  7742	3.871250e+01	1.200000e+01
  7743	3.871750e+01	1.100000e+01
  7744	3.872250e+01	7.000000e+00
  7745	3.872750e+01	1.300000e+01
  7746	3.873250e+01	1.400000e+01
  7747	3.873750e+01	1.200000e+01
  7748	3.874250e+01	1.300000e+01
  7749	3.874750e+01	1.400000e+01
  7750	3.875250e+01	1.500000e+01
  7751	3.875750e+01	1.100000e+01
  7752	3.876250e+01	1.100000e+01
  7753	3.876750e+01	5.000000e+00
  7754	3.877250e+01	2.000000e+01
  7755	3.877750e+01	1.200000e+01
  7756	3.878250e+01	9.000000e+00
  7757	3.878750e+01	7.000000e+00
  7758	3.879250e+01	7.000000e+00
  7759	3.879750e+01	1.000000e+01
  7760	3.880250e+01	1.400000e+01
  7761	3.880750e+01	1.300000e+01
  7762	3.881250e+01	1.100000e+01
  7763	3.881750e+01	8.000000e+00
  7764	3.882250e+01	1.400000e+01
  7765	3.882750e+01	1.200000e+01
  7766	3.883250e+01	1.300000e+01
  7767	3.883750e+01	1.000000e+01
  7768	3.884250e+01	9.000000e+00
  7769	3.884750e+01	1.500000e+01
  7770	3.885250e+01	1.500000e+01
  7771	3.885750e+01	1.200000e+01
  7772	3.886250e+01	1.500000e+01
  7773	3.886750e+01	1.400000e+01
  7774	3.887250e+01	7.000000e+00
  7775	3.887750e+01	1.100000e+01
  7776	3.888250e+01	1.900000e+01
  7777	3.888750e+01	1.400000e+01
  7778	3.889250e+01	6.000000e+00
  7779	3.889750e+01	9.000000e+00
  7780	3.890250e+01	7.000000e+00
  7781	3.890750e+01	1.400000e+01
  7782	3.891250e+01	1.300000e+01
  7783	3.891750e+01	1.000000e+01
  7784	3.892250e+01	9.000000e+00
  7785	3.892750e+01	1.500000e+01
  7786	3.893250e+01	1.400000e+01
  7787	3.893750e+01	1.000000e+01
  7788	3.894250e+01	2.000000e+01
  7789	3.894750e+01	1.400000e+01
  7790	3.895250e+01	9.000000e+00
  7791	3.895750e+01	1.100000e+01
  7792	3.896250e+01	1.800000e+01
  7793	3.896750e+01	1.200000e+01
  7794	3.897250e+01	1.500000e+01
  7795	3.897750e+01	1.500000e+01
  7796	3.898250e+01	9.000000e+00
  7797	3.898750e+01	8.000000e+00
  7798	3.899250e+01	1.600000e+01
  7799	3.899750e+01	1.400000e+01
  7800	3.900250e+01	1.000000e+01
  7801	3.900750e+01	1.100000e+01
  7802	3.901250e+01	1.300000e+01
  7803	3.901750e+01	1.800000e+01
  7804	3.902250e+01	9.000000e+00
  7805	3.902750e+01	8.000000e+00
  7806	3.903250e+01	9.000000e+00
  7807	3.903750e+01	1.400000e+01
  7808	3.904250e+01	9.000000e+00
  7809	3.904750e+01	8.000000e+00
  7810	3.905250e+01	6.000000e+00
  7811	3.905750e+01	1.100000e+01
  7812	3.906250e+01	6.000000e+00
  7813	3.906750e+01	6.000000e+00
  7814	3.907250e+01	8.000000e+00
  7815	3.907750e+01	1.400000e+01
  7816	3.908250e+01	1.000000e+00
  7817	3.908750e+01	2.400000e+01
  7818	3.909250e+01	8.000000e+00
  7819	3.909750e+01	1.400000e+01
  7820	3.910250e+01	1.600000e+01
  7821	3.910750e+01	1.200000e+01
  7822	3.911250e+01	8.000000e+00
  7823	3.911750e+01	1.200000e+01
  7824	3.912250e+01	1.200000e+01
  7825	3.912750e+01	8.000000e+00
  7826	3.913250e+01	1.000000e+01
  7827	3.913750e+01	1.500000e+01
  7828	3.914250e+01	1.100000e+01
  7829	3.914750e+01	1.300000e+01
  7830	3.915250e+01	7.000000e+00
  7831	3.915750e+01	1.000000e+01
  7832	3.916250e+01	8.000000e+00
  7833	3.916750e+01	6.000000e+00
  7834	3.917250e+01	1.800000e+01
  7835	3.917750e+01	8.000000e+00
  7836	3.918250e+01	8.000000e+00
  7837	3.918750e+01	1.300000e+01
  7838	3.919250e+01	1.300000e+01
  7839	3.919750e+01	1.000000e+01
  7840	3.920250e+01	7.000000e+00
  7841	3.920750e+01	8.000000e+00
  7842	3.921250e+01	1.100000e+01
  7843	3.921750e+01	8.000000e+00
  7844	3.922250e+01	9.000000e+00
  7845	3.922750e+01	9.000000e+00
  7846	3.923250e+01	8.000000e+00
  7847	3.923750e+01	1.300000e+01
  7848	3.924250e+01	1.400000e+01
  7849	3.924750e+01	1.100000e+01
  7850	3.925250e+01	1.300000e+01
  7851	3.925750e+01	1.100000e+01
  7852	3.926250e+01	1.000000e+01
  7853	3.926750e+01	4.000000e+00
  7854	3.927250e+01	1.200000e+01
  7855	3.927750e+01	1.600000e+01
  7856	3.928250e+01	2.000000e+01
  7857	3.928750e+01	1.100000e+01
  7858	3.929250e+01	7.000000e+00
  7859	3.929750e+01	1.400000e+01
  7860	3.930250e+01	6.000000e+00
  7861	3.930750e+01	1.100000e+01
  7862	3.931250e+01	8.000000e+00
  7863	3.931750e+01	1.300000e+01
  7864	3.932250e+01	9.000000e+00
  7865	3.932750e+01	9.000000e+00
  7866	3.933250e+01	9.000000e+00
  7867	3.933750e+01	9.000000e+00
  7868	3.934250e+01	1.400000e+01
  7869	3.934750e+01	1.800000e+01
  7870	3.935250e+01	1.300000e+01
  7871	3.935750e+01	2.100000e+01
  7872	3.936250e+01	9.000000e+00
  7873	3.936750e+01	1.100000e+01
  7874	3.937250e+01	1.400000e+01
  7875	3.937750e+01	1.200000e+01
  7876	3.938250e+01	4.000000e+00
  7877	3.938750e+01	1.300000e+01
  7878	3.939250e+01	6.000000e+00
  7879	3.939750e+01	1.000000e+01
  7880	3.940250e+01	1.100000e+01
  7881	3.940750e+01	8.000000e+00
  7882	3.941250e+01	1.000000e+01
  7883	3.941750e+01	1.100000e+01
  7884	3.942250e+01	1.200000e+01
  7885	3.942750e+01	7.000000e+00
  7886	3.943250e+01	1.400000e+01
  7887	3.943750e+01	9.000000e+00
  7888	3.944250e+01	1.100000e+01
  7889	3.944750e+01	1.100000e+01
  7890	3.945250e+01	9.000000e+00
  7891	3.945750e+01	6.000000e+00
  7892	3.946250e+01	1.200000e+01
  7893	3.946750e+01	9.000000e+00
  7894	3.947250e+01	1.100000e+01
  7895	3.947750e+01	1.000000e+01
  7896	3.948250e+01	7.000000e+00
  7897	3.948750e+01	1.100000e+01
  7898	3.949250e+01	1.000000e+01
  7899	3.949750e+01	9.000000e+00
  7900	3.950250e+01	6.000000e+00
  7901	3.950750e+01	1.000000e+01
  7902	3.951250e+01	1.000000e+01
  7903	3.951750e+01	7.000000e+00
  7904	3.952250e+01	9.000000e+00
  7905	3.952750e+01	1.800000e+01
  7906	3.953250e+01	1.000000e+01
  7907	3.953750e+01	8.000000e+00
  7908	3.954250e+01	1.200000e+01
  7909	3.954750e+01	1.100000e+01
  7910	3.955250e+01	1.200000e+01
  7911	3.955750e+01	7.000000e+00
  7912	3.956250e+01	1.000000e+01
  7913	3.956750e+01	8.000000e+00
  7914	3.957250e+01	2.000000e+01
  7915	3.957750e+01	6.000000e+00
  7916	3.958250e+01	9.000000e+00
  7917	3.958750e+01	1.000000e+01
  7918	3.959250e+01	1.000000e+01
  7919	3.959750e+01	9.000000e+00
  7920	3.960250e+01	9.000000e+00
  7921	3.960750e+01	1.000000e+01
  7922	3.961250e+01	1.100000e+01
  7923	3.961750e+01	1.100000e+01
  7924	3.962250e+01	1.000000e+01
  7925	3.962750e+01	8.000000e+00
  7926	3.963250e+01	9.000000e+00
  7927	3.963750e+01	7.000000e+00
  7928	3.964250e+01	1.100000e+01
  7929	3.964750e+01	1.000000e+01
  7930	3.965250e+01	1.100000e+01
  7931	3.965750e+01	1.000000e+01
  7932	3.966250e+01	1.000000e+01
  7933	3.966750e+01	1.100000e+01
  7934	3.967250e+01	1.100000e+01
  7935	3.967750e+01	1.100000e+01
  7936	3.968250e+01	6.000000e+00
  7937	3.968750e+01	1.000000e+01
  7938	3.969250e+01	8.000000e+00
  7939	3.969750e+01	9.000000e+00
  7940	3.970250e+01	7.000000e+00
  7941	3.970750e+01	6.000000e+00
  7942	3.971250e+01	8.000000e+00
  7943	3.971750e+01	1.000000e+01
  7944	3.972250e+01	1.200000e+01
  7945	3.972750e+01	6.000000e+00
  7946	3.973250e+01	1.100000e+01
  7947	3.973750e+01	1.000000e+01
  7948	3.974250e+01	1.600000e+01
  7949	3.974750e+01	7.000000e+00
  7950	3.975250e+01	8.000000e+00
  7951	3.975750e+01	1.400000e+01
  7952	3.976250e+01	7.000000e+00
  7953	3.976750e+01	1.200000e+01
  7954	3.977250e+01	9.000000e+00
  7955	3.977750e+01	1.100000e+01
  7956	3.978250e+01	1.100000e+01
  7957	3.978750e+01	5.000000e+00
  7958	3.979250e+01	1.100000e+01
  7959	3.979750e+01	1.100000e+01
  7960	3.980250e+01	1.000000e+01
  7961	3.980750e+01	1.000000e+01
  7962	3.981250e+01	1.100000e+01
  7963	3.981750e+01	1.400000e+01
  7964	3.982250e+01	1.000000e+01
  7965	3.982750e+01	1.500000e+01
  7966	3.983250e+01	4.000000e+00
  7967	3.983750e+01	1.300000e+01
  7968	3.984250e+01	8.000000e+00
  7969	3.984750e+01	5.000000e+00
  7970	3.985250e+01	7.000000e+00
  7971	3.985750e+01	7.000000e+00
  7972	3.986250e+01	1.200000e+01
  7973	3.986750e+01	1.000000e+01
  7974	3.987250e+01	8.000000e+00
  7975	3.987750e+01	1.300000e+01
  7976	3.988250e+01	1.100000e+01
  7977	3.988750e+01	1.400000e+01
  7978	3.989250e+01	1.200000e+01
  7979	3.989750e+01	1.400000e+01
  7980	3.990250e+01	7.000000e+00
  7981	3.990750e+01	1.300000e+01
  7982	3.991250e+01	1.000000e+01
  7983	3.991750e+01	1.100000e+01
  7984	3.992250e+01	6.000000e+00
  7985	3.992750e+01	8.000000e+00
  7986	3.993250e+01	8.000000e+00
  7987	3.993750e+01	1.400000e+01
  7988	3.994250e+01	1.300000e+01
  7989	3.994750e+01	9.000000e+00
  7990	3.995250e+01	7.000000e+00
  7991	3.995750e+01	1.300000e+01
  7992	3.996250e+01	2.000000e+01
  7993	3.996750e+01	1.300000e+01
  7994	3.997250e+01	6.000000e+00
  7995	3.997750e+01	1.400000e+01
  7996	3.998250e+01	5.000000e+00
  7997	3.998750e+01	1.300000e+01
  7998	3.999250e+01	9.000000e+00
  7999	3.999750e+01	1.000000e+01
  8000	4.000250e+01	1.200000e+01
  8001	4.000750e+01	9.000000e+00
  8002	4.001250e+01	5.000000e+00
  8003	4.001750e+01	5.000000e+00
  8004	4.002250e+01	9.000000e+00
  8005	4.002750e+01	1.200000e+01
  8006	4.003250e+01	5.000000e+00
  8007	4.003750e+01	1.100000e+01
  8008	4.004250e+01	1.100000e+01
  8009	4.004750e+01	7.000000e+00
  8010	4.005250e+01	7.000000e+00
  8011	4.005750e+01	1.100000e+01
  8012	4.006250e+01	1.400000e+01
  8013	4.006750e+01	1.100000e+01
  8014	4.007250e+01	1.000000e+01
  8015	4.007750e+01	6.000000e+00
  8016	4.008250e+01	1.300000e+01
  8017	4.008750e+01	5.000000e+00
  8018	4.009250e+01	7.000000e+00
  8019	4.009750e+01	8.000000e+00
  8020	4.010250e+01	7.000000e+00
  8021	4.010750e+01	4.000000e+00
  8022	4.011250e+01	1.700000e+01
  8023	4.011750e+01	5.000000e+00
  8024	4.012250e+01	7.000000e+00
  8025	4.012750e+01	6.000000e+00
  8026	4.013250e+01	1.000000e+01
  8027	4.013750e+01	8.000000e+00
  8028	4.014250e+01	1.000000e+01
  8029	4.014750e+01	6.000000e+00
  8030	4.015250e+01	9.000000e+00
  8031	4.015750e+01	5.000000e+00
  8032	4.016250e+01	9.000000e+00
  8033	4.016750e+01	9.000000e+00
  8034	4.017250e+01	1.000000e+01
  8035	4.017750e+01	7.000000e+00
  8036	4.018250e+01	8.000000e+00
  8037	4.018750e+01	1.600000e+01
  8038	4.019250e+01	9.000000e+00
  8039	4.019750e+01	1.000000e+01
  8040	4.020250e+01	9.000000e+00
  8041	4.020750e+01	9.000000e+00
  8042	4.021250e+01	1.000000e+01
  8043	4.021750e+01	7.000000e+00
  8044	4.022250e+01	1.000000e+01
  8045	4.022750e+01	1.100000e+01
  8046	4.023250e+01	1.000000e+01
  8047	4.023750e+01	9.000000e+00
  8048	4.024250e+01	1.100000e+01
  8049	4.024750e+01	1.100000e+01
  8050	4.025250e+01	1.100000e+01
  8051	4.025750e+01	1.000000e+01
  8052	4.026250e+01	5.000000e+00
  8053	4.026750e+01	1.400000e+01
  8054	4.027250e+01	1.400000e+01
  8055	4.027750e+01	9.000000e+00
  8056	4.028250e+01	1.000000e+01
  8057	4.028750e+01	8.000000e+00
  8058	4.029250e+01	1.500000e+01
  8059	4.029750e+01	7.000000e+00
  8060	4.030250e+01	1.200000e+01
  8061	4.030750e+01	4.000000e+00
  8062	4.031250e+01	1.100000e+01
  8063	4.031750e+01	6.000000e+00
  8064	4.032250e+01	7.000000e+00
  8065	4.032750e+01	1.000000e+01
  8066	4.033250e+01	1.100000e+01
  8067	4.033750e+01	1.400000e+01
  8068	4.034250e+01	6.000000e+00
  8069	4.034750e+01	1.400000e+01
  8070	4.035250e+01	1.800000e+01
  8071	4.035750e+01	3.000000e+00
  8072	4.036250e+01	1.000000e+01
  8073	4.036750e+01	8.000000e+00
  8074	4.037250e+01	1.000000e+01
  8075	4.037750e+01	1.100000e+01
  8076	4.038250e+01	8.000000e+00
  8077	4.038750e+01	1.200000e+01
  8078	4.039250e+01	1.300000e+01
  8079	4.039750e+01	6.000000e+00
  8080	4.040250e+01	9.000000e+00
  8081	4.040750e+01	5.000000e+00
  8082	4.041250e+01	1.100000e+01
  8083	4.041750e+01	1.200000e+01
  8084	4.042250e+01	1.500000e+01
  8085	4.042750e+01	1.300000e+01
  8086	4.043250e+01	8.000000e+00
  8087	4.043750e+01	1.200000e+01
  8088	4.044250e+01	1.100000e+01
  8089	4.044750e+01	6.000000e+00
  8090	4.045250e+01	1.000000e+01
  8091	4.045750e+01	1.100000e+01
  8092	4.046250e+01	9.000000e+00
  8093	4.046750e+01	6.000000e+00
  8094	4.047250e+01	1.200000e+01
  8095	4.047750e+01	9.000000e+00
  8096	4.048250e+01	7.000000e+00
  8097	4.048750e+01	1.200000e+01
  8098	4.049250e+01	6.000000e+00
  8099	4.049750e+01	1.200000e+01
  8100	4.050250e+01	1.100000e+01
  8101	4.050750e+01	7.000000e+00
  8102	4.051250e+01	1.400000e+01
  8103	4.051750e+01	9.000000e+00
  8104	4.052250e+01	9.000000e+00
  8105	4.052750e+01	8.000000e+00
  8106	4.053250e+01	5.000000e+00
  8107	4.053750e+01	9.000000e+00
  8108	4.054250e+01	1.000000e+01
  8109	4.054750e+01	9.000000e+00
  8110	4.055250e+01	1.500000e+01
  8111	4.055750e+01	7.000000e+00
  8112	4.056250e+01	7.000000e+00
  8113	4.056750e+01	4.000000e+00
  8114	4.057250e+01	1.300000e+01
  8115	4.057750e+01	8.000000e+00
  8116	4.058250e+01	9.000000e+00
  8117	4.058750e+01	8.000000e+00
  8118	4.059250e+01	5.000000e+00
  8119	4.059750e+01	9.000000e+00
  8120	4.060250e+01	7.000000e+00
  8121	4.060750e+01	1.000000e+01
  8122	4.061250e+01	1.100000e+01
  8123	4.061750e+01	8.000000e+00
  8124	4.062250e+01	5.000000e+00
  8125	4.062750e+01	1.600000e+01
  8126	4.063250e+01	8.000000e+00
  8127	4.063750e+01	4.000000e+00
  8128	4.064250e+01	3.000000e+00
  8129	4.064750e+01	6.000000e+00
  8130	4.065250e+01	7.000000e+00
  8131	4.065750e+01	6.000000e+00
  8132	4.066250e+01	8.000000e+00
  8133	4.066750e+01	5.000000e+00
  8134	4.067250e+01	1.000000e+01
  8135	4.067750e+01	1.200000e+01
  8136	4.068250e+01	5.000000e+00
  8137	4.068750e+01	8.000000e+00
  8138	4.069250e+01	9.000000e+00
  8139	4.069750e+01	9.000000e+00
  8140	4.070250e+01	7.000000e+00
  8141	4.070750e+01	7.000000e+00
  8142	4.071250e+01	6.000000e+00
  8143	4.071750e+01	1.000000e+01
  8144	4.072250e+01	7.000000e+00
  8145	4.072750e+01	5.000000e+00
  8146	4.073250e+01	1.200000e+01
  8147	4.073750e+01	1.300000e+01
  8148	4.074250e+01	1.000000e+01
  8149	4.074750e+01	1.300000e+01
  8150	4.075250e+01	7.000000e+00
  8151	4.075750e+01	3.000000e+00
  8152	4.076250e+01	2.000000e+00
  8153	4.076750e+01	1.200000e+01
  8154	4.077250e+01	7.000000e+00
  8155	4.077750e+01	6.000000e+00
  8156	4.078250e+01	4.000000e+00
  8157	4.078750e+01	1.000000e+01
  8158	4.079250e+01	7.000000e+00
  8159	4.079750e+01	7.000000e+00
  8160	4.080250e+01	7.000000e+00
  8161	4.080750e+01	7.000000e+00
  8162	4.081250e+01	2.000000e+00
  8163	4.081750e+01	5.000000e+00
  8164	4.082250e+01	1.300000e+01
  8165	4.082750e+01	7.000000e+00
  8166	4.083250e+01	8.000000e+00
  8167	4.083750e+01	6.000000e+00
  8168	4.084250e+01	9.000000e+00
  8169	4.084750e+01	1.100000e+01
  8170	4.085250e+01	1.100000e+01
  8171	4.085750e+01	1.300000e+01
  8172	4.086250e+01	8.000000e+00
  8173	4.086750e+01	6.000000e+00
  8174	4.087250e+01	6.000000e+00
  8175	4.087750e+01	7.000000e+00
  8176	4.088250e+01	1.000000e+01
  8177	4.088750e+01	4.000000e+00
  8178	4.089250e+01	1.200000e+01
  8179	4.089750e+01	5.000000e+00
  8180	4.090250e+01	7.000000e+00
  8181	4.090750e+01	4.000000e+00
  8182	4.091250e+01	9.000000e+00
  8183	4.091750e+01	1.200000e+01
  8184	4.092250e+01	8.000000e+00
  8185	4.092750e+01	3.000000e+00
  8186	4.093250e+01	1.000000e+01
  8187	4.093750e+01	5.000000e+00
  8188	4.094250e+01	1.000000e+01
  8189	4.094750e+01	1.000000e+01
  8190	4.095250e+01	5.000000e+00
  8191	4.095750e+01	5.000000e+00
  8192	4.096250e+01	9.000000e+00
  8193	4.096750e+01	1.200000e+01
  8194	4.097250e+01	7.000000e+00
  8195	4.097750e+01	1.000000e+01
  8196	4.098250e+01	1.100000e+01
  8197	4.098750e+01	1.300000e+01
  8198	4.099250e+01	1.000000e+01
  8199	4.099750e+01	1.300000e+01
  8200	4.100250e+01	8.000000e+00
  8201	4.100750e+01	3.000000e+00
  8202	4.101250e+01	7.000000e+00
  8203	4.101750e+01	9.000000e+00
  8204	4.102250e+01	1.000000e+01
  8205	4.102750e+01	6.000000e+00
  8206	4.103250e+01	7.000000e+00
  8207	4.103750e+01	8.000000e+00
  8208	4.104250e+01	6.000000e+00
  8209	4.104750e+01	1.000000e+01
  8210	4.105250e+01	7.000000e+00
  8211	4.105750e+01	1.000000e+01
  8212	4.106250e+01	3.000000e+00
  8213	4.106750e+01	6.000000e+00
  8214	4.107250e+01	9.000000e+00
  8215	4.107750e+01	7.000000e+00
  8216	4.108250e+01	5.000000e+00
  8217	4.108750e+01	6.000000e+00
  8218	4.109250e+01	7.000000e+00
  8219	4.109750e+01	1.100000e+01
  8220	4.110250e+01	6.000000e+00
  8221	4.110750e+01	7.000000e+00
  8222	4.111250e+01	8.000000e+00
  8223	4.111750e+01	6.000000e+00
  8224	4.112250e+01	4.000000e+00
  8225	4.112750e+01	7.000000e+00
  8226	4.113250e+01	1.100000e+01
  8227	4.113750e+01	7.000000e+00
  8228	4.114250e+01	8.000000e+00
  8229	4.114750e+01	6.000000e+00
  8230	4.115250e+01	1.300000e+01
  8231	4.115750e+01	6.000000e+00
  8232	4.116250e+01	6.000000e+00
  8233	4.116750e+01	4.000000e+00
  8234	4.117250e+01	9.000000e+00
  8235	4.117750e+01	7.000000e+00
  8236	4.118250e+01	7.000000e+00
  8237	4.118750e+01	9.000000e+00
  8238	4.119250e+01	9.000000e+00
  8239	4.119750e+01	1.200000e+01
  8240	4.120250e+01	4.000000e+00
  8241	4.120750e+01	8.000000e+00
  8242	4.121250e+01	6.000000e+00
  8243	4.121750e+01	8.000000e+00
  8244	4.122250e+01	1.300000e+01
  8245	4.122750e+01	9.000000e+00
  8246	4.123250e+01	9.000000e+00
  8247	4.123750e+01	1.300000e+01
  8248	4.124250e+01	1.200000e+01
  8249	4.124750e+01	7.000000e+00
  8250	4.125250e+01	9.000000e+00
  8251	4.125750e+01	6.000000e+00
  8252	4.126250e+01	1.000000e+01
  8253	4.126750e+01	5.000000e+00
  8254	4.127250e+01	1.700000e+01
  8255	4.127750e+01	1.300000e+01
  8256	4.128250e+01	8.000000e+00
  8257	4.128750e+01	2.000000e+00
  8258	4.129250e+01	7.000000e+00
  8259	4.129750e+01	8.000000e+00
  8260	4.130250e+01	9.000000e+00
  8261	4.130750e+01	8.000000e+00
  8262	4.131250e+01	9.000000e+00
  8263	4.131750e+01	7.000000e+00
  8264	4.132250e+01	7.000000e+00
  8265	4.132750e+01	1.300000e+01
  8266	4.133250e+01	8.000000e+00
  8267	4.133750e+01	9.000000e+00
  8268	4.134250e+01	5.000000e+00
  8269	4.134750e+01	8.000000e+00
  8270	4.135250e+01	8.000000e+00
  8271	4.135750e+01	6.000000e+00
  8272	4.136250e+01	8.000000e+00
  8273	4.136750e+01	1.100000e+01
  8274	4.137250e+01	1.000000e+00
  8275	4.137750e+01	7.000000e+00
  8276	4.138250e+01	6.000000e+00
  8277	4.138750e+01	7.000000e+00
  8278	4.139250e+01	1.500000e+01
  8279	4.139750e+01	4.000000e+00
  8280	4.140250e+01	5.000000e+00
  8281	4.140750e+01	4.000000e+00
  8282	4.141250e+01	9.000000e+00
  8283	4.141750e+01	9.000000e+00
  8284	4.142250e+01	7.000000e+00
  8285	4.142750e+01	9.000000e+00
  8286	4.143250e+01	5.000000e+00
  8287	4.143750e+01	2.000000e+00
  8288	4.144250e+01	7.000000e+00
  8289	4.144750e+01	7.000000e+00
  8290	4.145250e+01	7.000000e+00
  8291	4.145750e+01	3.000000e+00
  8292	4.146250e+01	2.000000e+00
  8293	4.146750e+01	8.000000e+00
  8294	4.147250e+01	7.000000e+00
  8295	4.147750e+01	6.000000e+00
  8296	4.148250e+01	3.000000e+00
  8297	4.148750e+01	9.000000e+00
  8298	4.149250e+01	4.000000e+00
  8299	4.149750e+01	1.100000e+01
  8300	4.150250e+01	9.000000e+00
  8301	4.150750e+01	1.000000e+01
  8302	4.151250e+01	9.000000e+00
  8303	4.151750e+01	1.300000e+01
  8304	4.152250e+01	7.000000e+00
  8305	4.152750e+01	6.000000e+00
  8306	4.153250e+01	9.000000e+00
  8307	4.153750e+01	6.000000e+00
  8308	4.154250e+01	9.000000e+00
  8309	4.154750e+01	8.000000e+00
  8310	4.155250e+01	4.000000e+00
  8311	4.155750e+01	7.000000e+00
  8312	4.156250e+01	3.000000e+00
  8313	4.156750e+01	1.000000e+00
  8314	4.157250e+01	1.000000e+01
  8315	4.157750e+01	6.000000e+00
  8316	4.158250e+01	1.100000e+01
  8317	4.158750e+01	5.000000e+00
  8318	4.159250e+01	9.000000e+00
  8319	4.159750e+01	6.000000e+00
  8320	4.160250e+01	9.000000e+00
  8321	4.160750e+01	8.000000e+00
  8322	4.161250e+01	3.000000e+00
  8323	4.161750e+01	9.000000e+00
  8324	4.162250e+01	5.000000e+00
  8325	4.162750e+01	4.000000e+00
  8326	4.163250e+01	9.000000e+00
  8327	4.163750e+01	8.000000e+00
  8328	4.164250e+01	7.000000e+00
  8329	4.164750e+01	1.500000e+01
  8330	4.165250e+01	7.000000e+00
  8331	4.165750e+01	4.000000e+00
  8332	4.166250e+01	6.000000e+00
  8333	4.166750e+01	8.000000e+00
  8334	4.167250e+01	2.000000e+00
  8335	4.167750e+01	3.000000e+00
  8336	4.168250e+01	8.000000e+00
  8337	4.168750e+01	4.000000e+00
  8338	4.169250e+01	1.000000e+01
  8339	4.169750e+01	2.000000e+00
  8340	4.170250e+01	3.000000e+00
  8341	4.170750e+01	8.000000e+00
  8342	4.171250e+01	1.000000e+01
  8343	4.171750e+01	3.000000e+00
  8344	4.172250e+01	7.000000e+00
  8345	4.172750e+01	1.000000e+01
  8346	4.173250e+01	1.300000e+01
  8347	4.173750e+01	9.000000e+00
  8348	4.174250e+01	7.000000e+00
  8349	4.174750e+01	1.000000e+01
  8350	4.175250e+01	1.000000e+01
  8351	4.175750e+01	5.000000e+00
  8352	4.176250e+01	4.000000e+00
  8353	4.176750e+01	1.000000e+01
  8354	4.177250e+01	8.000000e+00
  8355	4.177750e+01	5.000000e+00
  8356	4.178250e+01	6.000000e+00
  8357	4.178750e+01	7.000000e+00
  8358	4.179250e+01	6.000000e+00
  8359	4.179750e+01	9.000000e+00
  8360	4.180250e+01	1.600000e+01
  8361	4.180750e+01	1.100000e+01
  8362	4.181250e+01	1.000000e+01
  8363	4.181750e+01	5.000000e+00
  8364	4.182250e+01	7.000000e+00
  8365	4.182750e+01	4.000000e+00
  8366	4.183250e+01	5.000000e+00
  8367	4.183750e+01	6.000000e+00
  8368	4.184250e+01	9.000000e+00
  8369	4.184750e+01	1.100000e+01
  8370	4.185250e+01	1.100000e+01
  8371	4.185750e+01	9.000000e+00
  8372	4.186250e+01	4.000000e+00
  8373	4.186750e+01	7.000000e+00
  8374	4.187250e+01	4.000000e+00
  8375	4.187750e+01	7.000000e+00
  8376	4.188250e+01	5.000000e+00
  8377	4.188750e+01	4.000000e+00
  8378	4.189250e+01	1.100000e+01
  8379	4.189750e+01	1.000000e+00
  8380	4.190250e+01	4.000000e+00
  8381	4.190750e+01	9.000000e+00
  8382	4.191250e+01	5.000000e+00
  8383	4.191750e+01	9.000000e+00
  8384	4.192250e+01	7.000000e+00
  8385	4.192750e+01	1.500000e+01
  8386	4.193250e+01	6.000000e+00
  8387	4.193750e+01	4.000000e+00
  8388	4.194250e+01	7.000000e+00
  8389	4.194750e+01	1.700000e+01
  8390	4.195250e+01	6.000000e+00
  8391	4.195750e+01	7.000000e+00
  8392	4.196250e+01	4.000000e+00
  8393	4.196750e+01	9.000000e+00
  8394	4.197250e+01	8.000000e+00
  8395	4.197750e+01	1.000000e+01
  8396	4.198250e+01	4.000000e+00
  8397	4.198750e+01	8.000000e+00
  8398	4.199250e+01	2.000000e+00
  8399	4.199750e+01	9.000000e+00
  8400	4.200250e+01	6.000000e+00
  8401	4.200750e+01	6.000000e+00
  8402	4.201250e+01	7.000000e+00
  8403	4.201750e+01	6.000000e+00
  8404	4.202250e+01	5.000000e+00
  8405	4.202750e+01	1.100000e+01
  8406	4.203250e+01	4.000000e+00
  8407	4.203750e+01	1.000000e+01
  8408	4.204250e+01	5.000000e+00
  8409	4.204750e+01	1.100000e+01
  8410	4.205250e+01	9.000000e+00
  8411	4.205750e+01	1.000000e+01
  8412	4.206250e+01	6.000000e+00
  8413	4.206750e+01	5.000000e+00
  8414	4.207250e+01	5.000000e+00
  8415	4.207750e+01	7.000000e+00
  8416	4.208250e+01	3.000000e+00
  8417	4.208750e+01	9.000000e+00
  8418	4.209250e+01	5.000000e+00
  8419	4.209750e+01	4.000000e+00
  8420	4.210250e+01	5.000000e+00
  8421	4.210750e+01	3.000000e+00
  8422	4.211250e+01	5.000000e+00
  8423	4.211750e+01	5.000000e+00
  8424	4.212250e+01	5.000000e+00
  8425	4.212750e+01	8.000000e+00
  8426	4.213250e+01	7.000000e+00
  8427	4.213750e+01	5.000000e+00
  8428	4.214250e+01	6.000000e+00
  8429	4.214750e+01	5.000000e+00
  8430	4.215250e+01	8.000000e+00
  8431	4.215750e+01	4.000000e+00
  8432	4.216250e+01	4.000000e+00
  8433	4.216750e+01	6.000000e+00
  8434	4.217250e+01	9.000000e+00
  8435	4.217750e+01	4.000000e+00
  8436	4.218250e+01	9.000000e+00
  8437	4.218750e+01	8.000000e+00
  8438	4.219250e+01	6.000000e+00
  8439	4.219750e+01	6.000000e+00
  8440	4.220250e+01	1.100000e+01
  8441	4.220750e+01	3.000000e+00
  8442	4.221250e+01	3.000000e+00
  8443	4.221750e+01	1.000000e+01
  8444	4.222250e+01	5.000000e+00
  8445	4.222750e+01	8.000000e+00
  8446	4.223250e+01	9.000000e+00
  8447	4.223750e+01	4.000000e+00
  8448	4.224250e+01	7.000000e+00
  8449	4.224750e+01	7.000000e+00
  8450	4.225250e+01	4.000000e+00
  8451	4.225750e+01	8.000000e+00
  8452	4.226250e+01	4.000000e+00
  8453	4.226750e+01	4.000000e+00
  8454	4.227250e+01	7.000000e+00
  8455	4.227750e+01	7.000000e+00
  8456	4.228250e+01	8.000000e+00
  8457	4.228750e+01	5.000000e+00
  8458	4.229250e+01	2.000000e+00
  8459	4.229750e+01	5.000000e+00
  8460	4.230250e+01	6.000000e+00
  8461	4.230750e+01	5.000000e+00
  8462	4.231250e+01	7.000000e+00
  8463	4.231750e+01	6.000000e+00
  8464	4.232250e+01	7.000000e+00
  8465	4.232750e+01	4.000000e+00
  8466	4.233250e+01	8.000000e+00
  8467	4.233750e+01	3.000000e+00
  8468	4.234250e+01	4.000000e+00
  8469	4.234750e+01	2.000000e+00
  8470	4.235250e+01	2.000000e+00
  8471	4.235750e+01	8.000000e+00
  8472	4.236250e+01	5.000000e+00
  8473	4.236750e+01	9.000000e+00
  8474	4.237250e+01	5.000000e+00
  8475	4.237750e+01	1.000000e+01
  8476	4.238250e+01	7.000000e+00
  8477	4.238750e+01	6.000000e+00
  8478	4.239250e+01	5.000000e+00
  8479	4.239750e+01	5.000000e+00
  8480	4.240250e+01	2.000000e+00
  8481	4.240750e+01	2.000000e+00
  8482	4.241250e+01	6.000000e+00
  8483	4.241750e+01	4.000000e+00
  8484	4.242250e+01	7.000000e+00
  8485	4.242750e+01	1.100000e+01
  8486	4.243250e+01	4.000000e+00
  8487	4.243750e+01	5.000000e+00
  8488	4.244250e+01	2.000000e+00
  8489	4.244750e+01	5.000000e+00
  8490	4.245250e+01	3.000000e+00
  8491	4.245750e+01	7.000000e+00
  8492	4.246250e+01	3.000000e+00
  8493	4.246750e+01	8.000000e+00
  8494	4.247250e+01	5.000000e+00
  8495	4.247750e+01	3.000000e+00
  8496	4.248250e+01	7.000000e+00
  8497	4.248750e+01	1.200000e+01
  8498	4.249250e+01	4.000000e+00
  8499	4.249750e+01	4.000000e+00
  8500	4.250250e+01	7.000000e+00
  8501	4.250750e+01	1.100000e+01
  8502	4.251250e+01	5.000000e+00
  8503	4.251750e+01	7.000000e+00
  8504	4.252250e+01	5.000000e+00
  8505	4.252750e+01	4.000000e+00
  8506	4.253250e+01	9.000000e+00
  8507	4.253750e+01	1.000000e+01
  8508	4.254250e+01	6.000000e+00
  8509	4.254750e+01	6.000000e+00
  8510	4.255250e+01	8.000000e+00
  8511	4.255750e+01	1.000000e+01
  8512	4.256250e+01	5.000000e+00
  8513	4.256750e+01	8.000000e+00
  8514	4.257250e+01	1.100000e+01
  8515	4.257750e+01	6.000000e+00
  8516	4.258250e+01	7.000000e+00
  8517	4.258750e+01	4.000000e+00
  8518	4.259250e+01	9.000000e+00
  8519	4.259750e+01	7.000000e+00
  8520	4.260250e+01	5.000000e+00
  8521	4.260750e+01	5.000000e+00
  8522	4.261250e+01	9.000000e+00
  8523	4.261750e+01	2.000000e+00
  8524	4.262250e+01	4.000000e+00
  8525	4.262750e+01	5.000000e+00
  8526	4.263250e+01	5.000000e+00
  8527	4.263750e+01	8.000000e+00
  8528	4.264250e+01	6.000000e+00
  8529	4.264750e+01	4.000000e+00
  8530	4.265250e+01	5.000000e+00
  8531	4.265750e+01	7.000000e+00
  8532	4.266250e+01	5.000000e+00
  8533	4.266750e+01	7.000000e+00
  8534	4.267250e+01	6.000000e+00
  8535	4.267750e+01	7.000000e+00
  8536	4.268250e+01	2.000000e+00
  8537	4.268750e+01	4.000000e+00
  8538	4.269250e+01	4.000000e+00
  8539	4.269750e+01	5.000000e+00
  8540	4.270250e+01	8.000000e+00
  8541	4.270750e+01	6.000000e+00
  8542	4.271250e+01	1.000000e+00
  8543	4.271750e+01	6.000000e+00
  8544	4.272250e+01	1.000000e+00
  8545	4.272750e+01	4.000000e+00
  8546	4.273250e+01	7.000000e+00
  8547	4.273750e+01	6.000000e+00
  8548	4.274250e+01	7.000000e+00
  8549	4.274750e+01	4.000000e+00
  8550	4.275250e+01	5.000000e+00
  8551	4.275750e+01	6.000000e+00
  8552	4.276250e+01	8.000000e+00
  8553	4.276750e+01	5.000000e+00
  8554	4.277250e+01	2.000000e+00
  8555	4.277750e+01	1.000000e+01
  8556	4.278250e+01	7.000000e+00
  8557	4.278750e+01	4.000000e+00
  8558	4.279250e+01	4.000000e+00
  8559	4.279750e+01	4.000000e+00
  8560	4.280250e+01	1.100000e+01
  8561	4.280750e+01	2.000000e+00
  8562	4.281250e+01	8.000000e+00
  8563	4.281750e+01	5.000000e+00
  8564	4.282250e+01	5.000000e+00
  8565	4.282750e+01	6.000000e+00
  8566	4.283250e+01	5.000000e+00
  8567	4.283750e+01	7.000000e+00
  8568	4.284250e+01	6.000000e+00
  8569	4.284750e+01	3.000000e+00
  8570	4.285250e+01	8.000000e+00
  8571	4.285750e+01	7.000000e+00
  8572	4.286250e+01	2.000000e+00
  8573	4.286750e+01	5.000000e+00
  8574	4.287250e+01	5.000000e+00
  8575	4.287750e+01	9.000000e+00
  8576	4.288250e+01	8.000000e+00
  8577	4.288750e+01	4.000000e+00
  8578	4.289250e+01	3.000000e+00
  8579	4.289750e+01	8.000000e+00
  8580	4.290250e+01	7.000000e+00
  8581	4.290750e+01	1.200000e+01
  8582	4.291250e+01	6.000000e+00
  8583	4.291750e+01	7.000000e+00
  8584	4.292250e+01	7.000000e+00
  8585	4.292750e+01	1.000000e+00
  8586	4.293250e+01	5.000000e+00
  8587	4.293750e+01	7.000000e+00
  8588	4.294250e+01	6.000000e+00
  8589	4.294750e+01	5.000000e+00
  8590	4.295250e+01	4.000000e+00
  8591	4.295750e+01	3.000000e+00
  8592	4.296250e+01	4.000000e+00
  8593	4.296750e+01	4.000000e+00
  8594	4.297250e+01	1.100000e+01
  8595	4.297750e+01	6.000000e+00
  8596	4.298250e+01	7.000000e+00
  8597	4.298750e+01	7.000000e+00
  8598	4.299250e+01	6.000000e+00
  8599	4.299750e+01	7.000000e+00
  8600	4.300250e+01	9.000000e+00
  8601	4.300750e+01	6.000000e+00
  8602	4.301250e+01	6.000000e+00
  8603	4.301750e+01	4.000000e+00
  8604	4.302250e+01	7.000000e+00
  8605	4.302750e+01	1.000000e+01
  8606	4.303250e+01	7.000000e+00
  8607	4.303750e+01	4.000000e+00
  8608	4.304250e+01	5.000000e+00
  8609	4.304750e+01	2.000000e+00
  8610	4.305250e+01	1.000000e+01
  8611	4.305750e+01	5.000000e+00
  8612	4.306250e+01	4.000000e+00
  8613	4.306750e+01	5.000000e+00
  8614	4.307250e+01	5.000000e+00
  8615	4.307750e+01	8.000000e+00
  8616	4.308250e+01	6.000000e+00
  8617	4.308750e+01	3.000000e+00
  8618	4.309250e+01	2.000000e+00
  8619	4.309750e+01	5.000000e+00
  8620	4.310250e+01	4.000000e+00
  8621	4.310750e+01	5.000000e+00
  8622	4.311250e+01	8.000000e+00
  8623	4.311750e+01	2.000000e+00
  8624	4.312250e+01	7.000000e+00
  8625	4.312750e+01	7.000000e+00
  8626	4.313250e+01	5.000000e+00
  8627	4.313750e+01	2.000000e+00
  8628	4.314250e+01	7.000000e+00
  8629	4.314750e+01	5.000000e+00
  8630	4.315250e+01	3.000000e+00
  8631	4.315750e+01	5.000000e+00
  8632	4.316250e+01	8.000000e+00
  8633	4.316750e+01	8.000000e+00
  8634	4.317250e+01	5.000000e+00
  8635	4.317750e+01	8.000000e+00
  8636	4.318250e+01	4.000000e+00
  8637	4.318750e+01	6.000000e+00
  8638	4.319250e+01	4.000000e+00
  8639	4.319750e+01	2.000000e+00
  8640	4.320250e+01	1.000000e+00
  8641	4.320750e+01	6.000000e+00
  8642	4.321250e+01	3.000000e+00
  8643	4.321750e+01	5.000000e+00
  8644	4.322250e+01	1.000000e+00
  8645	4.322750e+01	7.000000e+00
  8646	4.323250e+01	3.000000e+00
  8647	4.323750e+01	5.000000e+00
  8648	4.324250e+01	3.000000e+00
  8649	4.324750e+01	3.000000e+00
  8650	4.325250e+01	3.000000e+00
  8651	4.325750e+01	6.000000e+00
  8652	4.326250e+01	4.000000e+00
  8653	4.326750e+01	5.000000e+00
  8654	4.327250e+01	9.000000e+00
  8655	4.327750e+01	9.000000e+00
  8656	4.328250e+01	1.000000e+01
  8657	4.328750e+01	3.000000e+00
  8658	4.329250e+01	8.000000e+00
  8659	4.329750e+01	4.000000e+00
  8660	4.330250e+01	8.000000e+00
  8661	4.330750e+01	1.000000e+01
  8662	4.331250e+01	6.000000e+00
  8663	4.331750e+01	8.000000e+00
  8664	4.332250e+01	8.000000e+00
  8665	4.332750e+01	3.000000e+00
  8666	4.333250e+01	9.000000e+00
  8667	4.333750e+01	1.000000e+00
  8668	4.334250e+01	5.000000e+00
  8669	4.334750e+01	5.000000e+00
  8670	4.335250e+01	6.000000e+00
  8671	4.335750e+01	4.000000e+00
  8672	4.336250e+01	7.000000e+00
  8673	4.336750e+01	6.000000e+00
  8674	4.337250e+01	8.000000e+00
  8675	4.337750e+01	4.000000e+00
  8676	4.338250e+01	5.000000e+00
  8677	4.338750e+01	7.000000e+00
  8678	4.339250e+01	4.000000e+00
  8679	4.339750e+01	8.000000e+00
  8680	4.340250e+01	6.000000e+00
  8681	4.340750e+01	7.000000e+00
  8682	4.341250e+01	8.000000e+00
  8683	4.341750e+01	6.000000e+00
  8684	4.342250e+01	4.000000e+00
  8685	4.342750e+01	8.000000e+00
  8686	4.343250e+01	5.000000e+00
  8687	4.343750e+01	6.000000e+00
  8688	4.344250e+01	5.000000e+00
  8689	4.344750e+01	5.000000e+00
  8690	4.345250e+01	8.000000e+00
  8691	4.345750e+01	9.000000e+00
  8692	4.346250e+01	3.000000e+00
  8693	4.346750e+01	3.000000e+00
  8694	4.347250e+01	7.000000e+00
  8695	4.347750e+01	6.000000e+00
  8696	4.348250e+01	5.000000e+00
  8697	4.348750e+01	4.000000e+00
  8698	4.349250e+01	4.000000e+00
  8699	4.349750e+01	1.000000e+01
  8700	4.350250e+01	4.000000e+00
  8701	4.350750e+01	6.000000e+00
  8702	4.351250e+01	2.000000e+00
  8703	4.351750e+01	6.000000e+00
  8704	4.352250e+01	2.000000e+00
  8705	4.352750e+01	7.000000e+00
  8706	4.353250e+01	3.000000e+00
  8707	4.353750e+01	6.000000e+00
  8708	4.354250e+01	9.000000e+00
  8709	4.354750e+01	3.000000e+00
  8710	4.355250e+01	4.000000e+00
  8711	4.355750e+01	4.000000e+00
  8712	4.356250e+01	5.000000e+00
  8713	4.356750e+01	7.000000e+00
  8714	4.357250e+01	6.000000e+00
  8715	4.357750e+01	6.000000e+00
  8716	4.358250e+01	5.000000e+00
  8717	4.358750e+01	5.000000e+00
  8718	4.359250e+01	6.000000e+00
  8719	4.359750e+01	3.000000e+00
  8720	4.360250e+01	4.000000e+00
  8721	4.360750e+01	1.000000e+01
  8722	4.361250e+01	5.000000e+00
  8723	4.361750e+01	4.000000e+00
  8724	4.362250e+01	3.000000e+00
  8725	4.362750e+01	5.000000e+00
  8726	4.363250e+01	5.000000e+00
  8727	4.363750e+01	3.000000e+00
  8728	4.364250e+01	8.000000e+00
  8729	4.364750e+01	6.000000e+00
  8730	4.365250e+01	6.000000e+00
  8731	4.365750e+01	3.000000e+00
  8732	4.366250e+01	3.000000e+00
  8733	4.366750e+01	8.000000e+00
  8734	4.367250e+01	6.000000e+00
  8735	4.367750e+01	5.000000e+00
  8736	4.368250e+01	6.000000e+00
  8737	4.368750e+01	8.000000e+00
  8738	4.369250e+01	2.000000e+00
  8739	4.369750e+01	3.000000e+00
  8740	4.370250e+01	2.000000e+00
  8741	4.370750e+01	4.000000e+00
  8742	4.371250e+01	8.000000e+00
  8743	4.371750e+01	4.000000e+00
  8744	4.372250e+01	6.000000e+00
  8745	4.372750e+01	4.000000e+00
  8746	4.373250e+01	6.000000e+00
  8747	4.373750e+01	1.000000e+01
  8748	4.374250e+01	6.000000e+00
  8749	4.374750e+01	2.000000e+00
  8750	4.375250e+01	1.000000e+00
  8751	4.375750e+01	9.000000e+00
  8752	4.376250e+01	5.000000e+00
  8753	4.376750e+01	9.000000e+00
  8754	4.377250e+01	4.000000e+00
  8755	4.377750e+01	5.000000e+00
  8756	4.378250e+01	8.000000e+00
  8757	4.378750e+01	6.000000e+00
  8758	4.379250e+01	2.000000e+00
  8759	4.379750e+01	4.000000e+00
  8760	4.380250e+01	7.000000e+00
  8761	4.380750e+01	4.000000e+00
  8762	4.381250e+01	4.000000e+00
  8763	4.381750e+01	2.000000e+00
  8764	4.382250e+01	6.000000e+00
  8765	4.382750e+01	1.000000e+00
  8766	4.383250e+01	5.000000e+00
  8767	4.383750e+01	9.000000e+00
  8768	4.384250e+01	6.000000e+00
  8769	4.384750e+01	6.000000e+00
  8770	4.385250e+01	4.000000e+00
  8771	4.385750e+01	5.000000e+00
  8772	4.386250e+01	1.000000e+00
  8773	4.386750e+01	7.000000e+00
  8774	4.387250e+01	4.000000e+00
  8775	4.387750e+01	5.000000e+00
  8776	4.388250e+01	5.000000e+00
  8777	4.388750e+01	1.000000e+00
  8778	4.389250e+01	4.000000e+00
  8779	4.389750e+01	3.000000e+00
  8780	4.390250e+01	3.000000e+00
  8781	4.390750e+01	4.000000e+00
  8782	4.391250e+01	1.000000e+00
  8783	4.391750e+01	1.000000e+00
  8784	4.392250e+01	5.000000e+00
  8785	4.392750e+01	2.000000e+00
  8786	4.393250e+01	6.000000e+00
  8787	4.393750e+01	4.000000e+00
  8788	4.394250e+01	3.000000e+00
  8789	4.394750e+01	3.000000e+00
  8790	4.395250e+01	3.000000e+00
  8791	4.395750e+01	5.000000e+00
  8792	4.396250e+01	2.000000e+00
  8793	4.396750e+01	6.000000e+00
  8794	4.397250e+01	4.000000e+00
  8795	4.397750e+01	4.000000e+00
  8796	4.398250e+01	4.000000e+00
  8797	4.398750e+01	8.000000e+00
  8798	4.399250e+01	4.000000e+00
  8799	4.399750e+01	4.000000e+00
  8800	4.400250e+01	2.000000e+00
  8801	4.400750e+01	7.000000e+00
  8802	4.401250e+01	4.000000e+00
  8803	4.401750e+01	9.000000e+00
  8804	4.402250e+01	5.000000e+00
  8805	4.402750e+01	4.000000e+00
  8806	4.403250e+01	6.000000e+00
  8807	4.403750e+01	3.000000e+00
  8808	4.404250e+01	4.000000e+00
  8809	4.404750e+01	9.000000e+00
  8810	4.405250e+01	4.000000e+00
  8811	4.405750e+01	5.000000e+00
  8812	4.406250e+01	6.000000e+00
  8813	4.406750e+01	3.000000e+00
  8814	4.407250e+01	1.000000e+00
  8815	4.407750e+01	6.000000e+00
  8816	4.408250e+01	3.000000e+00
  8817	4.408750e+01	3.000000e+00
  8818	4.409250e+01	7.000000e+00
  8819	4.409750e+01	3.000000e+00
  8820	4.410250e+01	4.000000e+00
  8821	4.410750e+01	5.000000e+00
  8822	4.411250e+01	2.000000e+00
  8823	4.411750e+01	6.000000e+00
  8824	4.412250e+01	4.000000e+00
  8825	4.412750e+01	5.000000e+00
  8826	4.413250e+01	5.000000e+00
  8827	4.413750e+01	7.000000e+00
  8828	4.414250e+01	4.000000e+00
  8829	4.414750e+01	7.000000e+00
  8830	4.415250e+01	6.000000e+00
  8831	4.415750e+01	2.000000e+00
  8832	4.416250e+01	3.000000e+00
  8833	4.416750e+01	4.000000e+00
  8834	4.417250e+01	2.000000e+00
  8835	4.417750e+01	6.000000e+00
  8836	4.418250e+01	2.000000e+00
  8837	4.418750e+01	3.000000e+00
  8838	4.419250e+01	3.000000e+00
  8839	4.419750e+01	3.000000e+00
  8840	4.420250e+01	7.000000e+00
  8841	4.420750e+01	4.000000e+00
  8842	4.421250e+01	5.000000e+00
  8843	4.421750e+01	7.000000e+00
  8844	4.422250e+01	2.000000e+00
  8845	4.422750e+01	9.000000e+00
  8846	4.423250e+01	2.000000e+00
  8847	4.423750e+01	5.000000e+00
  8848	4.424250e+01	7.000000e+00
  8849	4.424750e+01	9.000000e+00
  8850	4.425250e+01	4.000000e+00
  8851	4.425750e+01	7.000000e+00
  8852	4.426250e+01	5.000000e+00
  8853	4.426750e+01	7.000000e+00
  8854	4.427250e+01	2.000000e+00
  8855	4.427750e+01	3.000000e+00
  8856	4.428250e+01	3.000000e+00
  8857	4.428750e+01	7.000000e+00
  8858	4.429250e+01	2.000000e+00
  8859	4.429750e+01	8.000000e+00
  8860	4.430250e+01	7.000000e+00
  8861	4.430750e+01	3.000000e+00
  8862	4.431250e+01	5.000000e+00
  8863	4.431750e+01	8.000000e+00
  8864	4.432250e+01	2.000000e+00
  8865	4.432750e+01	2.000000e+00
  8866	4.433250e+01	2.000000e+00
  8867	4.433750e+01	3.000000e+00
  8868	4.434250e+01	6.000000e+00
  8869	4.434750e+01	5.000000e+00
  8870	4.435250e+01	5.000000e+00
  8871	4.435750e+01	4.000000e+00
  8872	4.436250e+01	2.000000e+00
  8873	4.436750e+01	5.000000e+00
  8874	4.437250e+01	3.000000e+00
  8875	4.437750e+01	3.000000e+00
  8876	4.438250e+01	3.000000e+00
  8877	4.438750e+01	6.000000e+00
  8878	4.439250e+01	7.000000e+00
  8879	4.439750e+01	8.000000e+00
  8880	4.440250e+01	5.000000e+00
  8881	4.440750e+01	3.000000e+00
  8882	4.441250e+01	6.000000e+00
  8883	4.441750e+01	7.000000e+00
  8884	4.442250e+01	9.000000e+00
  8885	4.442750e+01	5.000000e+00
  8886	4.443250e+01	4.000000e+00
  8887	4.443750e+01	4.000000e+00
  8888	4.444250e+01	3.000000e+00
  8889	4.444750e+01	1.000000e+00
  8890	4.445250e+01	6.000000e+00
  8891	4.445750e+01	3.000000e+00
  8892	4.446250e+01	7.000000e+00
  8893	4.446750e+01	2.000000e+00
  8894	4.447250e+01	3.000000e+00
  8895	4.447750e+01	4.000000e+00
  8896	4.448250e+01	3.000000e+00
  8897	4.448750e+01	3.000000e+00
  8898	4.449250e+01	8.000000e+00
  8899	4.449750e+01	3.000000e+00
  8900	4.450250e+01	3.000000e+00
  8901	4.450750e+01	6.000000e+00
  8902	4.451250e+01	3.000000e+00
  8903	4.451750e+01	4.000000e+00
  8904	4.452250e+01	6.000000e+00
  8905	4.452750e+01	0.000000e+00
  8906	4.453250e+01	5.000000e+00
  8907	4.453750e+01	4.000000e+00
  8908	4.454250e+01	6.000000e+00
  8909	4.454750e+01	2.000000e+00
  8910	4.455250e+01	3.000000e+00
  8911	4.455750e+01	3.000000e+00
  8912	4.456250e+01	4.000000e+00
  8913	4.456750e+01	2.000000e+00
  8914	4.457250e+01	1.000000e+00
  8915	4.457750e+01	6.000000e+00
  8916	4.458250e+01	4.000000e+00
  8917	4.458750e+01	2.000000e+00
  8918	4.459250e+01	6.000000e+00
  8919	4.459750e+01	6.000000e+00
  8920	4.460250e+01	4.000000e+00
  8921	4.460750e+01	6.000000e+00
  8922	4.461250e+01	3.000000e+00
  8923	4.461750e+01	5.000000e+00
  8924	4.462250e+01	4.000000e+00
  8925	4.462750e+01	3.000000e+00
  8926	4.463250e+01	3.000000e+00
  8927	4.463750e+01	3.000000e+00
  8928	4.464250e+01	7.000000e+00
  8929	4.464750e+01	1.000000e+00
  8930	4.465250e+01	5.000000e+00
  8931	4.465750e+01	1.000000e+00
  8932	4.466250e+01	8.000000e+00
  8933	4.466750e+01	6.000000e+00
  8934	4.467250e+01	4.000000e+00
  8935	4.467750e+01	7.000000e+00
  8936	4.468250e+01	4.000000e+00
  8937	4.468750e+01	5.000000e+00
  8938	4.469250e+01	3.000000e+00
  8939	4.469750e+01	5.000000e+00
  8940	4.470250e+01	5.000000e+00
  8941	4.470750e+01	1.000000e+00
  8942	4.471250e+01	6.000000e+00
  8943	4.471750e+01	5.000000e+00
  8944	4.472250e+01	3.000000e+00
  8945	4.472750e+01	2.000000e+00
  8946	4.473250e+01	3.000000e+00
  8947	4.473750e+01	2.000000e+00
  8948	4.474250e+01	7.000000e+00
  8949	4.474750e+01	2.000000e+00
  8950	4.475250e+01	5.000000e+00
  8951	4.475750e+01	7.000000e+00
  8952	4.476250e+01	3.000000e+00
  8953	4.476750e+01	5.000000e+00
  8954	4.477250e+01	7.000000e+00
  8955	4.477750e+01	3.000000e+00
  8956	4.478250e+01	5.000000e+00
  8957	4.478750e+01	5.000000e+00
  8958	4.479250e+01	6.000000e+00
  8959	4.479750e+01	6.000000e+00
  8960	4.480250e+01	2.000000e+00
  8961	4.480750e+01	5.000000e+00
  8962	4.481250e+01	4.000000e+00
  8963	4.481750e+01	1.000000e+00
  8964	4.482250e+01	4.000000e+00
  8965	4.482750e+01	7.000000e+00
  8966	4.483250e+01	4.000000e+00
  8967	4.483750e+01	3.000000e+00
  8968	4.484250e+01	3.000000e+00
  8969	4.484750e+01	1.000000e+00
  8970	4.485250e+01	1.000000e+00
  8971	4.485750e+01	3.000000e+00
  8972	4.486250e+01	4.000000e+00
  8973	4.486750e+01	4.000000e+00
  8974	4.487250e+01	5.000000e+00
  8975	4.487750e+01	5.000000e+00
  8976	4.488250e+01	4.000000e+00
  8977	4.488750e+01	5.000000e+00
  8978	4.489250e+01	2.000000e+00
  8979	4.489750e+01	4.000000e+00
  8980	4.490250e+01	6.000000e+00
  8981	4.490750e+01	3.000000e+00
  8982	4.491250e+01	2.000000e+00
  8983	4.491750e+01	2.000000e+00
  8984	4.492250e+01	9.000000e+00
  8985	4.492750e+01	1.000000e+00
  8986	4.493250e+01	6.000000e+00
  8987	4.493750e+01	5.000000e+00
  8988	4.494250e+01	6.000000e+00
  8989	4.494750e+01	3.000000e+00
  8990	4.495250e+01	1.000000e+00
  8991	4.495750e+01	3.000000e+00
  8992	4.496250e+01	3.000000e+00
  8993	4.496750e+01	1.000000e+00
  8994	4.497250e+01	1.000000e+00
  8995	4.497750e+01	4.000000e+00
  8996	4.498250e+01	2.000000e+00
  8997	4.498750e+01	3.000000e+00
  8998	4.499250e+01	1.000000e+00
  8999	4.499750e+01	2.000000e+00
  9000	4.500250e+01	3.000000e+00
  9001	4.500750e+01	1.000000e+00
  9002	4.501250e+01	2.000000e+00
  9003	4.501750e+01	9.000000e+00
  9004	4.502250e+01	6.000000e+00
  9005	4.502750e+01	3.000000e+00
  9006	4.503250e+01	3.000000e+00
  9007	4.503750e+01	4.000000e+00
  9008	4.504250e+01	3.000000e+00
  9009	4.504750e+01	1.000000e+00
  9010	4.505250e+01	3.000000e+00
  9011	4.505750e+01	5.000000e+00
  9012	4.506250e+01	4.000000e+00
  9013	4.506750e+01	5.000000e+00
  9014	4.507250e+01	6.000000e+00
  9015	4.507750e+01	2.000000e+00
  9016	4.508250e+01	2.000000e+00
  9017	4.508750e+01	2.000000e+00
  9018	4.509250e+01	1.000000e+00
  9019	4.509750e+01	8.000000e+00
  9020	4.510250e+01	5.000000e+00
  9021	4.510750e+01	7.000000e+00
  9022	4.511250e+01	3.000000e+00
  9023	4.511750e+01	8.000000e+00
  9024	4.512250e+01	3.000000e+00
  9025	4.512750e+01	5.000000e+00
  9026	4.513250e+01	6.000000e+00
  9027	4.513750e+01	6.000000e+00
  9028	4.514250e+01	6.000000e+00
  9029	4.514750e+01	1.000000e+00
  9030	4.515250e+01	4.000000e+00
  9031	4.515750e+01	3.000000e+00
  9032	4.516250e+01	7.000000e+00
  9033	4.516750e+01	5.000000e+00
  9034	4.517250e+01	3.000000e+00
  9035	4.517750e+01	6.000000e+00
  9036	4.518250e+01	5.000000e+00
  9037	4.518750e+01	3.000000e+00
  9038	4.519250e+01	3.000000e+00
  9039	4.519750e+01	5.000000e+00
  9040	4.520250e+01	5.000000e+00
  9041	4.520750e+01	2.000000e+00
  9042	4.521250e+01	3.000000e+00
  9043	4.521750e+01	5.000000e+00
  9044	4.522250e+01	4.000000e+00
  9045	4.522750e+01	2.000000e+00
  9046	4.523250e+01	5.000000e+00
  9047	4.523750e+01	4.000000e+00
  9048	4.524250e+01	2.000000e+00
  9049	4.524750e+01	3.000000e+00
  9050	4.525250e+01	3.000000e+00
  9051	4.525750e+01	7.000000e+00
  9052	4.526250e+01	5.000000e+00
  9053	4.526750e+01	5.000000e+00
  9054	4.527250e+01	0.000000e+00
  9055	4.527750e+01	5.000000e+00
  9056	4.528250e+01	5.000000e+00
  9057	4.528750e+01	3.000000e+00
  9058	4.529250e+01	3.000000e+00
  9059	4.529750e+01	4.000000e+00
  9060	4.530250e+01	2.000000e+00
  9061	4.530750e+01	1.000000e+00
  9062	4.531250e+01	4.000000e+00
  9063	4.531750e+01	3.000000e+00
  9064	4.532250e+01	1.000000e+00
  9065	4.532750e+01	8.000000e+00
  9066	4.533250e+01	5.000000e+00
  9067	4.533750e+01	1.000000e+00
  9068	4.534250e+01	4.000000e+00
  9069	4.534750e+01	5.000000e+00
  9070	4.535250e+01	5.000000e+00
  9071	4.535750e+01	3.000000e+00
  9072	4.536250e+01	5.000000e+00
  9073	4.536750e+01	1.000000e+00
  9074	4.537250e+01	2.000000e+00
  9075	4.537750e+01	0.000000e+00
  9076	4.538250e+01	3.000000e+00
  9077	4.538750e+01	6.000000e+00
  9078	4.539250e+01	3.000000e+00
  9079	4.539750e+01	2.000000e+00
  9080	4.540250e+01	2.000000e+00
  9081	4.540750e+01	6.000000e+00
  9082	4.541250e+01	0.000000e+00
  9083	4.541750e+01	5.000000e+00
  9084	4.542250e+01	3.000000e+00
  9085	4.542750e+01	2.000000e+00
  9086	4.543250e+01	4.000000e+00
  9087	4.543750e+01	6.000000e+00
  9088	4.544250e+01	2.000000e+00
  9089	4.544750e+01	3.000000e+00
  9090	4.545250e+01	6.000000e+00
  9091	4.545750e+01	3.000000e+00
  9092	4.546250e+01	4.000000e+00
  9093	4.546750e+01	4.000000e+00
  9094	4.547250e+01	3.000000e+00
  9095	4.547750e+01	1.000000e+00
  9096	4.548250e+01	4.000000e+00
  9097	4.548750e+01	2.000000e+00
  9098	4.549250e+01	5.000000e+00
  9099	4.549750e+01	2.000000e+00
  9100	4.550250e+01	6.000000e+00
  9101	4.550750e+01	4.000000e+00
  9102	4.551250e+01	3.000000e+00
  9103	4.551750e+01	2.000000e+00
  9104	4.552250e+01	3.000000e+00
  9105	4.552750e+01	0.000000e+00
  9106	4.553250e+01	4.000000e+00
  9107	4.553750e+01	5.000000e+00
  9108	4.554250e+01	2.000000e+00
  9109	4.554750e+01	2.000000e+00
  9110	4.555250e+01	6.000000e+00
  9111	4.555750e+01	1.200000e+01
  9112	4.556250e+01	2.000000e+00
  9113	4.556750e+01	4.000000e+00
  9114	4.557250e+01	4.000000e+00
  9115	4.557750e+01	2.000000e+00
  9116	4.558250e+01	1.000000e+00
  9117	4.558750e+01	3.000000e+00
  9118	4.559250e+01	2.000000e+00
  9119	4.559750e+01	2.000000e+00
  9120	4.560250e+01	5.000000e+00
  9121	4.560750e+01	0.000000e+00
  9122	4.561250e+01	2.000000e+00
  9123	4.561750e+01	1.000000e+00
  9124	4.562250e+01	1.000000e+00
  9125	4.562750e+01	1.000000e+00
  9126	4.563250e+01	1.000000e+00
  9127	4.563750e+01	2.000000e+00
  9128	4.564250e+01	4.000000e+00
  9129	4.564750e+01	4.000000e+00
  9130	4.565250e+01	6.000000e+00
  9131	4.565750e+01	3.000000e+00
  9132	4.566250e+01	7.000000e+00
  9133	4.566750e+01	5.000000e+00
  9134	4.567250e+01	4.000000e+00
  9135	4.567750e+01	4.000000e+00
  9136	4.568250e+01	1.000000e+00
  9137	4.568750e+01	3.000000e+00
  9138	4.569250e+01	3.000000e+00
  9139	4.569750e+01	4.000000e+00
  9140	4.570250e+01	4.000000e+00
  9141	4.570750e+01	1.000000e+00
  9142	4.571250e+01	2.000000e+00
  9143	4.571750e+01	1.000000e+00
  9144	4.572250e+01	1.000000e+00
  9145	4.572750e+01	3.000000e+00
  9146	4.573250e+01	2.000000e+00
  9147	4.573750e+01	4.000000e+00
  9148	4.574250e+01	6.000000e+00
  9149	4.574750e+01	4.000000e+00
  9150	4.575250e+01	4.000000e+00
  9151	4.575750e+01	5.000000e+00
  9152	4.576250e+01	3.000000e+00
  9153	4.576750e+01	4.000000e+00
  9154	4.577250e+01	0.000000e+00
  9155	4.577750e+01	4.000000e+00
  9156	4.578250e+01	5.000000e+00
  9157	4.578750e+01	4.000000e+00
  9158	4.579250e+01	6.000000e+00
  9159	4.579750e+01	3.000000e+00
  9160	4.580250e+01	6.000000e+00
  9161	4.580750e+01	1.000000e+00
  9162	4.581250e+01	5.000000e+00
  9163	4.581750e+01	4.000000e+00
  9164	4.582250e+01	4.000000e+00
  9165	4.582750e+01	4.000000e+00
  9166	4.583250e+01	2.000000e+00
  9167	4.583750e+01	1.000000e+00
  9168	4.584250e+01	4.000000e+00
  9169	4.584750e+01	5.000000e+00
  9170	4.585250e+01	5.000000e+00
  9171	4.585750e+01	6.000000e+00
  9172	4.586250e+01	2.000000e+00
  9173	4.586750e+01	4.000000e+00
  9174	4.587250e+01	2.000000e+00
  9175	4.587750e+01	4.000000e+00
  9176	4.588250e+01	3.000000e+00
  9177	4.588750e+01	5.000000e+00
  9178	4.589250e+01	1.000000e+00
  9179	4.589750e+01	4.000000e+00
  9180	4.590250e+01	5.000000e+00
  9181	4.590750e+01	3.000000e+00
  9182	4.591250e+01	7.000000e+00
  9183	4.591750e+01	3.000000e+00
  9184	4.592250e+01	3.000000e+00
  9185	4.592750e+01	2.000000e+00
  9186	4.593250e+01	4.000000e+00
  9187	4.593750e+01	3.000000e+00
  9188	4.594250e+01	1.000000e+00
  9189	4.594750e+01	2.000000e+00
  9190	4.595250e+01	1.000000e+00
  9191	4.595750e+01	4.000000e+00
  9192	4.596250e+01	4.000000e+00
  9193	4.596750e+01	1.000000e+00
  9194	4.597250e+01	4.000000e+00
  9195	4.597750e+01	6.000000e+00
  9196	4.598250e+01	1.000000e+00
  9197	4.598750e+01	3.000000e+00
  9198	4.599250e+01	4.000000e+00
  9199	4.599750e+01	0.000000e+00
  9200	4.600250e+01	1.000000e+00
  9201	4.600750e+01	4.000000e+00
  9202	4.601250e+01	4.000000e+00
  9203	4.601750e+01	1.000000e+00
  9204	4.602250e+01	2.000000e+00
  9205	4.602750e+01	2.000000e+00
  9206	4.603250e+01	7.000000e+00
  9207	4.603750e+01	1.000000e+00
  9208	4.604250e+01	4.000000e+00
  9209	4.604750e+01	1.000000e+00
  9210	4.605250e+01	5.000000e+00
  9211	4.605750e+01	3.000000e+00
  9212	4.606250e+01	0.000000e+00
  9213	4.606750e+01	1.000000e+00
  9214	4.607250e+01	1.000000e+00
  9215	4.607750e+01	1.000000e+00
  9216	4.608250e+01	3.000000e+00
  9217	4.608750e+01	5.000000e+00
  9218	4.609250e+01	4.000000e+00
  9219	4.609750e+01	3.000000e+00
  9220	4.610250e+01	2.000000e+00
  9221	4.610750e+01	2.000000e+00
  9222	4.611250e+01	6.000000e+00
  9223	4.611750e+01	5.000000e+00
  9224	4.612250e+01	6.000000e+00
  9225	4.612750e+01	0.000000e+00
  9226	4.613250e+01	3.000000e+00
  9227	4.613750e+01	4.000000e+00
  9228	4.614250e+01	2.000000e+00
  9229	4.614750e+01	3.000000e+00
  9230	4.615250e+01	4.000000e+00
  9231	4.615750e+01	8.000000e+00
  9232	4.616250e+01	4.000000e+00
  9233	4.616750e+01	3.000000e+00
  9234	4.617250e+01	0.000000e+00
  9235	4.617750e+01	2.000000e+00
  9236	4.618250e+01	5.000000e+00
  9237	4.618750e+01	4.000000e+00
  9238	4.619250e+01	4.000000e+00
  9239	4.619750e+01	3.000000e+00
  9240	4.620250e+01	0.000000e+00
  9241	4.620750e+01	1.000000e+00
  9242	4.621250e+01	6.000000e+00
  9243	4.621750e+01	5.000000e+00
  9244	4.622250e+01	1.000000e+00
  9245	4.622750e+01	0.000000e+00
  9246	4.623250e+01	4.000000e+00
  9247	4.623750e+01	6.000000e+00
  9248	4.624250e+01	3.000000e+00
  9249	4.624750e+01	5.000000e+00
  9250	4.625250e+01	2.000000e+00
  9251	4.625750e+01	3.000000e+00
  9252	4.626250e+01	3.000000e+00
  9253	4.626750e+01	7.000000e+00
  9254	4.627250e+01	2.000000e+00
  9255	4.627750e+01	1.000000e+00
  9256	4.628250e+01	1.000000e+00
  9257	4.628750e+01	2.000000e+00
  9258	4.629250e+01	4.000000e+00
  9259	4.629750e+01	6.000000e+00
  9260	4.630250e+01	1.000000e+00
  9261	4.630750e+01	2.000000e+00
  9262	4.631250e+01	6.000000e+00
  9263	4.631750e+01	3.000000e+00
  9264	4.632250e+01	3.000000e+00
  9265	4.632750e+01	4.000000e+00
  9266	4.633250e+01	1.000000e+00
  9267	4.633750e+01	2.000000e+00
  9268	4.634250e+01	4.000000e+00
  9269	4.634750e+01	0.000000e+00
  9270	4.635250e+01	3.000000e+00
  9271	4.635750e+01	2.000000e+00
  9272	4.636250e+01	3.000000e+00
  9273	4.636750e+01	3.000000e+00
  9274	4.637250e+01	2.000000e+00
  9275	4.637750e+01	3.000000e+00
  9276	4.638250e+01	1.000000e+00
  9277	4.638750e+01	3.000000e+00
  9278	4.639250e+01	4.000000e+00
  9279	4.639750e+01	3.000000e+00
  9280	4.640250e+01	0.000000e+00
  9281	4.640750e+01	3.000000e+00
  9282	4.641250e+01	2.000000e+00
  9283	4.641750e+01	2.000000e+00
  9284	4.642250e+01	1.000000e+00
  9285	4.642750e+01	4.000000e+00
  9286	4.643250e+01	3.000000e+00
  9287	4.643750e+01	3.000000e+00
  9288	4.644250e+01	3.000000e+00
  9289	4.644750e+01	1.000000e+00
  9290	4.645250e+01	4.000000e+00
  9291	4.645750e+01	4.000000e+00
  9292	4.646250e+01	4.000000e+00
  9293	4.646750e+01	4.000000e+00
  9294	4.647250e+01	6.000000e+00
  9295	4.647750e+01	3.000000e+00
  9296	4.648250e+01	4.000000e+00
  9297	4.648750e+01	0.000000e+00
  9298	4.649250e+01	3.000000e+00
  9299	4.649750e+01	5.000000e+00
  9300	4.650250e+01	8.000000e+00
  9301	4.650750e+01	3.000000e+00
  9302	4.651250e+01	1.000000e+00
  9303	4.651750e+01	4.000000e+00
  9304	4.652250e+01	5.000000e+00
  9305	4.652750e+01	4.000000e+00
  9306	4.653250e+01	3.000000e+00
  9307	4.653750e+01	2.000000e+00
  9308	4.654250e+01	4.000000e+00
  9309	4.654750e+01	3.000000e+00
  9310	4.655250e+01	5.000000e+00
  9311	4.655750e+01	2.000000e+00
  9312	4.656250e+01	6.000000e+00
  9313	4.656750e+01	2.000000e+00
  9314	4.657250e+01	4.000000e+00
  9315	4.657750e+01	6.000000e+00
  9316	4.658250e+01	4.000000e+00
  9317	4.658750e+01	2.000000e+00
  9318	4.659250e+01	2.000000e+00
  9319	4.659750e+01	4.000000e+00
  9320	4.660250e+01	2.000000e+00
  9321	4.660750e+01	2.000000e+00
  9322	4.661250e+01	1.000000e+00
  9323	4.661750e+01	1.000000e+00
  9324	4.662250e+01	1.000000e+00
  9325	4.662750e+01	1.000000e+00
  9326	4.663250e+01	4.000000e+00
  9327	4.663750e+01	2.000000e+00
  9328	4.664250e+01	3.000000e+00
  9329	4.664750e+01	1.000000e+00
  9330	4.665250e+01	0.000000e+00
  9331	4.665750e+01	3.000000e+00
  9332	4.666250e+01	2.000000e+00
  9333	4.666750e+01	2.000000e+00
  9334	4.667250e+01	0.000000e+00
  9335	4.667750e+01	1.000000e+00
  9336	4.668250e+01	1.000000e+00
  9337	4.668750e+01	2.000000e+00
  9338	4.669250e+01	3.000000e+00
  9339	4.669750e+01	2.000000e+00
  9340	4.670250e+01	3.000000e+00
  9341	4.670750e+01	0.000000e+00
  9342	4.671250e+01	4.000000e+00
  9343	4.671750e+01	1.000000e+00
  9344	4.672250e+01	2.000000e+00
  9345	4.672750e+01	3.000000e+00
  9346	4.673250e+01	3.000000e+00
  9347	4.673750e+01	2.000000e+00
  9348	4.674250e+01	9.000000e+00
  9349	4.674750e+01	5.000000e+00
  9350	4.675250e+01	2.000000e+00
  9351	4.675750e+01	6.000000e+00
  9352	4.676250e+01	4.000000e+00
  9353	4.676750e+01	3.000000e+00
  9354	4.677250e+01	2.000000e+00
  9355	4.677750e+01	3.000000e+00
  9356	4.678250e+01	2.000000e+00
  9357	4.678750e+01	0.000000e+00
  9358	4.679250e+01	1.000000e+00
  9359	4.679750e+01	3.000000e+00
  9360	4.680250e+01	2.000000e+00
  9361	4.680750e+01	3.000000e+00
  9362	4.681250e+01	1.000000e+00
  9363	4.681750e+01	3.000000e+00
  9364	4.682250e+01	3.000000e+00
  9365	4.682750e+01	2.000000e+00
  9366	4.683250e+01	2.000000e+00
  9367	4.683750e+01	4.000000e+00
  9368	4.684250e+01	3.000000e+00
  9369	4.684750e+01	5.000000e+00
  9370	4.685250e+01	2.000000e+00
  9371	4.685750e+01	3.000000e+00
  9372	4.686250e+01	5.000000e+00
  9373	4.686750e+01	3.000000e+00
  9374	4.687250e+01	1.000000e+00
  9375	4.687750e+01	4.000000e+00
  9376	4.688250e+01	3.000000e+00
  9377	4.688750e+01	3.000000e+00
  9378	4.689250e+01	2.000000e+00
  9379	4.689750e+01	3.000000e+00
  9380	4.690250e+01	3.000000e+00
  9381	4.690750e+01	2.000000e+00
  9382	4.691250e+01	2.000000e+00
  9383	4.691750e+01	1.000000e+00
  9384	4.692250e+01	5.000000e+00
  9385	4.692750e+01	6.000000e+00
  9386	4.693250e+01	3.000000e+00
  9387	4.693750e+01	3.000000e+00
  9388	4.694250e+01	2.000000e+00
  9389	4.694750e+01	5.000000e+00
  9390	4.695250e+01	5.000000e+00
  9391	4.695750e+01	2.000000e+00
  9392	4.696250e+01	1.000000e+00
  9393	4.696750e+01	2.000000e+00
  9394	4.697250e+01	1.000000e+00
  9395	4.697750e+01	3.000000e+00
  9396	4.698250e+01	2.000000e+00
  9397	4.698750e+01	2.000000e+00
  9398	4.699250e+01	3.000000e+00
  9399	4.699750e+01	5.000000e+00
  9400	4.700250e+01	1.000000e+00
  9401	4.700750e+01	5.000000e+00
  9402	4.701250e+01	2.000000e+00
  9403	4.701750e+01	2.000000e+00
  9404	4.702250e+01	1.000000e+00
  9405	4.702750e+01	1.000000e+00
  9406	4.703250e+01	1.000000e+00
  9407	4.703750e+01	5.000000e+00
  9408	4.704250e+01	3.000000e+00
  9409	4.704750e+01	1.000000e+00
  9410	4.705250e+01	1.000000e+00
  9411	4.705750e+01	1.000000e+00
  9412	4.706250e+01	0.000000e+00
  9413	4.706750e+01	4.000000e+00
  9414	4.707250e+01	2.000000e+00
  9415	4.707750e+01	4.000000e+00
  9416	4.708250e+01	1.000000e+00
  9417	4.708750e+01	6.000000e+00
  9418	4.709250e+01	2.000000e+00
  9419	4.709750e+01	2.000000e+00
  9420	4.710250e+01	3.000000e+00
  9421	4.710750e+01	0.000000e+00
  9422	4.711250e+01	3.000000e+00
  9423	4.711750e+01	2.000000e+00
  9424	4.712250e+01	3.000000e+00
  9425	4.712750e+01	1.000000e+00
  9426	4.713250e+01	2.000000e+00
  9427	4.713750e+01	0.000000e+00
  9428	4.714250e+01	1.000000e+00
  9429	4.714750e+01	1.000000e+00
  9430	4.715250e+01	1.000000e+00
  9431	4.715750e+01	0.000000e+00
  9432	4.716250e+01	1.000000e+00
  9433	4.716750e+01	1.000000e+00
  9434	4.717250e+01	2.000000e+00
  9435	4.717750e+01	2.000000e+00
  9436	4.718250e+01	0.000000e+00
  9437	4.718750e+01	3.000000e+00
  9438	4.719250e+01	3.000000e+00
  9439	4.719750e+01	3.000000e+00
  9440	4.720250e+01	4.000000e+00
  9441	4.720750e+01	2.000000e+00
  9442	4.721250e+01	3.000000e+00
  9443	4.721750e+01	2.000000e+00
  9444	4.722250e+01	3.000000e+00
  9445	4.722750e+01	1.000000e+00
  9446	4.723250e+01	0.000000e+00
  9447	4.723750e+01	4.000000e+00
  9448	4.724250e+01	0.000000e+00
  9449	4.724750e+01	4.000000e+00
  9450	4.725250e+01	5.000000e+00
  9451	4.725750e+01	7.000000e+00
  9452	4.726250e+01	1.000000e+00
  9453	4.726750e+01	5.000000e+00
  9454	4.727250e+01	3.000000e+00
  9455	4.727750e+01	3.000000e+00
  9456	4.728250e+01	3.000000e+00
  9457	4.728750e+01	1.000000e+00
  9458	4.729250e+01	3.000000e+00
  9459	4.729750e+01	4.000000e+00
  9460	4.730250e+01	2.000000e+00
  9461	4.730750e+01	3.000000e+00
  9462	4.731250e+01	2.000000e+00
  9463	4.731750e+01	0.000000e+00
  9464	4.732250e+01	4.000000e+00
  9465	4.732750e+01	0.000000e+00
  9466	4.733250e+01	1.000000e+00
  9467	4.733750e+01	2.000000e+00
  9468	4.734250e+01	4.000000e+00
  9469	4.734750e+01	4.000000e+00
  9470	4.735250e+01	2.000000e+00
  9471	4.735750e+01	3.000000e+00
  9472	4.736250e+01	2.000000e+00
  9473	4.736750e+01	4.000000e+00
  9474	4.737250e+01	1.000000e+00
  9475	4.737750e+01	6.000000e+00
  9476	4.738250e+01	1.000000e+00
  9477	4.738750e+01	4.000000e+00
  9478	4.739250e+01	2.000000e+00
  9479	4.739750e+01	2.000000e+00
  9480	4.740250e+01	2.000000e+00
  9481	4.740750e+01	6.000000e+00
  9482	4.741250e+01	4.000000e+00
  9483	4.741750e+01	1.000000e+00
  9484	4.742250e+01	3.000000e+00
  9485	4.742750e+01	1.000000e+00
  9486	4.743250e+01	2.000000e+00
  9487	4.743750e+01	0.000000e+00
  9488	4.744250e+01	1.000000e+00
  9489	4.744750e+01	1.000000e+00
  9490	4.745250e+01	2.000000e+00
  9491	4.745750e+01	0.000000e+00
  9492	4.746250e+01	4.000000e+00
  9493	4.746750e+01	3.000000e+00
  9494	4.747250e+01	3.000000e+00
  9495	4.747750e+01	1.000000e+00
  9496	4.748250e+01	2.000000e+00
  9497	4.748750e+01	4.000000e+00
  9498	4.749250e+01	0.000000e+00
  9499	4.749750e+01	1.000000e+00
  9500	4.750250e+01	3.000000e+00
  9501	4.750750e+01	3.000000e+00
  9502	4.751250e+01	2.000000e+00
  9503	4.751750e+01	2.000000e+00
  9504	4.752250e+01	3.000000e+00
  9505	4.752750e+01	4.000000e+00
  9506	4.753250e+01	3.000000e+00
  9507	4.753750e+01	3.000000e+00
  9508	4.754250e+01	0.000000e+00
  9509	4.754750e+01	6.000000e+00
  9510	4.755250e+01	2.000000e+00
  9511	4.755750e+01	3.000000e+00
  9512	4.756250e+01	4.000000e+00
  9513	4.756750e+01	2.000000e+00
  9514	4.757250e+01	1.000000e+00
  9515	4.757750e+01	5.000000e+00
  9516	4.758250e+01	2.000000e+00
  9517	4.758750e+01	2.000000e+00
  9518	4.759250e+01	3.000000e+00
  9519	4.759750e+01	2.000000e+00
  9520	4.760250e+01	3.000000e+00
  9521	4.760750e+01	2.000000e+00
  9522	4.761250e+01	3.000000e+00
  9523	4.761750e+01	4.000000e+00
  9524	4.762250e+01	1.000000e+00
  9525	4.762750e+01	3.000000e+00
  9526	4.763250e+01	2.000000e+00
  9527	4.763750e+01	2.000000e+00
  9528	4.764250e+01	0.000000e+00
  9529	4.764750e+01	2.000000e+00
  9530	4.765250e+01	0.000000e+00
  9531	4.765750e+01	3.000000e+00
  9532	4.766250e+01	2.000000e+00
  9533	4.766750e+01	2.000000e+00
  9534	4.767250e+01	3.000000e+00
  9535	4.767750e+01	4.000000e+00
  9536	4.768250e+01	2.000000e+00
  9537	4.768750e+01	1.000000e+00
  9538	4.769250e+01	1.000000e+00
  9539	4.769750e+01	1.000000e+00
  9540	4.770250e+01	2.000000e+00
  9541	4.770750e+01	2.000000e+00
  9542	4.771250e+01	2.000000e+00
  9543	4.771750e+01	3.000000e+00
  9544	4.772250e+01	2.000000e+00
  9545	4.772750e+01	1.000000e+00
  9546	4.773250e+01	0.000000e+00
  9547	4.773750e+01	1.000000e+00
  9548	4.774250e+01	3.000000e+00
  9549	4.774750e+01	2.000000e+00
  9550	4.775250e+01	1.000000e+00
  9551	4.775750e+01	6.000000e+00
  9552	4.776250e+01	3.000000e+00
  9553	4.776750e+01	1.000000e+00
  9554	4.777250e+01	4.000000e+00
  9555	4.777750e+01	4.000000e+00
  9556	4.778250e+01	3.000000e+00
  9557	4.778750e+01	2.000000e+00
  9558	4.779250e+01	2.000000e+00
  9559	4.779750e+01	0.000000e+00
  9560	4.780250e+01	4.000000e+00
  9561	4.780750e+01	4.000000e+00
  9562	4.781250e+01	2.000000e+00
  9563	4.781750e+01	1.000000e+00
  9564	4.782250e+01	2.000000e+00
  9565	4.782750e+01	3.000000e+00
  9566	4.783250e+01	1.000000e+00
  9567	4.783750e+01	1.000000e+00
  9568	4.784250e+01	3.000000e+00
  9569	4.784750e+01	3.000000e+00
  9570	4.785250e+01	2.000000e+00
  9571	4.785750e+01	1.000000e+00
  9572	4.786250e+01	1.000000e+00
  9573	4.786750e+01	2.000000e+00
  9574	4.787250e+01	3.000000e+00
  9575	4.787750e+01	2.000000e+00
  9576	4.788250e+01	1.000000e+00
  9577	4.788750e+01	0.000000e+00
  9578	4.789250e+01	2.000000e+00
  9579	4.789750e+01	1.000000e+00
  9580	4.790250e+01	2.000000e+00
  9581	4.790750e+01	2.000000e+00
  9582	4.791250e+01	3.000000e+00
  9583	4.791750e+01	0.000000e+00
  9584	4.792250e+01	1.000000e+00
  9585	4.792750e+01	2.000000e+00
  9586	4.793250e+01	2.000000e+00
  9587	4.793750e+01	2.000000e+00
  9588	4.794250e+01	3.000000e+00
  9589	4.794750e+01	6.000000e+00
  9590	4.795250e+01	2.000000e+00
  9591	4.795750e+01	0.000000e+00
  9592	4.796250e+01	2.000000e+00
  9593	4.796750e+01	3.000000e+00
  9594	4.797250e+01	4.000000e+00
  9595	4.797750e+01	1.000000e+00
  9596	4.798250e+01	0.000000e+00
  9597	4.798750e+01	1.000000e+00
  9598	4.799250e+01	4.000000e+00
  9599	4.799750e+01	1.000000e+00
  9600	4.800250e+01	4.000000e+00
  9601	4.800750e+01	4.000000e+00
  9602	4.801250e+01	3.000000e+00
  9603	4.801750e+01	0.000000e+00
  9604	4.802250e+01	3.000000e+00
  9605	4.802750e+01	2.000000e+00
  9606	4.803250e+01	2.000000e+00
  9607	4.803750e+01	1.000000e+00
  9608	4.804250e+01	3.000000e+00
  9609	4.804750e+01	1.000000e+00
  9610	4.805250e+01	1.000000e+00
  9611	4.805750e+01	3.000000e+00
  9612	4.806250e+01	2.000000e+00
  9613	4.806750e+01	3.000000e+00
  9614	4.807250e+01	4.000000e+00
  9615	4.807750e+01	0.000000e+00
  9616	4.808250e+01	1.000000e+00
  9617	4.808750e+01	3.000000e+00
  9618	4.809250e+01	2.000000e+00
  9619	4.809750e+01	2.000000e+00
  9620	4.810250e+01	2.000000e+00
  9621	4.810750e+01	4.000000e+00
  9622	4.811250e+01	0.000000e+00
  9623	4.811750e+01	1.000000e+00
  9624	4.812250e+01	2.000000e+00
  9625	4.812750e+01	0.000000e+00
  9626	4.813250e+01	4.000000e+00
  9627	4.813750e+01	4.000000e+00
  9628	4.814250e+01	2.000000e+00
  9629	4.814750e+01	3.000000e+00
  9630	4.815250e+01	2.000000e+00
  9631	4.815750e+01	2.000000e+00
  9632	4.816250e+01	0.000000e+00
  9633	4.816750e+01	1.000000e+00
  9634	4.817250e+01	3.000000e+00
  9635	4.817750e+01	2.000000e+00
  9636	4.818250e+01	2.000000e+00
  9637	4.818750e+01	0.000000e+00
  9638	4.819250e+01	2.000000e+00
  9639	4.819750e+01	1.000000e+00
  9640	4.820250e+01	3.000000e+00
  9641	4.820750e+01	2.000000e+00
  9642	4.821250e+01	3.000000e+00
  9643	4.821750e+01	1.000000e+00
  9644	4.822250e+01	1.000000e+00
  9645	4.822750e+01	2.000000e+00
  9646	4.823250e+01	4.000000e+00
  9647	4.823750e+01	2.000000e+00
  9648	4.824250e+01	2.000000e+00
  9649	4.824750e+01	3.000000e+00
  9650	4.825250e+01	2.000000e+00
  9651	4.825750e+01	0.000000e+00
  9652	4.826250e+01	1.000000e+00
  9653	4.826750e+01	0.000000e+00
  9654	4.827250e+01	1.000000e+00
  9655	4.827750e+01	0.000000e+00
  9656	4.828250e+01	2.000000e+00
  9657	4.828750e+01	0.000000e+00
  9658	4.829250e+01	3.000000e+00
  9659	4.829750e+01	2.000000e+00
  9660	4.830250e+01	3.000000e+00
  9661	4.830750e+01	4.000000e+00
  9662	4.831250e+01	3.000000e+00
  9663	4.831750e+01	2.000000e+00
  9664	4.832250e+01	1.000000e+00
  9665	4.832750e+01	1.000000e+00
  9666	4.833250e+01	1.000000e+00
  9667	4.833750e+01	2.000000e+00
  9668	4.834250e+01	4.000000e+00
  9669	4.834750e+01	0.000000e+00
  9670	4.835250e+01	1.000000e+00
  9671	4.835750e+01	3.000000e+00
  9672	4.836250e+01	1.000000e+00
  9673	4.836750e+01	1.000000e+00
  9674	4.837250e+01	1.000000e+00
  9675	4.837750e+01	3.000000e+00
  9676	4.838250e+01	2.000000e+00
  9677	4.838750e+01	2.000000e+00
  9678	4.839250e+01	3.000000e+00
  9679	4.839750e+01	3.000000e+00
  9680	4.840250e+01	3.000000e+00
  9681	4.840750e+01	1.000000e+00
  9682	4.841250e+01	2.000000e+00
  9683	4.841750e+01	1.000000e+00
  9684	4.842250e+01	2.000000e+00
  9685	4.842750e+01	2.000000e+00
  9686	4.843250e+01	3.000000e+00
  9687	4.843750e+01	2.000000e+00
  9688	4.844250e+01	3.000000e+00
  9689	4.844750e+01	0.000000e+00
  9690	4.845250e+01	2.000000e+00
  9691	4.845750e+01	4.000000e+00
  9692	4.846250e+01	2.000000e+00
  9693	4.846750e+01	1.000000e+00
  9694	4.847250e+01	1.000000e+00
  9695	4.847750e+01	1.000000e+00
  9696	4.848250e+01	3.000000e+00
  9697	4.848750e+01	0.000000e+00
  9698	4.849250e+01	5.000000e+00
  9699	4.849750e+01	1.000000e+00
  9700	4.850250e+01	1.000000e+00
  9701	4.850750e+01	3.000000e+00
  9702	4.851250e+01	3.000000e+00
  9703	4.851750e+01	1.000000e+00
  9704	4.852250e+01	5.000000e+00
  9705	4.852750e+01	5.000000e+00
  9706	4.853250e+01	2.000000e+00
  9707	4.853750e+01	2.000000e+00
  9708	4.854250e+01	1.000000e+00
  9709	4.854750e+01	1.000000e+00
  9710	4.855250e+01	0.000000e+00
  9711	4.855750e+01	1.000000e+00
  9712	4.856250e+01	4.000000e+00
  9713	4.856750e+01	2.000000e+00
  9714	4.857250e+01	2.000000e+00
  9715	4.857750e+01	0.000000e+00
  9716	4.858250e+01	0.000000e+00
  9717	4.858750e+01	3.000000e+00
  9718	4.859250e+01	3.000000e+00
  9719	4.859750e+01	1.000000e+00
  9720	4.860250e+01	2.000000e+00
  9721	4.860750e+01	3.000000e+00
  9722	4.861250e+01	1.000000e+00
  9723	4.861750e+01	2.000000e+00
  9724	4.862250e+01	1.000000e+00
  9725	4.862750e+01	3.000000e+00
  9726	4.863250e+01	1.000000e+00
  9727	4.863750e+01	0.000000e+00
  9728	4.864250e+01	3.000000e+00
  9729	4.864750e+01	1.000000e+00
  9730	4.865250e+01	3.000000e+00
  9731	4.865750e+01	7.000000e+00
  9732	4.866250e+01	1.000000e+00
  9733	4.866750e+01	1.000000e+00
  9734	4.867250e+01	0.000000e+00
  9735	4.867750e+01	0.000000e+00
  9736	4.868250e+01	2.000000e+00
  9737	4.868750e+01	0.000000e+00
  9738	4.869250e+01	1.000000e+00
  9739	4.869750e+01	2.000000e+00
  9740	4.870250e+01	0.000000e+00
  9741	4.870750e+01	2.000000e+00
  9742	4.871250e+01	1.000000e+00
  9743	4.871750e+01	0.000000e+00
  9744	4.872250e+01	1.000000e+00
  9745	4.872750e+01	1.000000e+00
  9746	4.873250e+01	1.000000e+00
  9747	4.873750e+01	3.000000e+00
  9748	4.874250e+01	2.000000e+00
  9749	4.874750e+01	1.000000e+00
  9750	4.875250e+01	1.000000e+00
  9751	4.875750e+01	2.000000e+00
  9752	4.876250e+01	1.000000e+00
  9753	4.876750e+01	3.000000e+00
  9754	4.877250e+01	1.000000e+00
  9755	4.877750e+01	4.000000e+00
  9756	4.878250e+01	0.000000e+00
  9757	4.878750e+01	2.000000e+00
  9758	4.879250e+01	0.000000e+00
  9759	4.879750e+01	1.000000e+00
  9760	4.880250e+01	3.000000e+00
  9761	4.880750e+01	3.000000e+00
  9762	4.881250e+01	0.000000e+00
  9763	4.881750e+01	1.000000e+00
  9764	4.882250e+01	2.000000e+00
  9765	4.882750e+01	3.000000e+00
  9766	4.883250e+01	1.000000e+00
  9767	4.883750e+01	1.000000e+00
  9768	4.884250e+01	2.000000e+00
  9769	4.884750e+01	1.000000e+00
  9770	4.885250e+01	2.000000e+00
  9771	4.885750e+01	2.000000e+00
  9772	4.886250e+01	3.000000e+00
  9773	4.886750e+01	1.000000e+00
  9774	4.887250e+01	0.000000e+00
  9775	4.887750e+01	1.000000e+00
  9776	4.888250e+01	0.000000e+00
  9777	4.888750e+01	3.000000e+00
  9778	4.889250e+01	1.000000e+00
  9779	4.889750e+01	4.000000e+00
  9780	4.890250e+01	1.000000e+00
  9781	4.890750e+01	0.000000e+00
  9782	4.891250e+01	0.000000e+00
  9783	4.891750e+01	0.000000e+00
  9784	4.892250e+01	0.000000e+00
  9785	4.892750e+01	2.000000e+00
  9786	4.893250e+01	1.000000e+00
  9787	4.893750e+01	2.000000e+00
  9788	4.894250e+01	5.000000e+00
  9789	4.894750e+01	0.000000e+00
  9790	4.895250e+01	0.000000e+00
  9791	4.895750e+01	2.000000e+00
  9792	4.896250e+01	2.000000e+00
  9793	4.896750e+01	2.000000e+00
  9794	4.897250e+01	2.000000e+00
  9795	4.897750e+01	1.000000e+00
  9796	4.898250e+01	4.000000e+00
  9797	4.898750e+01	0.000000e+00
  9798	4.899250e+01	2.000000e+00
  9799	4.899750e+01	2.000000e+00
  9800	4.900250e+01	0.000000e+00
  9801	4.900750e+01	2.000000e+00
  9802	4.901250e+01	2.000000e+00
  9803	4.901750e+01	0.000000e+00
  9804	4.902250e+01	0.000000e+00
  9805	4.902750e+01	1.000000e+00
  9806	4.903250e+01	2.000000e+00
  9807	4.903750e+01	0.000000e+00
  9808	4.904250e+01	1.000000e+00
  9809	4.904750e+01	2.000000e+00
  9810	4.905250e+01	1.000000e+00
  9811	4.905750e+01	1.000000e+00
  9812	4.906250e+01	1.000000e+00
  9813	4.906750e+01	3.000000e+00
  9814	4.907250e+01	3.000000e+00
  9815	4.907750e+01	1.000000e+00
  9816	4.908250e+01	1.000000e+00
  9817	4.908750e+01	2.000000e+00
  9818	4.909250e+01	2.000000e+00
  9819	4.909750e+01	0.000000e+00
  9820	4.910250e+01	2.000000e+00
  9821	4.910750e+01	2.000000e+00
  9822	4.911250e+01	1.000000e+00
  9823	4.911750e+01	1.000000e+00
  9824	4.912250e+01	0.000000e+00
  9825	4.912750e+01	1.000000e+00
  9826	4.913250e+01	2.000000e+00
  9827	4.913750e+01	3.000000e+00
  9828	4.914250e+01	2.000000e+00
  9829	4.914750e+01	4.000000e+00
  9830	4.915250e+01	3.000000e+00
  9831	4.915750e+01	3.000000e+00
  9832	4.916250e+01	0.000000e+00
  9833	4.916750e+01	1.000000e+00
  9834	4.917250e+01	0.000000e+00
  9835	4.917750e+01	1.000000e+00
  9836	4.918250e+01	0.000000e+00
  9837	4.918750e+01	1.000000e+00
  9838	4.919250e+01	5.000000e+00
  9839	4.919750e+01	4.000000e+00
  9840	4.920250e+01	1.000000e+00
  9841	4.920750e+01	2.000000e+00
  9842	4.921250e+01	0.000000e+00
  9843	4.921750e+01	0.000000e+00
  9844	4.922250e+01	1.000000e+00
  9845	4.922750e+01	1.000000e+00
  9846	4.923250e+01	4.000000e+00
  9847	4.923750e+01	2.000000e+00
  9848	4.924250e+01	1.000000e+00
  9849	4.924750e+01	3.000000e+00
  9850	4.925250e+01	5.000000e+00
  9851	4.925750e+01	5.000000e+00
  9852	4.926250e+01	2.000000e+00
  9853	4.926750e+01	1.000000e+00
  9854	4.927250e+01	2.000000e+00
  9855	4.927750e+01	0.000000e+00
  9856	4.928250e+01	0.000000e+00
  9857	4.928750e+01	0.000000e+00
  9858	4.929250e+01	3.000000e+00
  9859	4.929750e+01	4.000000e+00
  9860	4.930250e+01	3.000000e+00
  9861	4.930750e+01	0.000000e+00
  9862	4.931250e+01	0.000000e+00
  9863	4.931750e+01	0.000000e+00
  9864	4.932250e+01	1.000000e+00
  9865	4.932750e+01	1.000000e+00
  9866	4.933250e+01	5.000000e+00
  9867	4.933750e+01	0.000000e+00
  9868	4.934250e+01	2.000000e+00
  9869	4.934750e+01	2.000000e+00
  9870	4.935250e+01	0.000000e+00
  9871	4.935750e+01	1.000000e+00
  9872	4.936250e+01	0.000000e+00
  9873	4.936750e+01	2.000000e+00
  9874	4.937250e+01	4.000000e+00
  9875	4.937750e+01	2.000000e+00
  9876	4.938250e+01	2.000000e+00
  9877	4.938750e+01	1.000000e+00
  9878	4.939250e+01	3.000000e+00
  9879	4.939750e+01	0.000000e+00
  9880	4.940250e+01	1.000000e+00
  9881	4.940750e+01	2.000000e+00
  9882	4.941250e+01	2.000000e+00
  9883	4.941750e+01	3.000000e+00
  9884	4.942250e+01	1.000000e+00
  9885	4.942750e+01	2.000000e+00
  9886	4.943250e+01	1.000000e+00
  9887	4.943750e+01	1.000000e+00
  9888	4.944250e+01	1.000000e+00
  9889	4.944750e+01	2.000000e+00
  9890	4.945250e+01	1.000000e+00
  9891	4.945750e+01	0.000000e+00
  9892	4.946250e+01	3.000000e+00
  9893	4.946750e+01	1.000000e+00
  9894	4.947250e+01	3.000000e+00
  9895	4.947750e+01	2.000000e+00
  9896	4.948250e+01	3.000000e+00
  9897	4.948750e+01	0.000000e+00
  9898	4.949250e+01	3.000000e+00
  9899	4.949750e+01	2.000000e+00
  9900	4.950250e+01	1.000000e+00
  9901	4.950750e+01	1.000000e+00
  9902	4.951250e+01	2.000000e+00
  9903	4.951750e+01	2.000000e+00
  9904	4.952250e+01	1.000000e+00
  9905	4.952750e+01	2.000000e+00
  9906	4.953250e+01	0.000000e+00
  9907	4.953750e+01	1.000000e+00
  9908	4.954250e+01	7.000000e+00
  9909	4.954750e+01	0.000000e+00
  9910	4.955250e+01	1.000000e+00
  9911	4.955750e+01	0.000000e+00
  9912	4.956250e+01	2.000000e+00
  9913	4.956750e+01	1.000000e+00
  9914	4.957250e+01	1.000000e+00
  9915	4.957750e+01	2.000000e+00
  9916	4.958250e+01	2.000000e+00
  9917	4.958750e+01	4.000000e+00
  9918	4.959250e+01	2.000000e+00
  9919	4.959750e+01	0.000000e+00
  9920	4.960250e+01	0.000000e+00
  9921	4.960750e+01	0.000000e+00
  9922	4.961250e+01	4.000000e+00
  9923	4.961750e+01	2.000000e+00
  9924	4.962250e+01	2.000000e+00
  9925	4.962750e+01	0.000000e+00
  9926	4.963250e+01	2.000000e+00
  9927	4.963750e+01	3.000000e+00
  9928	4.964250e+01	1.000000e+00
  9929	4.964750e+01	1.000000e+00
  9930	4.965250e+01	2.000000e+00
  9931	4.965750e+01	2.000000e+00
  9932	4.966250e+01	1.000000e+00
  9933	4.966750e+01	0.000000e+00
  9934	4.967250e+01	3.000000e+00
  9935	4.967750e+01	1.000000e+00
  9936	4.968250e+01	1.000000e+00
  9937	4.968750e+01	2.000000e+00
  9938	4.969250e+01	3.000000e+00
  9939	4.969750e+01	1.000000e+00
  9940	4.970250e+01	2.000000e+00
  9941	4.970750e+01	2.000000e+00
  9942	4.971250e+01	3.000000e+00
  9943	4.971750e+01	3.000000e+00
  9944	4.972250e+01	0.000000e+00
  9945	4.972750e+01	0.000000e+00
  9946	4.973250e+01	1.000000e+00
  9947	4.973750e+01	0.000000e+00
  9948	4.974250e+01	1.000000e+00
  9949	4.974750e+01	1.000000e+00
  9950	4.975250e+01	1.000000e+00
  9951	4.975750e+01	3.000000e+00
  9952	4.976250e+01	0.000000e+00
  9953	4.976750e+01	1.000000e+00
  9954	4.977250e+01	0.000000e+00
  9955	4.977750e+01	0.000000e+00
  9956	4.978250e+01	1.000000e+00
  9957	4.978750e+01	2.000000e+00
  9958	4.979250e+01	0.000000e+00
  9959	4.979750e+01	2.000000e+00
  9960	4.980250e+01	1.000000e+00
  9961	4.980750e+01	2.000000e+00
  9962	4.981250e+01	1.000000e+00
  9963	4.981750e+01	3.000000e+00
  9964	4.982250e+01	0.000000e+00
  9965	4.982750e+01	0.000000e+00
  9966	4.983250e+01	2.000000e+00
  9967	4.983750e+01	1.000000e+00
  9968	4.984250e+01	4.000000e+00
  9969	4.984750e+01	0.000000e+00
  9970	4.985250e+01	1.000000e+00
  9971	4.985750e+01	0.000000e+00
  9972	4.986250e+01	4.000000e+00
  9973	4.986750e+01	2.000000e+00
  9974	4.987250e+01	2.000000e+00
  9975	4.987750e+01	0.000000e+00
  9976	4.988250e+01	1.000000e+00
  9977	4.988750e+01	1.000000e+00
  9978	4.989250e+01	1.000000e+00
  9979	4.989750e+01	2.000000e+00
  9980	4.990250e+01	1.000000e+00
  9981	4.990750e+01	3.000000e+00
  9982	4.991250e+01	1.000000e+00
  9983	4.991750e+01	2.000000e+00
  9984	4.992250e+01	2.000000e+00
  9985	4.992750e+01	1.000000e+00
  9986	4.993250e+01	0.000000e+00
  9987	4.993750e+01	0.000000e+00
  9988	4.994250e+01	0.000000e+00
  9989	4.994750e+01	2.000000e+00
  9990	4.995250e+01	1.000000e+00
  9991	4.995750e+01	1.000000e+00
  9992	4.996250e+01	1.000000e+00
  9993	4.996750e+01	1.000000e+00
  9994	4.997250e+01	1.000000e+00
  9995	4.997750e+01	4.000000e+00
  9996	4.998250e+01	0.000000e+00
  9997	4.998750e+01	1.000000e+00
  9998	4.999250e+01	1.000000e+00
  9999	4.999750e+01	0.000000e+00

  1D histogram 12: energy spectrum of secondary e-
 
 	     X 		     Y
  0	5.000000e-02	0.000000e+00
  1	1.500000e-01	0.000000e+00
  2	2.500000e-01	0.000000e+00
  3	3.500000e-01	0.000000e+00
  4	4.500000e-01	0.000000e+00
  5	5.500000e-01	0.000000e+00
  6	6.500000e-01	0.000000e+00
  7	7.500000e-01	0.000000e+00
  8	8.500000e-01	0.000000e+00
  9	9.500000e-01	4.879900e+04
  10	1.050000e+00	4.407250e+05
  11	1.150000e+00	3.679480e+05
  12	1.250000e+00	3.111380e+05
  13	1.350000e+00	2.662910e+05
  14	1.450000e+00	2.316130e+05
  15	1.550000e+00	2.024800e+05
  16	1.650000e+00	1.794910e+05
  17	1.750000e+00	1.583490e+05
  18	1.850000e+00	1.421480e+05
  19	1.950000e+00	1.275720e+05
  20	2.050000e+00	1.153020e+05
  21	2.150000e+00	1.047690e+05
  22	2.250000e+00	9.634100e+04
  23	2.350000e+00	8.769200e+04
  24	2.450000e+00	8.060900e+04
  25	2.550000e+00	7.451600e+04
  26	2.650000e+00	6.902900e+04
  27	2.750000e+00	6.420000e+04
  28	2.850000e+00	5.950500e+04
  29	2.950000e+00	5.579100e+04
  30	3.050000e+00	5.263300e+04
  31	3.150000e+00	4.877700e+04
  32	3.250000e+00	4.601200e+04
  33	3.350000e+00	4.317100e+04
  34	3.450000e+00	4.084800e+04
  35	3.550000e+00	3.880200e+04
  36	3.650000e+00	3.634700e+04
  37	3.750000e+00	3.458700e+04
  38	3.850000e+00	3.254700e+04
  39	3.950000e+00	3.098200e+04
  40	4.050000e+00	2.967500e+04
  41	4.150000e+00	2.788200e+04
  42	4.250000e+00	2.678500e+04
  43	4.350000e+00	2.540300e+04
  44	4.450000e+00	2.467000e+04
  45	4.550000e+00	2.320500e+04
  46	4.650000e+00	2.221400e+04
  47	4.750000e+00	2.178900e+04
  48	4.850000e+00	2.060900e+04
  49	4.950000e+00	1.955100e+04
  50	5.050000e+00	1.885000e+04
  51	5.150000e+00	1.809500e+04
  52	5.250000e+00	1.776900e+04
  53	5.350000e+00	1.662900e+04
  54	5.450000e+00	1.645900e+04
  55	5.550000e+00	1.590400e+04
  56	5.650000e+00	1.515800e+04
  57	5.750000e+00	1.437700e+04
  58	5.850000e+00	1.423200e+04
  59	5.950000e+00	1.350100e+04
  60	6.050000e+00	1.322800e+04
  61	6.150000e+00	1.286000e+04
  62	6.250000e+00	1.245800e+04
  63	6.350000e+00	1.192600e+04
  64	6.450000e+00	1.169900e+04
  65	6.550000e+00	1.120700e+04
  66	6.650000e+00	1.106600e+04
  67	6.750000e+00	1.088100e+04
  68	6.850000e+00	1.031600e+04
  69	6.950000e+00	1.010500e+04
  70	7.050000e+00	9.792000e+03
  71	7.150000e+00	9.462000e+03
  72	7.250000e+00	9.290000e+03
  73	7.350000e+00	8.816000e+03
  74	7.450000e+00	8.678000e+03
  75	7.550000e+00	8.415000e+03
  76	7.650000e+00	8.152000e+03
  77	7.750000e+00	8.122000e+03
  78	7.850000e+00	7.927000e+03
  79	7.950000e+00	7.681000e+03
  80	8.050000e+00	7.376000e+03
  81	8.150000e+00	7.209000e+03
  82	8.250000e+00	7.116000e+03
  83	8.350000e+00	6.970000e+03
  84	8.450000e+00	6.596000e+03
  85	8.550000e+00	6.564000e+03
  86	8.650000e+00	6.470000e+03
  87	8.750000e+00	6.253000e+03
  88	8.850000e+00	6.167000e+03
  89	8.950000e+00	5.951000e+03
  90	9.050000e+00	5.816000e+03
  91	9.150000e+00	5.763000e+03
  92	9.250000e+00	5.551000e+03
  93	9.350000e+00	5.542000e+03
  94	9.450000e+00	5.515000e+03
  95	9.550000e+00	5.262000e+03
  96	9.650000e+00	5.089000e+03
  97	9.750000e+00	5.128000e+03
  98	9.850000e+00	5.031000e+03
  99	9.950000e+00	4.931000e+03
  100	1.005000e+01	4.787000e+03
  101	1.015000e+01	4.695000e+03
  102	1.025000e+01	4.678000e+03
  103	1.035000e+01	4.424000e+03
  104	1.045000e+01	4.465000e+03
  105	1.055000e+01	4.347000e+03
  106	1.065000e+01	4.254000e+03
  107	1.075000e+01	4.167000e+03
  108	1.085000e+01	4.081000e+03
  109	1.095000e+01	3.978000e+03
  110	1.105000e+01	4.066000e+03
  111	1.115000e+01	3.793000e+03
  112	1.125000e+01	3.834000e+03
  113	1.135000e+01	3.763000e+03
  114	1.145000e+01	3.684000e+03
  115	1.155000e+01	3.657000e+03
  116	1.165000e+01	3.593000e+03
  117	1.175000e+01	3.478000e+03
  118	1.185000e+01	3.540000e+03
  119	1.195000e+01	3.447000e+03
  120	1.205000e+01	3.418000e+03
  121	1.215000e+01	3.375000e+03
  122	1.225000e+01	3.230000e+03
  123	1.235000e+01	3.175000e+03
  124	1.245000e+01	3.125000e+03
  125	1.255000e+01	3.105000e+03
  126	1.265000e+01	3.029000e+03
  127	1.275000e+01	2.872000e+03
  128	1.285000e+01	2.952000e+03
  129	1.295000e+01	2.946000e+03
  130	1.305000e+01	2.889000e+03
  131	1.315000e+01	2.813000e+03
  132	1.325000e+01	2.733000e+03
  133	1.335000e+01	2.822000e+03
  134	1.345000e+01	2.623000e+03
  135	1.355000e+01	2.609000e+03
  136	1.365000e+01	2.564000e+03
  137	1.375000e+01	2.562000e+03
  138	1.385000e+01	2.483000e+03
  139	1.395000e+01	2.443000e+03
  140	1.405000e+01	2.478000e+03
  141	1.415000e+01	2.330000e+03
  142	1.425000e+01	2.409000e+03
  143	1.435000e+01	2.315000e+03
  144	1.445000e+01	2.347000e+03
  145	1.455000e+01	2.270000e+03
  146	1.465000e+01	2.149000e+03
  147	1.475000e+01	2.155000e+03
  148	1.485000e+01	2.139000e+03
  149	1.495000e+01	2.114000e+03
  150	1.505000e+01	2.008000e+03
  151	1.515000e+01	2.091000e+03
  152	1.525000e+01	2.053000e+03
  153	1.535000e+01	2.046000e+03
  154	1.545000e+01	2.018000e+03
  155	1.555000e+01	1.992000e+03
  156	1.565000e+01	1.946000e+03
  157	1.575000e+01	1.958000e+03
  158	1.585000e+01	1.900000e+03
  159	1.595000e+01	1.835000e+03
  160	1.605000e+01	1.843000e+03
  161	1.615000e+01	1.832000e+03
  162	1.625000e+01	1.790000e+03
  163	1.635000e+01	1.788000e+03
  164	1.645000e+01	1.822000e+03
  165	1.655000e+01	1.721000e+03
  166	1.665000e+01	1.711000e+03
  167	1.675000e+01	1.733000e+03
  168	1.685000e+01	1.672000e+03
  169	1.695000e+01	1.649000e+03
  170	1.705000e+01	1.637000e+03
  171	1.715000e+01	1.624000e+03
  172	1.725000e+01	1.658000e+03
  173	1.735000e+01	1.533000e+03
  174	1.745000e+01	1.562000e+03
  175	1.755000e+01	1.566000e+03
  176	1.765000e+01	1.499000e+03
  177	1.775000e+01	1.530000e+03
  178	1.785000e+01	1.573000e+03
  179	1.795000e+01	1.558000e+03
  180	1.805000e+01	1.557000e+03
  181	1.815000e+01	1.502000e+03
  182	1.825000e+01	1.426000e+03
  183	1.835000e+01	1.434000e+03
  184	1.845000e+01	1.402000e+03
  185	1.855000e+01	1.380000e+03
  186	1.865000e+01	1.444000e+03
  187	1.875000e+01	1.317000e+03
  188	1.885000e+01	1.358000e+03
  189	1.895000e+01	1.355000e+03
  190	1.905000e+01	1.293000e+03
  191	1.915000e+01	1.344000e+03
  192	1.925000e+01	1.290000e+03
  193	1.935000e+01	1.265000e+03
  194	1.945000e+01	1.270000e+03
  195	1.955000e+01	1.275000e+03
  196	1.965000e+01	1.227000e+03
  197	1.975000e+01	1.253000e+03
  198	1.985000e+01	1.308000e+03
  199	1.995000e+01	1.230000e+03
