
  1D histogram 1: step size of primary track
 
 	     X 		     Y
  0	1.000000e-02	4.781900e+04
  1	3.000000e-02	4.785600e+04
  2	5.000000e-02	4.775800e+04
  3	7.000000e-02	4.779400e+04
  4	9.000000e-02	4.744200e+04
  5	1.100000e-01	4.721500e+04
  6	1.300000e-01	4.718000e+04
  7	1.500000e-01	4.698200e+04
  8	1.700000e-01	4.698800e+04
  9	1.900000e-01	4.688200e+04
  10	2.100000e-01	4.654000e+04
  11	2.300000e-01	4.664000e+04
  12	2.500000e-01	4.674000e+04
  13	2.700000e-01	4.644900e+04
  14	2.900000e-01	4.627400e+04
  15	3.100000e-01	4.630200e+04
  16	3.300000e-01	4.595500e+04
  17	3.500000e-01	4.592500e+04
  18	3.700000e-01	4.577700e+04
  19	3.900000e-01	4.561900e+04
  20	4.100000e-01	4.590300e+04
  21	4.300000e-01	4.572400e+04
  22	4.500000e-01	4.564100e+04
  23	4.700000e-01	4.542100e+04
  24	4.900000e-01	4.571900e+04
  25	5.100000e-01	4.521500e+04
  26	5.300000e-01	4.474900e+04
  27	5.500000e-01	4.487100e+04
  28	5.700000e-01	4.506400e+04
  29	5.900000e-01	4.489300e+04
  30	6.100000e-01	4.465000e+04
  31	6.300000e-01	4.415500e+04
  32	6.500000e-01	4.436500e+04
  33	6.700000e-01	4.443700e+04
  34	6.900000e-01	4.425200e+04
  35	7.100000e-01	4.364700e+04
  36	7.300000e-01	4.384000e+04
  37	7.500000e-01	4.379400e+04
  38	7.700000e-01	4.383800e+04
  39	7.900000e-01	4.322500e+04
  40	8.100000e-01	4.386800e+04
  41	8.300000e-01	4.350400e+04
  42	8.500000e-01	4.288300e+04
  43	8.700000e-01	4.333200e+04
  44	8.900000e-01	4.296300e+04
  45	9.100000e-01	4.294900e+04
  46	9.300000e-01	4.281500e+04
  47	9.500000e-01	4.270800e+04
  48	9.700000e-01	4.285100e+04
  49	9.900000e-01	4.260100e+04
  50	1.010000e+00	4.216500e+04
  51	1.030000e+00	4.231400e+04
  52	1.050000e+00	4.230000e+04
  53	1.070000e+00	4.200000e+04
  54	1.090000e+00	4.204200e+04
  55	1.110000e+00	4.165200e+04
  56	1.130000e+00	4.183700e+04
  57	1.150000e+00	4.197000e+04
  58	1.170000e+00	4.190000e+04
  59	1.190000e+00	4.159600e+04
  60	1.210000e+00	4.130500e+04
  61	1.230000e+00	4.130700e+04
  62	1.250000e+00	4.132700e+04
  63	1.270000e+00	4.091200e+04
  64	1.290000e+00	4.089700e+04
  65	1.310000e+00	4.089400e+04
  66	1.330000e+00	4.055600e+04
  67	1.350000e+00	4.048600e+04
  68	1.370000e+00	4.024500e+04
  69	1.390000e+00	4.030900e+04
  70	1.410000e+00	4.040000e+04
  71	1.430000e+00	4.038800e+04
  72	1.450000e+00	4.020000e+04
  73	1.470000e+00	3.963600e+04
  74	1.490000e+00	4.017400e+04
  75	1.510000e+00	3.979200e+04
  76	1.530000e+00	3.992900e+04
  77	1.550000e+00	3.988000e+04
  78	1.570000e+00	3.943600e+04
  79	1.590000e+00	3.957400e+04
  80	1.610000e+00	3.907600e+04
  81	1.630000e+00	3.939800e+04
  82	1.650000e+00	3.924400e+04
  83	1.670000e+00	3.906000e+04
  84	1.690000e+00	3.914000e+04
  85	1.710000e+00	3.863500e+04
  86	1.730000e+00	3.891100e+04
  87	1.750000e+00	3.908600e+04
  88	1.770000e+00	3.834700e+04
  89	1.790000e+00	3.875800e+04
  90	1.810000e+00	3.844700e+04
  91	1.830000e+00	3.807100e+04
  92	1.850000e+00	3.846600e+04
  93	1.870000e+00	3.781600e+04
  94	1.890000e+00	3.833400e+04
  95	1.910000e+00	3.822500e+04
  96	1.930000e+00	3.791300e+04
  97	1.950000e+00	3.766000e+04
  98	1.970000e+00	3.755500e+04
  99	1.990000e+00	3.764300e+04
  100	2.010000e+00	3.779800e+04
  101	2.030000e+00	3.747100e+04
  102	2.050000e+00	3.731800e+04
  103	2.070000e+00	3.736700e+04
  104	2.090000e+00	3.702400e+04
  105	2.110000e+00	3.711300e+04
  106	2.130000e+00	3.701700e+04
  107	2.150000e+00	3.712200e+04
  108	2.170000e+00	3.677800e+04
  109	2.190000e+00	3.680600e+04
  110	2.210000e+00	3.660800e+04
  111	2.230000e+00	3.636200e+04
  112	2.250000e+00	3.637900e+04
  113	2.270000e+00	3.610400e+04
  114	2.290000e+00	3.621100e+04
  115	2.310000e+00	3.635200e+04
  116	2.330000e+00	3.576300e+04
  117	2.350000e+00	3.602400e+04
  118	2.370000e+00	3.581400e+04
  119	2.390000e+00	3.565100e+04
  120	2.410000e+00	3.587200e+04
  121	2.430000e+00	3.576600e+04
  122	2.450000e+00	3.524900e+04
  123	2.470000e+00	3.534000e+04
  124	2.490000e+00	3.558700e+04
  125	2.510000e+00	3.500100e+04
  126	2.530000e+00	3.536700e+04
  127	2.550000e+00	3.518000e+04
  128	2.570000e+00	3.511500e+04
  129	2.590000e+00	3.512500e+04
  130	2.610000e+00	3.484500e+04
  131	2.630000e+00	3.449300e+04
  132	2.650000e+00	3.444500e+04
  133	2.670000e+00	3.468200e+04
  134	2.690000e+00	3.430000e+04
  135	2.710000e+00	3.429500e+04
  136	2.730000e+00	3.450500e+04
  137	2.750000e+00	3.401500e+04
  138	2.770000e+00	3.424400e+04
  139	2.790000e+00	3.368100e+04
  140	2.810000e+00	3.439200e+04
  141	2.830000e+00	3.422500e+04
  142	2.850000e+00	3.382000e+04
  143	2.870000e+00	3.362100e+04
  144	2.890000e+00	3.366000e+04
  145	2.910000e+00	3.352900e+04
  146	2.930000e+00	3.352400e+04
  147	2.950000e+00	3.339200e+04
  148	2.970000e+00	3.339200e+04
  149	2.990000e+00	3.329100e+04
  150	3.010000e+00	3.327600e+04
  151	3.030000e+00	3.306900e+04
  152	3.050000e+00	3.330200e+04
  153	3.070000e+00	3.258100e+04
  154	3.090000e+00	3.262200e+04
  155	3.110000e+00	3.284700e+04
  156	3.130000e+00	3.308900e+04
  157	3.150000e+00	3.265900e+04
  158	3.170000e+00	3.264100e+04
  159	3.190000e+00	3.244200e+04
  160	3.210000e+00	3.205800e+04
  161	3.230000e+00	3.219300e+04
  162	3.250000e+00	3.251400e+04
  163	3.270000e+00	3.196000e+04
  164	3.290000e+00	3.207500e+04
  165	3.310000e+00	3.207500e+04
  166	3.330000e+00	3.192600e+04
  167	3.350000e+00	3.164600e+04
  168	3.370000e+00	3.186700e+04
  169	3.390000e+00	3.143100e+04
  170	3.410000e+00	3.103200e+04
  171	3.430000e+00	3.133200e+04
  172	3.450000e+00	3.137200e+04
  173	3.470000e+00	3.149400e+04
  174	3.490000e+00	3.144600e+04
  175	3.510000e+00	3.111300e+04
  176	3.530000e+00	3.090700e+04
  177	3.550000e+00	3.098900e+04
  178	3.570000e+00	3.121500e+04
  179	3.590000e+00	3.082600e+04
  180	3.610000e+00	3.053500e+04
  181	3.630000e+00	3.085200e+04
  182	3.650000e+00	3.046200e+04
  183	3.670000e+00	3.046900e+04
  184	3.690000e+00	3.047100e+04
  185	3.710000e+00	3.034800e+04
  186	3.730000e+00	3.031500e+04
  187	3.750000e+00	3.044700e+04
  188	3.770000e+00	3.021900e+04
  189	3.790000e+00	2.995900e+04
  190	3.810000e+00	3.006300e+04
  191	3.830000e+00	3.018000e+04
  192	3.850000e+00	2.978000e+04
  193	3.870000e+00	2.971200e+04
  194	3.890000e+00	2.964300e+04
  195	3.910000e+00	2.944100e+04
  196	3.930000e+00	2.970100e+04
  197	3.950000e+00	2.943900e+04
  198	3.970000e+00	2.991100e+04
  199	3.990000e+00	2.928700e+04
  200	4.010000e+00	2.950200e+04
  201	4.030000e+00	2.968900e+04
  202	4.050000e+00	2.917000e+04
  203	4.070000e+00	2.905200e+04
  204	4.090000e+00	2.882400e+04
  205	4.110000e+00	2.922900e+04
  206	4.130000e+00	2.905800e+04
  207	4.150000e+00	2.887100e+04
  208	4.170000e+00	2.875900e+04
  209	4.190000e+00	2.866500e+04
  210	4.210000e+00	2.866500e+04
  211	4.230000e+00	2.878000e+04
  212	4.250000e+00	2.853800e+04
  213	4.270000e+00	2.840800e+04
  214	4.290000e+00	2.836700e+04
  215	4.310000e+00	2.834000e+04
  216	4.330000e+00	2.824300e+04
  217	4.350000e+00	2.806400e+04
  218	4.370000e+00	2.805700e+04
  219	4.390000e+00	2.809400e+04
  220	4.410000e+00	2.800400e+04
  221	4.430000e+00	2.776500e+04
  222	4.450000e+00	2.763500e+04
  223	4.470000e+00	2.743200e+04
  224	4.490000e+00	2.772900e+04
  225	4.510000e+00	2.757100e+04
  226	4.530000e+00	2.754300e+04
  227	4.550000e+00	2.759100e+04
  228	4.570000e+00	2.752900e+04
  229	4.590000e+00	2.744600e+04
  230	4.610000e+00	2.707200e+04
  231	4.630000e+00	2.699600e+04
  232	4.650000e+00	2.700600e+04
  233	4.670000e+00	2.688400e+04
  234	4.690000e+00	2.689800e+04
  235	4.710000e+00	2.692200e+04
  236	4.730000e+00	2.682900e+04
  237	4.750000e+00	2.678200e+04
  238	4.770000e+00	2.674900e+04
  239	4.790000e+00	2.681000e+04
  240	4.810000e+00	2.671400e+04
  241	4.830000e+00	2.683300e+04
  242	4.850000e+00	2.656900e+04
  243	4.870000e+00	2.654400e+04
  244	4.890000e+00	2.627400e+04
  245	4.910000e+00	2.652900e+04
  246	4.930000e+00	2.626300e+04
  247	4.950000e+00	2.599500e+04
  248	4.970000e+00	2.613500e+04
  249	4.990000e+00	2.600100e+04
  250	5.010000e+00	2.607400e+04
  251	5.030000e+00	2.591400e+04
  252	5.050000e+00	2.567400e+04
  253	5.070000e+00	2.577600e+04
  254	5.090000e+00	2.591600e+04
  255	5.110000e+00	2.540900e+04
  256	5.130000e+00	2.558900e+04
  257	5.150000e+00	2.543400e+04
  258	5.170000e+00	2.550400e+04
  259	5.190000e+00	2.536100e+04
  260	5.210000e+00	2.533500e+04
  261	5.230000e+00	2.532200e+04
  262	5.250000e+00	2.514500e+04
  263	5.270000e+00	2.503000e+04
  264	5.290000e+00	2.505400e+04
  265	5.310000e+00	2.502200e+04
  266	5.330000e+00	2.490800e+04
  267	5.350000e+00	2.494900e+04
  268	5.370000e+00	2.440700e+04
  269	5.390000e+00	2.469700e+04
  270	5.410000e+00	2.465100e+04
  271	5.430000e+00	2.449700e+04
  272	5.450000e+00	2.486600e+04
  273	5.470000e+00	2.458400e+04
  274	5.490000e+00	2.465200e+04
  275	5.510000e+00	2.424600e+04
  276	5.530000e+00	2.427000e+04
  277	5.550000e+00	2.442000e+04
  278	5.570000e+00	2.415200e+04
  279	5.590000e+00	2.417300e+04
  280	5.610000e+00	2.425300e+04
  281	5.630000e+00	2.402400e+04
  282	5.650000e+00	2.387300e+04
  283	5.670000e+00	2.396500e+04
  284	5.690000e+00	2.378900e+04
  285	5.710000e+00	2.372800e+04
  286	5.730000e+00	2.387700e+04
  287	5.750000e+00	2.356100e+04
  288	5.770000e+00	2.386600e+04
  289	5.790000e+00	2.349100e+04
  290	5.810000e+00	2.352400e+04
  291	5.830000e+00	2.362900e+04
  292	5.850000e+00	2.326400e+04
  293	5.870000e+00	2.325900e+04
  294	5.890000e+00	2.328000e+04
  295	5.910000e+00	2.318700e+04
  296	5.930000e+00	2.283300e+04
  297	5.950000e+00	2.323400e+04
  298	5.970000e+00	2.280200e+04
  299	5.990000e+00	2.297300e+04
  300	6.010000e+00	2.256400e+04
  301	6.030000e+00	2.281900e+04
  302	6.050000e+00	2.287400e+04
  303	6.070000e+00	2.281300e+04
  304	6.090000e+00	2.267800e+04
  305	6.110000e+00	2.268500e+04
  306	6.130000e+00	2.239000e+04
  307	6.150000e+00	2.249200e+04
  308	6.170000e+00	2.251100e+04
  309	6.190000e+00	2.217200e+04
  310	6.210000e+00	2.242200e+04
  311	6.230000e+00	2.254400e+04
  312	6.250000e+00	2.220800e+04
  313	6.270000e+00	2.213900e+04
  314	6.290000e+00	2.237900e+04
  315	6.310000e+00	2.180400e+04
  316	6.330000e+00	2.211300e+04
  317	6.350000e+00	2.211700e+04
  318	6.370000e+00	2.197400e+04
  319	6.390000e+00	2.166100e+04
  320	6.410000e+00	2.151600e+04
  321	6.430000e+00	2.183100e+04
  322	6.450000e+00	2.170400e+04
  323	6.470000e+00	2.185600e+04
  324	6.490000e+00	2.171600e+04
  325	6.510000e+00	2.129300e+04
  326	6.530000e+00	2.141900e+04
  327	6.550000e+00	2.148900e+04
  328	6.570000e+00	2.142500e+04
  329	6.590000e+00	2.135300e+04
  330	6.610000e+00	2.152400e+04
  331	6.630000e+00	2.137100e+04
  332	6.650000e+00	2.134000e+04
  333	6.670000e+00	2.116400e+04
  334	6.690000e+00	2.095200e+04
  335	6.710000e+00	2.105300e+04
  336	6.730000e+00	2.095300e+04
  337	6.750000e+00	2.128200e+04
  338	6.770000e+00	2.076600e+04
  339	6.790000e+00	2.071700e+04
  340	6.810000e+00	2.044400e+04
  341	6.830000e+00	2.083600e+04
  342	6.850000e+00	2.059500e+04
  343	6.870000e+00	2.052500e+04
  344	6.890000e+00	2.048400e+04
  345	6.910000e+00	2.047200e+04
  346	6.930000e+00	2.032900e+04
  347	6.950000e+00	2.037100e+04
  348	6.970000e+00	2.049400e+04
  349	6.990000e+00	2.013700e+04
  350	7.010000e+00	2.023600e+04
  351	7.030000e+00	2.023500e+04
  352	7.050000e+00	1.999700e+04
  353	7.070000e+00	2.002800e+04
  354	7.090000e+00	1.998600e+04
  355	7.110000e+00	2.013200e+04
  356	7.130000e+00	1.972000e+04
  357	7.150000e+00	1.985900e+04
  358	7.170000e+00	1.978400e+04
  359	7.190000e+00	1.988900e+04
  360	7.210000e+00	1.964900e+04
  361	7.230000e+00	1.970200e+04
  362	7.250000e+00	1.962600e+04
  363	7.270000e+00	1.983200e+04
  364	7.290000e+00	1.962000e+04
  365	7.310000e+00	1.962600e+04
  366	7.330000e+00	1.957800e+04
  367	7.350000e+00	1.949800e+04
  368	7.370000e+00	1.962100e+04
  369	7.390000e+00	1.925500e+04
  370	7.410000e+00	1.943900e+04
  371	7.430000e+00	1.916700e+04
  372	7.450000e+00	1.908800e+04
  373	7.470000e+00	1.912000e+04
  374	7.490000e+00	1.921400e+04
  375	7.510000e+00	1.909900e+04
  376	7.530000e+00	1.879700e+04
  377	7.550000e+00	1.896200e+04
  378	7.570000e+00	1.885100e+04
  379	7.590000e+00	1.895200e+04
  380	7.610000e+00	1.897100e+04
  381	7.630000e+00	1.897500e+04
  382	7.650000e+00	1.896300e+04
  383	7.670000e+00	1.870200e+04
  384	7.690000e+00	1.875800e+04
  385	7.710000e+00	1.877400e+04
  386	7.730000e+00	1.857600e+04
  387	7.750000e+00	1.838900e+04
  388	7.770000e+00	1.839400e+04
  389	7.790000e+00	1.845200e+04
  390	7.810000e+00	1.858500e+04
  391	7.830000e+00	1.832900e+04
  392	7.850000e+00	1.821400e+04
  393	7.870000e+00	1.845900e+04
  394	7.890000e+00	1.806800e+04
  395	7.910000e+00	1.800300e+04
  396	7.930000e+00	1.809200e+04
  397	7.950000e+00	1.786200e+04
  398	7.970000e+00	1.812600e+04
  399	7.990000e+00	1.804800e+04
  400	8.010000e+00	1.810800e+04
  401	8.030000e+00	1.772300e+04
  402	8.050000e+00	1.771400e+04
  403	8.070000e+00	1.771900e+04
  404	8.090000e+00	1.791900e+04
  405	8.110000e+00	1.750700e+04
  406	8.130000e+00	1.771400e+04
  407	8.150000e+00	1.753900e+04
  408	8.170000e+00	1.754600e+04
  409	8.190000e+00	1.759600e+04
  410	8.210000e+00	1.740300e+04
  411	8.230000e+00	1.748100e+04
  412	8.250000e+00	1.749800e+04
  413	8.270000e+00	1.752200e+04
  414	8.290000e+00	1.748100e+04
  415	8.310000e+00	1.703400e+04
  416	8.330000e+00	1.714700e+04
  417	8.350000e+00	1.700400e+04
  418	8.370000e+00	1.707400e+04
  419	8.390000e+00	1.714100e+04
  420	8.410000e+00	1.699100e+04
  421	8.430000e+00	1.703800e+04
  422	8.450000e+00	1.708700e+04
  423	8.470000e+00	1.678000e+04
  424	8.490000e+00	1.700900e+04
  425	8.510000e+00	1.690100e+04
  426	8.530000e+00	1.701000e+04
  427	8.550000e+00	1.666100e+04
  428	8.570000e+00	1.664400e+04
  429	8.590000e+00	1.658600e+04
  430	8.610000e+00	1.654900e+04
  431	8.630000e+00	1.667100e+04
  432	8.650000e+00	1.673400e+04
  433	8.670000e+00	1.649000e+04
  434	8.690000e+00	1.658900e+04
  435	8.710000e+00	1.632500e+04
  436	8.730000e+00	1.630300e+04
  437	8.750000e+00	1.635600e+04
  438	8.770000e+00	1.624300e+04
  439	8.790000e+00	1.617400e+04
  440	8.810000e+00	1.636200e+04
  441	8.830000e+00	1.601800e+04
  442	8.850000e+00	1.621600e+04
  443	8.870000e+00	1.623900e+04
  444	8.890000e+00	1.624200e+04
  445	8.910000e+00	1.600400e+04
  446	8.930000e+00	1.618900e+04
  447	8.950000e+00	1.587500e+04
  448	8.970000e+00	1.602100e+04
  449	8.990000e+00	1.597900e+04
  450	9.010000e+00	1.589300e+04
  451	9.030000e+00	1.574700e+04
  452	9.050000e+00	1.568700e+04
  453	9.070000e+00	1.560700e+04
  454	9.090000e+00	1.566500e+04
  455	9.110000e+00	1.559700e+04
  456	9.130000e+00	1.560900e+04
  457	9.150000e+00	1.551100e+04
  458	9.170000e+00	1.554000e+04
  459	9.190000e+00	1.565100e+04
  460	9.210000e+00	1.536500e+04
  461	9.230000e+00	1.541000e+04
  462	9.250000e+00	1.538100e+04
  463	9.270000e+00	1.540900e+04
  464	9.290000e+00	1.525600e+04
  465	9.310000e+00	1.537000e+04
  466	9.330000e+00	1.521400e+04
  467	9.350000e+00	1.520400e+04
  468	9.370000e+00	1.507300e+04
  469	9.390000e+00	1.503200e+04
  470	9.410000e+00	1.512500e+04
  471	9.430000e+00	1.501600e+04
  472	9.450000e+00	1.496300e+04
  473	9.470000e+00	1.498000e+04
  474	9.490000e+00	1.497700e+04
  475	9.510000e+00	1.479700e+04
  476	9.530000e+00	1.478000e+04
  477	9.550000e+00	1.498000e+04
  478	9.570000e+00	1.488500e+04
  479	9.590000e+00	1.507600e+04
  480	9.610000e+00	1.471100e+04
  481	9.630000e+00	1.456600e+04
  482	9.650000e+00	1.469300e+04
  483	9.670000e+00	1.474100e+04
  484	9.690000e+00	1.467500e+04
  485	9.710000e+00	1.449000e+04
  486	9.730000e+00	1.450400e+04
  487	9.750000e+00	1.456700e+04
  488	9.770000e+00	1.451300e+04
  489	9.790000e+00	1.413300e+04
  490	9.810000e+00	1.433800e+04
  491	9.830000e+00	1.444300e+04
  492	9.850000e+00	1.424800e+04
  493	9.870000e+00	1.406500e+04
  494	9.890000e+00	1.432900e+04
  495	9.910000e+00	1.423900e+04
  496	9.930000e+00	1.411600e+04
  497	9.950000e+00	1.411000e+04
  498	9.970000e+00	1.389900e+04
  499	9.990000e+00	1.401900e+04
  500	1.001000e+01	1.380300e+04
  501	1.003000e+01	1.408000e+04
  502	1.005000e+01	1.406500e+04
  503	1.007000e+01	1.430600e+04
  504	1.009000e+01	1.379100e+04
  505	1.011000e+01	1.369200e+04
  506	1.013000e+01	1.407000e+04
  507	1.015000e+01	1.373200e+04
  508	1.017000e+01	1.359700e+04
  509	1.019000e+01	1.375800e+04
  510	1.021000e+01	1.356800e+04
  511	1.023000e+01	1.361600e+04
  512	1.025000e+01	1.358500e+04
  513	1.027000e+01	1.353500e+04
  514	1.029000e+01	1.350900e+04
  515	1.031000e+01	1.364100e+04
  516	1.033000e+01	1.335200e+04
  517	1.035000e+01	1.338100e+04
  518	1.037000e+01	1.354100e+04
  519	1.039000e+01	1.322900e+04
  520	1.041000e+01	1.314900e+04
  521	1.043000e+01	1.331200e+04
  522	1.045000e+01	1.324700e+04
  523	1.047000e+01	1.314700e+04
  524	1.049000e+01	1.326700e+04
  525	1.051000e+01	1.313100e+04
  526	1.053000e+01	1.309000e+04
  527	1.055000e+01	1.304900e+04
  528	1.057000e+01	1.321300e+04
  529	1.059000e+01	1.311700e+04
  530	1.061000e+01	1.305400e+04
  531	1.063000e+01	1.294000e+04
  532	1.065000e+01	1.312600e+04
  533	1.067000e+01	1.297000e+04
  534	1.069000e+01	1.277800e+04
  535	1.071000e+01	1.293200e+04
  536	1.073000e+01	1.277800e+04
  537	1.075000e+01	1.290900e+04
  538	1.077000e+01	1.250700e+04
  539	1.079000e+01	1.272400e+04
  540	1.081000e+01	1.268700e+04
  541	1.083000e+01	1.274000e+04
  542	1.085000e+01	1.262700e+04
  543	1.087000e+01	1.258700e+04
  544	1.089000e+01	1.256100e+04
  545	1.091000e+01	1.267400e+04
  546	1.093000e+01	1.243500e+04
  547	1.095000e+01	1.234000e+04
  548	1.097000e+01	1.228700e+04
  549	1.099000e+01	1.242300e+04
  550	1.101000e+01	1.258900e+04
  551	1.103000e+01	1.236800e+04
  552	1.105000e+01	1.216900e+04
  553	1.107000e+01	1.228000e+04
  554	1.109000e+01	1.236700e+04
  555	1.111000e+01	1.222700e+04
  556	1.113000e+01	1.200700e+04
  557	1.115000e+01	1.220700e+04
  558	1.117000e+01	1.220700e+04
  559	1.119000e+01	1.217400e+04
  560	1.121000e+01	1.225400e+04
  561	1.123000e+01	1.188700e+04
  562	1.125000e+01	1.194300e+04
  563	1.127000e+01	1.213700e+04
  564	1.129000e+01	1.200300e+04
  565	1.131000e+01	1.203000e+04
  566	1.133000e+01	1.194200e+04
  567	1.135000e+01	1.192000e+04
  568	1.137000e+01	1.195200e+04
  569	1.139000e+01	1.190100e+04
  570	1.141000e+01	1.186300e+04
  571	1.143000e+01	1.162200e+04
  572	1.145000e+01	1.152400e+04
  573	1.147000e+01	1.175200e+04
  574	1.149000e+01	1.163100e+04
  575	1.151000e+01	1.185500e+04
  576	1.153000e+01	1.170300e+04
  577	1.155000e+01	1.164800e+04
  578	1.157000e+01	1.133300e+04
  579	1.159000e+01	1.142400e+04
  580	1.161000e+01	1.160300e+04
  581	1.163000e+01	1.158900e+04
  582	1.165000e+01	1.127800e+04
  583	1.167000e+01	1.130400e+04
  584	1.169000e+01	1.126800e+04
  585	1.171000e+01	1.132500e+04
  586	1.173000e+01	1.137800e+04
  587	1.175000e+01	1.118200e+04
  588	1.177000e+01	1.119700e+04
  589	1.179000e+01	1.120300e+04
  590	1.181000e+01	1.127500e+04
  591	1.183000e+01	1.110000e+04
  592	1.185000e+01	1.123000e+04
  593	1.187000e+01	1.113900e+04
  594	1.189000e+01	1.119800e+04
  595	1.191000e+01	1.112000e+04
  596	1.193000e+01	1.119900e+04
  597	1.195000e+01	1.107600e+04
  598	1.197000e+01	1.095100e+04
  599	1.199000e+01	1.092200e+04
  600	1.201000e+01	1.103000e+04
  601	1.203000e+01	1.082100e+04
  602	1.205000e+01	1.096600e+04
  603	1.207000e+01	1.076000e+04
  604	1.209000e+01	1.105500e+04
  605	1.211000e+01	1.083300e+04
  606	1.213000e+01	1.054400e+04
  607	1.215000e+01	1.087300e+04
  608	1.217000e+01	1.055300e+04
  609	1.219000e+01	1.052400e+04
  610	1.221000e+01	1.075700e+04
  611	1.223000e+01	1.058400e+04
  612	1.225000e+01	1.066400e+04
  613	1.227000e+01	1.079000e+04
  614	1.229000e+01	1.051700e+04
  615	1.231000e+01	1.067000e+04
  616	1.233000e+01	1.058000e+04
  617	1.235000e+01	1.047900e+04
  618	1.237000e+01	1.049200e+04
  619	1.239000e+01	1.045500e+04
  620	1.241000e+01	1.040600e+04
  621	1.243000e+01	1.051800e+04
  622	1.245000e+01	1.042900e+04
  623	1.247000e+01	1.051400e+04
  624	1.249000e+01	1.032200e+04
  625	1.251000e+01	1.038600e+04
  626	1.253000e+01	1.025900e+04
  627	1.255000e+01	1.031200e+04
  628	1.257000e+01	1.012000e+04
  629	1.259000e+01	1.001500e+04
  630	1.261000e+01	1.014000e+04
  631	1.263000e+01	1.018800e+04
  632	1.265000e+01	1.019400e+04
  633	1.267000e+01	1.010800e+04
  634	1.269000e+01	9.965000e+03
  635	1.271000e+01	9.981000e+03
  636	1.273000e+01	1.003600e+04
  637	1.275000e+01	1.009800e+04
  638	1.277000e+01	1.003100e+04
  639	1.279000e+01	9.897000e+03
  640	1.281000e+01	9.846000e+03
  641	1.283000e+01	9.909000e+03
  642	1.285000e+01	9.828000e+03
  643	1.287000e+01	9.923000e+03
  644	1.289000e+01	9.733000e+03
  645	1.291000e+01	9.737000e+03
  646	1.293000e+01	9.872000e+03
  647	1.295000e+01	9.623000e+03
  648	1.297000e+01	9.691000e+03
  649	1.299000e+01	9.442000e+03
  650	1.301000e+01	9.788000e+03
  651	1.303000e+01	9.592000e+03
  652	1.305000e+01	9.689000e+03
  653	1.307000e+01	9.776000e+03
  654	1.309000e+01	9.479000e+03
  655	1.311000e+01	9.506000e+03
  656	1.313000e+01	9.479000e+03
  657	1.315000e+01	9.523000e+03
  658	1.317000e+01	9.554000e+03
  659	1.319000e+01	9.421000e+03
  660	1.321000e+01	9.446000e+03
  661	1.323000e+01	9.348000e+03
  662	1.325000e+01	9.354000e+03
  663	1.327000e+01	9.390000e+03
  664	1.329000e+01	9.324000e+03
  665	1.331000e+01	9.478000e+03
  666	1.333000e+01	9.471000e+03
  667	1.335000e+01	9.370000e+03
  668	1.337000e+01	8.954000e+03
  669	1.339000e+01	9.540000e+03
  670	1.341000e+01	9.230000e+03
  671	1.343000e+01	9.175000e+03
  672	1.345000e+01	9.078000e+03
  673	1.347000e+01	9.058000e+03
  674	1.349000e+01	8.952000e+03
  675	1.351000e+01	8.991000e+03
  676	1.353000e+01	9.096000e+03
  677	1.355000e+01	8.864000e+03
  678	1.357000e+01	9.201000e+03
  679	1.359000e+01	8.920000e+03
  680	1.361000e+01	8.970000e+03
  681	1.363000e+01	8.833000e+03
  682	1.365000e+01	8.900000e+03
  683	1.367000e+01	8.958000e+03
  684	1.369000e+01	8.800000e+03
  685	1.371000e+01	8.863000e+03
  686	1.373000e+01	8.792000e+03
  687	1.375000e+01	8.725000e+03
  688	1.377000e+01	8.803000e+03
  689	1.379000e+01	8.704000e+03
  690	1.381000e+01	8.822000e+03
  691	1.383000e+01	8.711000e+03
  692	1.385000e+01	8.686000e+03
  693	1.387000e+01	8.718000e+03
  694	1.389000e+01	8.574000e+03
  695	1.391000e+01	8.622000e+03
  696	1.393000e+01	8.533000e+03
  697	1.395000e+01	8.489000e+03
  698	1.397000e+01	8.588000e+03
  699	1.399000e+01	8.676000e+03
  700	1.401000e+01	8.414000e+03
  701	1.403000e+01	8.446000e+03
  702	1.405000e+01	8.572000e+03
  703	1.407000e+01	8.601000e+03
  704	1.409000e+01	8.622000e+03
  705	1.411000e+01	8.563000e+03
  706	1.413000e+01	8.496000e+03
  707	1.415000e+01	8.427000e+03
  708	1.417000e+01	8.356000e+03
  709	1.419000e+01	8.240000e+03
  710	1.421000e+01	8.228000e+03
  711	1.423000e+01	8.425000e+03
  712	1.425000e+01	8.402000e+03
  713	1.427000e+01	8.212000e+03
  714	1.429000e+01	8.130000e+03
  715	1.431000e+01	8.003000e+03
  716	1.433000e+01	8.253000e+03
  717	1.435000e+01	8.296000e+03
  718	1.437000e+01	8.224000e+03
  719	1.439000e+01	8.043000e+03
  720	1.441000e+01	8.200000e+03
  721	1.443000e+01	8.114000e+03
  722	1.445000e+01	8.137000e+03
  723	1.447000e+01	8.144000e+03
  724	1.449000e+01	8.211000e+03
  725	1.451000e+01	8.009000e+03
  726	1.453000e+01	7.836000e+03
  727	1.455000e+01	8.042000e+03
  728	1.457000e+01	8.057000e+03
  729	1.459000e+01	7.980000e+03
  730	1.461000e+01	8.061000e+03
  731	1.463000e+01	8.020000e+03
  732	1.465000e+01	7.865000e+03
  733	1.467000e+01	7.869000e+03
  734	1.469000e+01	7.960000e+03
  735	1.471000e+01	7.834000e+03
  736	1.473000e+01	7.807000e+03
  737	1.475000e+01	7.735000e+03
  738	1.477000e+01	7.863000e+03
  739	1.479000e+01	7.718000e+03
  740	1.481000e+01	7.658000e+03
  741	1.483000e+01	7.686000e+03
  742	1.485000e+01	7.589000e+03
  743	1.487000e+01	7.598000e+03
  744	1.489000e+01	7.651000e+03
  745	1.491000e+01	7.690000e+03
  746	1.493000e+01	7.541000e+03
  747	1.495000e+01	7.759000e+03
  748	1.497000e+01	7.621000e+03
  749	1.499000e+01	7.480000e+03
  750	1.501000e+01	7.541000e+03
  751	1.503000e+01	7.587000e+03
  752	1.505000e+01	7.601000e+03
  753	1.507000e+01	7.454000e+03
  754	1.509000e+01	7.586000e+03
  755	1.511000e+01	7.472000e+03
  756	1.513000e+01	7.505000e+03
  757	1.515000e+01	7.571000e+03
  758	1.517000e+01	7.527000e+03
  759	1.519000e+01	7.208000e+03
  760	1.521000e+01	7.259000e+03
  761	1.523000e+01	7.260000e+03
  762	1.525000e+01	7.302000e+03
  763	1.527000e+01	7.226000e+03
  764	1.529000e+01	7.319000e+03
  765	1.531000e+01	7.238000e+03
  766	1.533000e+01	7.207000e+03
  767	1.535000e+01	7.338000e+03
  768	1.537000e+01	7.356000e+03
  769	1.539000e+01	7.257000e+03
  770	1.541000e+01	7.131000e+03
  771	1.543000e+01	7.189000e+03
  772	1.545000e+01	7.065000e+03
  773	1.547000e+01	7.155000e+03
  774	1.549000e+01	7.127000e+03
  775	1.551000e+01	7.163000e+03
  776	1.553000e+01	7.007000e+03
  777	1.555000e+01	7.040000e+03
  778	1.557000e+01	7.083000e+03
  779	1.559000e+01	7.050000e+03
  780	1.561000e+01	7.014000e+03
  781	1.563000e+01	7.002000e+03
  782	1.565000e+01	6.895000e+03
  783	1.567000e+01	6.942000e+03
  784	1.569000e+01	6.919000e+03
  785	1.571000e+01	7.011000e+03
  786	1.573000e+01	6.797000e+03
  787	1.575000e+01	6.844000e+03
  788	1.577000e+01	6.897000e+03
  789	1.579000e+01	6.804000e+03
  790	1.581000e+01	6.858000e+03
  791	1.583000e+01	6.841000e+03
  792	1.585000e+01	6.797000e+03
  793	1.587000e+01	6.846000e+03
  794	1.589000e+01	6.770000e+03
  795	1.591000e+01	6.640000e+03
  796	1.593000e+01	6.805000e+03
  797	1.595000e+01	6.750000e+03
  798	1.597000e+01	6.622000e+03
  799	1.599000e+01	6.692000e+03
  800	1.601000e+01	6.648000e+03
  801	1.603000e+01	6.711000e+03
  802	1.605000e+01	6.626000e+03
  803	1.607000e+01	6.559000e+03
  804	1.609000e+01	6.562000e+03
  805	1.611000e+01	6.533000e+03
  806	1.613000e+01	6.548000e+03
  807	1.615000e+01	6.545000e+03
  808	1.617000e+01	6.495000e+03
  809	1.619000e+01	6.579000e+03
  810	1.621000e+01	6.327000e+03
  811	1.623000e+01	6.494000e+03
  812	1.625000e+01	6.466000e+03
  813	1.627000e+01	6.449000e+03
  814	1.629000e+01	6.599000e+03
  815	1.631000e+01	6.516000e+03
  816	1.633000e+01	6.410000e+03
  817	1.635000e+01	6.458000e+03
  818	1.637000e+01	6.331000e+03
  819	1.639000e+01	6.299000e+03
  820	1.641000e+01	6.382000e+03
  821	1.643000e+01	6.369000e+03
  822	1.645000e+01	6.243000e+03
  823	1.647000e+01	6.205000e+03
  824	1.649000e+01	6.271000e+03
  825	1.651000e+01	6.270000e+03
  826	1.653000e+01	6.206000e+03
  827	1.655000e+01	6.391000e+03
  828	1.657000e+01	6.027000e+03
  829	1.659000e+01	6.174000e+03
  830	1.661000e+01	6.253000e+03
  831	1.663000e+01	6.162000e+03
  832	1.665000e+01	6.019000e+03
  833	1.667000e+01	6.200000e+03
  834	1.669000e+01	6.035000e+03
  835	1.671000e+01	6.071000e+03
  836	1.673000e+01	6.019000e+03
  837	1.675000e+01	6.178000e+03
  838	1.677000e+01	6.202000e+03
  839	1.679000e+01	6.001000e+03
  840	1.681000e+01	6.085000e+03
  841	1.683000e+01	6.024000e+03
  842	1.685000e+01	5.931000e+03
  843	1.687000e+01	6.090000e+03
  844	1.689000e+01	6.144000e+03
  845	1.691000e+01	5.882000e+03
  846	1.693000e+01	6.065000e+03
  847	1.695000e+01	5.959000e+03
  848	1.697000e+01	6.012000e+03
  849	1.699000e+01	6.024000e+03
  850	1.701000e+01	6.053000e+03
  851	1.703000e+01	5.982000e+03
  852	1.705000e+01	5.858000e+03
  853	1.707000e+01	5.885000e+03
  854	1.709000e+01	5.777000e+03
  855	1.711000e+01	5.831000e+03
  856	1.713000e+01	5.767000e+03
  857	1.715000e+01	5.808000e+03
  858	1.717000e+01	5.756000e+03
  859	1.719000e+01	5.875000e+03
  860	1.721000e+01	5.794000e+03
  861	1.723000e+01	5.793000e+03
  862	1.725000e+01	5.707000e+03
  863	1.727000e+01	5.730000e+03
  864	1.729000e+01	5.852000e+03
  865	1.731000e+01	5.604000e+03
  866	1.733000e+01	5.766000e+03
  867	1.735000e+01	5.546000e+03
  868	1.737000e+01	5.639000e+03
  869	1.739000e+01	5.565000e+03
  870	1.741000e+01	5.563000e+03
  871	1.743000e+01	5.581000e+03
  872	1.745000e+01	5.546000e+03
  873	1.747000e+01	5.649000e+03
  874	1.749000e+01	5.603000e+03
  875	1.751000e+01	5.362000e+03
  876	1.753000e+01	5.576000e+03
  877	1.755000e+01	5.570000e+03
  878	1.757000e+01	5.577000e+03
  879	1.759000e+01	5.455000e+03
  880	1.761000e+01	5.516000e+03
  881	1.763000e+01	5.505000e+03
  882	1.765000e+01	5.452000e+03
  883	1.767000e+01	5.512000e+03
  884	1.769000e+01	5.209000e+03
  885	1.771000e+01	5.454000e+03
  886	1.773000e+01	5.331000e+03
  887	1.775000e+01	5.467000e+03
  888	1.777000e+01	5.301000e+03
  889	1.779000e+01	5.524000e+03
  890	1.781000e+01	5.393000e+03
  891	1.783000e+01	5.363000e+03
  892	1.785000e+01	5.395000e+03
  893	1.787000e+01	5.406000e+03
  894	1.789000e+01	5.268000e+03
  895	1.791000e+01	5.258000e+03
  896	1.793000e+01	5.388000e+03
  897	1.795000e+01	5.285000e+03
  898	1.797000e+01	5.244000e+03
  899	1.799000e+01	5.222000e+03
  900	1.801000e+01	5.358000e+03
  901	1.803000e+01	5.269000e+03
  902	1.805000e+01	5.088000e+03
  903	1.807000e+01	5.217000e+03
  904	1.809000e+01	5.194000e+03
  905	1.811000e+01	5.137000e+03
  906	1.813000e+01	5.108000e+03
  907	1.815000e+01	5.124000e+03
  908	1.817000e+01	5.083000e+03
  909	1.819000e+01	5.173000e+03
  910	1.821000e+01	5.023000e+03
  911	1.823000e+01	5.073000e+03
  912	1.825000e+01	5.000000e+03
  913	1.827000e+01	5.007000e+03
  914	1.829000e+01	5.050000e+03
  915	1.831000e+01	5.102000e+03
  916	1.833000e+01	5.060000e+03
  917	1.835000e+01	5.091000e+03
  918	1.837000e+01	4.944000e+03
  919	1.839000e+01	4.915000e+03
  920	1.841000e+01	4.956000e+03
  921	1.843000e+01	5.136000e+03
  922	1.845000e+01	5.006000e+03
  923	1.847000e+01	4.987000e+03
  924	1.849000e+01	4.910000e+03
  925	1.851000e+01	4.831000e+03
  926	1.853000e+01	4.990000e+03
  927	1.855000e+01	4.863000e+03
  928	1.857000e+01	4.854000e+03
  929	1.859000e+01	4.935000e+03
  930	1.861000e+01	5.009000e+03
  931	1.863000e+01	4.779000e+03
  932	1.865000e+01	4.908000e+03
  933	1.867000e+01	4.768000e+03
  934	1.869000e+01	4.774000e+03
  935	1.871000e+01	4.831000e+03
  936	1.873000e+01	4.810000e+03
  937	1.875000e+01	4.725000e+03
  938	1.877000e+01	4.721000e+03
  939	1.879000e+01	4.657000e+03
  940	1.881000e+01	4.684000e+03
  941	1.883000e+01	4.661000e+03
  942	1.885000e+01	4.689000e+03
  943	1.887000e+01	4.746000e+03
  944	1.889000e+01	4.678000e+03
  945	1.891000e+01	4.675000e+03
  946	1.893000e+01	4.743000e+03
  947	1.895000e+01	4.551000e+03
  948	1.897000e+01	4.556000e+03
  949	1.899000e+01	4.669000e+03
  950	1.901000e+01	4.506000e+03
  951	1.903000e+01	4.625000e+03
  952	1.905000e+01	4.529000e+03
  953	1.907000e+01	4.507000e+03
  954	1.909000e+01	4.581000e+03
  955	1.911000e+01	4.467000e+03
  956	1.913000e+01	4.660000e+03
  957	1.915000e+01	4.551000e+03
  958	1.917000e+01	4.610000e+03
  959	1.919000e+01	4.597000e+03
  960	1.921000e+01	4.553000e+03
  961	1.923000e+01	4.419000e+03
  962	1.925000e+01	4.510000e+03
  963	1.927000e+01	4.528000e+03
  964	1.929000e+01	4.542000e+03
  965	1.931000e+01	4.464000e+03
  966	1.933000e+01	4.504000e+03
  967	1.935000e+01	4.426000e+03
  968	1.937000e+01	4.345000e+03
  969	1.939000e+01	4.358000e+03
  970	1.941000e+01	4.514000e+03
  971	1.943000e+01	4.353000e+03
  972	1.945000e+01	4.246000e+03
  973	1.947000e+01	4.291000e+03
  974	1.949000e+01	4.339000e+03
  975	1.951000e+01	4.450000e+03
  976	1.953000e+01	4.309000e+03
  977	1.955000e+01	4.391000e+03
  978	1.957000e+01	4.286000e+03
  979	1.959000e+01	4.225000e+03
  980	1.961000e+01	4.252000e+03
  981	1.963000e+01	4.347000e+03
  982	1.965000e+01	4.389000e+03
  983	1.967000e+01	4.349000e+03
  984	1.969000e+01	4.257000e+03
  985	1.971000e+01	4.046000e+03
  986	1.973000e+01	4.186000e+03
  987	1.975000e+01	4.214000e+03
  988	1.977000e+01	4.187000e+03
  989	1.979000e+01	4.150000e+03
  990	1.981000e+01	4.244000e+03
  991	1.983000e+01	4.153000e+03
  992	1.985000e+01	4.095000e+03
  993	1.987000e+01	4.218000e+03
  994	1.989000e+01	4.107000e+03
  995	1.991000e+01	4.058000e+03
  996	1.993000e+01	4.138000e+03
  997	1.995000e+01	4.205000e+03
  998	1.997000e+01	4.082000e+03
  999	1.999000e+01	4.159000e+03
  1000	2.001000e+01	4.101000e+03
  1001	2.003000e+01	3.977000e+03
  1002	2.005000e+01	4.098000e+03
  1003	2.007000e+01	3.984000e+03
  1004	2.009000e+01	4.092000e+03
  1005	2.011000e+01	4.039000e+03
  1006	2.013000e+01	3.950000e+03
  1007	2.015000e+01	4.016000e+03
  1008	2.017000e+01	3.987000e+03
  1009	2.019000e+01	3.903000e+03
  1010	2.021000e+01	4.108000e+03
  1011	2.023000e+01	4.032000e+03
  1012	2.025000e+01	3.914000e+03
  1013	2.027000e+01	3.951000e+03
  1014	2.029000e+01	3.909000e+03
  1015	2.031000e+01	3.934000e+03
  1016	2.033000e+01	3.977000e+03
  1017	2.035000e+01	3.868000e+03
  1018	2.037000e+01	3.871000e+03
  1019	2.039000e+01	3.861000e+03
  1020	2.041000e+01	3.953000e+03
  1021	2.043000e+01	3.864000e+03
  1022	2.045000e+01	3.897000e+03
  1023	2.047000e+01	3.836000e+03
  1024	2.049000e+01	3.727000e+03
  1025	2.051000e+01	3.858000e+03
  1026	2.053000e+01	3.838000e+03
  1027	2.055000e+01	3.854000e+03
  1028	2.057000e+01	3.660000e+03
  1029	2.059000e+01	3.884000e+03
  1030	2.061000e+01	3.719000e+03
  1031	2.063000e+01	3.724000e+03
  1032	2.065000e+01	3.713000e+03
  1033	2.067000e+01	3.648000e+03
  1034	2.069000e+01	3.741000e+03
  1035	2.071000e+01	3.701000e+03
  1036	2.073000e+01	3.726000e+03
  1037	2.075000e+01	3.898000e+03
  1038	2.077000e+01	3.766000e+03
  1039	2.079000e+01	3.635000e+03
  1040	2.081000e+01	3.723000e+03
  1041	2.083000e+01	3.655000e+03
  1042	2.085000e+01	3.739000e+03
  1043	2.087000e+01	3.648000e+03
  1044	2.089000e+01	3.786000e+03
  1045	2.091000e+01	3.655000e+03
  1046	2.093000e+01	3.530000e+03
  1047	2.095000e+01	3.696000e+03
  1048	2.097000e+01	3.740000e+03
  1049	2.099000e+01	3.688000e+03
  1050	2.101000e+01	3.656000e+03
  1051	2.103000e+01	3.502000e+03
  1052	2.105000e+01	3.590000e+03
  1053	2.107000e+01	3.539000e+03
  1054	2.109000e+01	3.594000e+03
  1055	2.111000e+01	3.590000e+03
  1056	2.113000e+01	3.546000e+03
  1057	2.115000e+01	3.538000e+03
  1058	2.117000e+01	3.528000e+03
  1059	2.119000e+01	3.541000e+03
  1060	2.121000e+01	3.581000e+03
  1061	2.123000e+01	3.501000e+03
  1062	2.125000e+01	3.446000e+03
  1063	2.127000e+01	3.470000e+03
  1064	2.129000e+01	3.436000e+03
  1065	2.131000e+01	3.524000e+03
  1066	2.133000e+01	3.478000e+03
  1067	2.135000e+01	3.432000e+03
  1068	2.137000e+01	3.409000e+03
  1069	2.139000e+01	3.401000e+03
  1070	2.141000e+01	3.489000e+03
  1071	2.143000e+01	3.468000e+03
  1072	2.145000e+01	3.314000e+03
  1073	2.147000e+01	3.344000e+03
  1074	2.149000e+01	3.430000e+03
  1075	2.151000e+01	3.377000e+03
  1076	2.153000e+01	3.383000e+03
  1077	2.155000e+01	3.353000e+03
  1078	2.157000e+01	3.353000e+03
  1079	2.159000e+01	3.464000e+03
  1080	2.161000e+01	3.402000e+03
  1081	2.163000e+01	3.355000e+03
  1082	2.165000e+01	3.358000e+03
  1083	2.167000e+01	3.394000e+03
  1084	2.169000e+01	3.219000e+03
  1085	2.171000e+01	3.256000e+03
  1086	2.173000e+01	3.318000e+03
  1087	2.175000e+01	3.308000e+03
  1088	2.177000e+01	3.214000e+03
  1089	2.179000e+01	3.311000e+03
  1090	2.181000e+01	3.399000e+03
  1091	2.183000e+01	3.303000e+03
  1092	2.185000e+01	3.183000e+03
  1093	2.187000e+01	3.311000e+03
  1094	2.189000e+01	3.218000e+03
  1095	2.191000e+01	3.343000e+03
  1096	2.193000e+01	3.132000e+03
  1097	2.195000e+01	3.103000e+03
  1098	2.197000e+01	3.085000e+03
  1099	2.199000e+01	3.108000e+03
  1100	2.201000e+01	3.104000e+03
  1101	2.203000e+01	3.098000e+03
  1102	2.205000e+01	3.172000e+03
  1103	2.207000e+01	3.179000e+03
  1104	2.209000e+01	3.103000e+03
  1105	2.211000e+01	3.084000e+03
  1106	2.213000e+01	3.102000e+03
  1107	2.215000e+01	3.110000e+03
  1108	2.217000e+01	3.132000e+03
  1109	2.219000e+01	3.088000e+03
  1110	2.221000e+01	3.029000e+03
  1111	2.223000e+01	3.124000e+03
  1112	2.225000e+01	3.132000e+03
  1113	2.227000e+01	3.039000e+03
  1114	2.229000e+01	3.145000e+03
  1115	2.231000e+01	3.154000e+03
  1116	2.233000e+01	3.062000e+03
  1117	2.235000e+01	3.146000e+03
  1118	2.237000e+01	3.078000e+03
  1119	2.239000e+01	2.964000e+03
  1120	2.241000e+01	3.075000e+03
  1121	2.243000e+01	3.027000e+03
  1122	2.245000e+01	2.976000e+03
  1123	2.247000e+01	3.012000e+03
  1124	2.249000e+01	3.019000e+03
  1125	2.251000e+01	3.135000e+03
  1126	2.253000e+01	2.958000e+03
  1127	2.255000e+01	3.022000e+03
  1128	2.257000e+01	2.946000e+03
  1129	2.259000e+01	2.978000e+03
  1130	2.261000e+01	2.935000e+03
  1131	2.263000e+01	3.008000e+03
  1132	2.265000e+01	2.845000e+03
  1133	2.267000e+01	3.033000e+03
  1134	2.269000e+01	2.978000e+03
  1135	2.271000e+01	2.938000e+03
  1136	2.273000e+01	2.981000e+03
  1137	2.275000e+01	2.872000e+03
  1138	2.277000e+01	2.935000e+03
  1139	2.279000e+01	2.906000e+03
  1140	2.281000e+01	2.981000e+03
  1141	2.283000e+01	2.847000e+03
  1142	2.285000e+01	2.823000e+03
  1143	2.287000e+01	2.932000e+03
  1144	2.289000e+01	2.937000e+03
  1145	2.291000e+01	2.894000e+03
  1146	2.293000e+01	2.785000e+03
  1147	2.295000e+01	2.948000e+03
  1148	2.297000e+01	2.822000e+03
  1149	2.299000e+01	2.876000e+03
  1150	2.301000e+01	2.752000e+03
  1151	2.303000e+01	2.821000e+03
  1152	2.305000e+01	2.779000e+03
  1153	2.307000e+01	2.800000e+03
  1154	2.309000e+01	2.790000e+03
  1155	2.311000e+01	2.775000e+03
  1156	2.313000e+01	2.716000e+03
  1157	2.315000e+01	2.766000e+03
  1158	2.317000e+01	2.731000e+03
  1159	2.319000e+01	2.723000e+03
  1160	2.321000e+01	2.785000e+03
  1161	2.323000e+01	2.710000e+03
  1162	2.325000e+01	2.755000e+03
  1163	2.327000e+01	2.771000e+03
  1164	2.329000e+01	2.731000e+03
  1165	2.331000e+01	2.701000e+03
  1166	2.333000e+01	2.672000e+03
  1167	2.335000e+01	2.724000e+03
  1168	2.337000e+01	2.724000e+03
  1169	2.339000e+01	2.738000e+03
  1170	2.341000e+01	2.715000e+03
  1171	2.343000e+01	2.666000e+03
  1172	2.345000e+01	2.721000e+03
  1173	2.347000e+01	2.661000e+03
  1174	2.349000e+01	2.655000e+03
  1175	2.351000e+01	2.668000e+03
  1176	2.353000e+01	2.582000e+03
  1177	2.355000e+01	2.677000e+03
  1178	2.357000e+01	2.628000e+03
  1179	2.359000e+01	2.610000e+03
  1180	2.361000e+01	2.557000e+03
  1181	2.363000e+01	2.568000e+03
  1182	2.365000e+01	2.581000e+03
  1183	2.367000e+01	2.537000e+03
  1184	2.369000e+01	2.615000e+03
  1185	2.371000e+01	2.615000e+03
  1186	2.373000e+01	2.582000e+03
  1187	2.375000e+01	2.590000e+03
  1188	2.377000e+01	2.490000e+03
  1189	2.379000e+01	2.607000e+03
  1190	2.381000e+01	2.446000e+03
  1191	2.383000e+01	2.561000e+03
  1192	2.385000e+01	2.581000e+03
  1193	2.387000e+01	2.596000e+03
  1194	2.389000e+01	2.523000e+03
  1195	2.391000e+01	2.528000e+03
  1196	2.393000e+01	2.531000e+03
  1197	2.395000e+01	2.452000e+03
  1198	2.397000e+01	2.558000e+03
  1199	2.399000e+01	2.541000e+03
  1200	2.401000e+01	2.498000e+03
  1201	2.403000e+01	2.593000e+03
  1202	2.405000e+01	2.469000e+03
  1203	2.407000e+01	2.453000e+03
  1204	2.409000e+01	2.477000e+03
  1205	2.411000e+01	2.450000e+03
  1206	2.413000e+01	2.424000e+03
  1207	2.415000e+01	2.407000e+03
  1208	2.417000e+01	2.481000e+03
  1209	2.419000e+01	2.343000e+03
  1210	2.421000e+01	2.501000e+03
  1211	2.423000e+01	2.434000e+03
  1212	2.425000e+01	2.354000e+03
  1213	2.427000e+01	2.416000e+03
  1214	2.429000e+01	2.319000e+03
  1215	2.431000e+01	2.411000e+03
  1216	2.433000e+01	2.447000e+03
  1217	2.435000e+01	2.369000e+03
  1218	2.437000e+01	2.322000e+03
  1219	2.439000e+01	2.342000e+03
  1220	2.441000e+01	2.342000e+03
  1221	2.443000e+01	2.356000e+03
  1222	2.445000e+01	2.356000e+03
  1223	2.447000e+01	2.436000e+03
  1224	2.449000e+01	2.394000e+03
  1225	2.451000e+01	2.342000e+03
  1226	2.453000e+01	2.344000e+03
  1227	2.455000e+01	2.344000e+03
  1228	2.457000e+01	2.379000e+03
  1229	2.459000e+01	2.258000e+03
  1230	2.461000e+01	2.289000e+03
  1231	2.463000e+01	2.288000e+03
  1232	2.465000e+01	2.233000e+03
  1233	2.467000e+01	2.278000e+03
  1234	2.469000e+01	2.300000e+03
  1235	2.471000e+01	2.301000e+03
  1236	2.473000e+01	2.325000e+03
  1237	2.475000e+01	2.350000e+03
  1238	2.477000e+01	2.280000e+03
  1239	2.479000e+01	2.261000e+03
  1240	2.481000e+01	2.304000e+03
  1241	2.483000e+01	2.213000e+03
  1242	2.485000e+01	2.329000e+03
  1243	2.487000e+01	2.368000e+03
  1244	2.489000e+01	2.214000e+03
  1245	2.491000e+01	2.214000e+03
  1246	2.493000e+01	2.249000e+03
  1247	2.495000e+01	2.223000e+03
  1248	2.497000e+01	2.180000e+03
  1249	2.499000e+01	2.254000e+03
  1250	2.501000e+01	2.173000e+03
  1251	2.503000e+01	2.187000e+03
  1252	2.505000e+01	2.175000e+03
  1253	2.507000e+01	2.254000e+03
  1254	2.509000e+01	2.280000e+03
  1255	2.511000e+01	2.140000e+03
  1256	2.513000e+01	2.078000e+03
  1257	2.515000e+01	2.237000e+03
  1258	2.517000e+01	2.121000e+03
  1259	2.519000e+01	2.166000e+03
  1260	2.521000e+01	2.023000e+03
  1261	2.523000e+01	2.250000e+03
  1262	2.525000e+01	2.192000e+03
  1263	2.527000e+01	2.110000e+03
  1264	2.529000e+01	2.102000e+03
  1265	2.531000e+01	2.117000e+03
  1266	2.533000e+01	2.107000e+03
  1267	2.535000e+01	2.150000e+03
  1268	2.537000e+01	2.141000e+03
  1269	2.539000e+01	2.032000e+03
  1270	2.541000e+01	2.068000e+03
  1271	2.543000e+01	2.121000e+03
  1272	2.545000e+01	2.019000e+03
  1273	2.547000e+01	2.069000e+03
  1274	2.549000e+01	2.055000e+03
  1275	2.551000e+01	2.047000e+03
  1276	2.553000e+01	2.078000e+03
  1277	2.555000e+01	1.977000e+03
  1278	2.557000e+01	2.075000e+03
  1279	2.559000e+01	2.170000e+03
  1280	2.561000e+01	2.036000e+03
  1281	2.563000e+01	2.073000e+03
  1282	2.565000e+01	2.010000e+03
  1283	2.567000e+01	1.950000e+03
  1284	2.569000e+01	2.034000e+03
  1285	2.571000e+01	2.066000e+03
  1286	2.573000e+01	1.964000e+03
  1287	2.575000e+01	1.951000e+03
  1288	2.577000e+01	1.944000e+03
  1289	2.579000e+01	2.003000e+03
  1290	2.581000e+01	1.948000e+03
  1291	2.583000e+01	2.100000e+03
  1292	2.585000e+01	2.024000e+03
  1293	2.587000e+01	1.952000e+03
  1294	2.589000e+01	1.973000e+03
  1295	2.591000e+01	1.942000e+03
  1296	2.593000e+01	1.976000e+03
  1297	2.595000e+01	1.991000e+03
  1298	2.597000e+01	1.941000e+03
  1299	2.599000e+01	1.938000e+03
  1300	2.601000e+01	1.992000e+03
  1301	2.603000e+01	1.942000e+03
  1302	2.605000e+01	1.967000e+03
  1303	2.607000e+01	1.833000e+03
  1304	2.609000e+01	1.894000e+03
  1305	2.611000e+01	1.897000e+03
  1306	2.613000e+01	1.881000e+03
  1307	2.615000e+01	1.928000e+03
  1308	2.617000e+01	1.919000e+03
  1309	2.619000e+01	1.899000e+03
  1310	2.621000e+01	1.890000e+03
  1311	2.623000e+01	1.923000e+03
  1312	2.625000e+01	1.764000e+03
  1313	2.627000e+01	1.873000e+03
  1314	2.629000e+01	1.893000e+03
  1315	2.631000e+01	1.832000e+03
  1316	2.633000e+01	1.886000e+03
  1317	2.635000e+01	1.915000e+03
  1318	2.637000e+01	1.789000e+03
  1319	2.639000e+01	1.797000e+03
  1320	2.641000e+01	1.925000e+03
  1321	2.643000e+01	1.891000e+03
  1322	2.645000e+01	1.888000e+03
  1323	2.647000e+01	1.786000e+03
  1324	2.649000e+01	1.708000e+03
  1325	2.651000e+01	1.840000e+03
  1326	2.653000e+01	1.857000e+03
  1327	2.655000e+01	1.827000e+03
  1328	2.657000e+01	1.808000e+03
  1329	2.659000e+01	1.831000e+03
  1330	2.661000e+01	1.814000e+03
  1331	2.663000e+01	1.812000e+03
  1332	2.665000e+01	1.851000e+03
  1333	2.667000e+01	1.802000e+03
  1334	2.669000e+01	1.830000e+03
  1335	2.671000e+01	1.834000e+03
  1336	2.673000e+01	1.790000e+03
  1337	2.675000e+01	1.758000e+03
  1338	2.677000e+01	1.786000e+03
  1339	2.679000e+01	1.742000e+03
  1340	2.681000e+01	1.776000e+03
  1341	2.683000e+01	1.724000e+03
  1342	2.685000e+01	1.739000e+03
  1343	2.687000e+01	1.769000e+03
  1344	2.689000e+01	1.696000e+03
  1345	2.691000e+01	1.758000e+03
  1346	2.693000e+01	1.746000e+03
  1347	2.695000e+01	1.773000e+03
  1348	2.697000e+01	1.749000e+03
  1349	2.699000e+01	1.711000e+03
  1350	2.701000e+01	1.716000e+03
  1351	2.703000e+01	1.762000e+03
  1352	2.705000e+01	1.701000e+03
  1353	2.707000e+01	1.684000e+03
  1354	2.709000e+01	1.759000e+03
  1355	2.711000e+01	1.682000e+03
  1356	2.713000e+01	1.758000e+03
  1357	2.715000e+01	1.683000e+03
  1358	2.717000e+01	1.689000e+03
  1359	2.719000e+01	1.664000e+03
  1360	2.721000e+01	1.601000e+03
  1361	2.723000e+01	1.705000e+03
  1362	2.725000e+01	1.704000e+03
  1363	2.727000e+01	1.649000e+03
  1364	2.729000e+01	1.635000e+03
  1365	2.731000e+01	1.679000e+03
  1366	2.733000e+01	1.651000e+03
  1367	2.735000e+01	1.635000e+03
  1368	2.737000e+01	1.637000e+03
  1369	2.739000e+01	1.697000e+03
  1370	2.741000e+01	1.708000e+03
  1371	2.743000e+01	1.632000e+03
  1372	2.745000e+01	1.632000e+03
  1373	2.747000e+01	1.619000e+03
  1374	2.749000e+01	1.597000e+03
  1375	2.751000e+01	1.600000e+03
  1376	2.753000e+01	1.595000e+03
  1377	2.755000e+01	1.572000e+03
  1378	2.757000e+01	1.577000e+03
  1379	2.759000e+01	1.579000e+03
  1380	2.761000e+01	1.580000e+03
  1381	2.763000e+01	1.596000e+03
  1382	2.765000e+01	1.597000e+03
  1383	2.767000e+01	1.609000e+03
  1384	2.769000e+01	1.573000e+03
  1385	2.771000e+01	1.593000e+03
  1386	2.773000e+01	1.584000e+03
  1387	2.775000e+01	1.566000e+03
  1388	2.777000e+01	1.582000e+03
  1389	2.779000e+01	1.583000e+03
  1390	2.781000e+01	1.571000e+03
  1391	2.783000e+01	1.548000e+03
  1392	2.785000e+01	1.500000e+03
  1393	2.787000e+01	1.588000e+03
  1394	2.789000e+01	1.591000e+03
  1395	2.791000e+01	1.576000e+03
  1396	2.793000e+01	1.520000e+03
  1397	2.795000e+01	1.450000e+03
  1398	2.797000e+01	1.540000e+03
  1399	2.799000e+01	1.547000e+03
  1400	2.801000e+01	1.528000e+03
  1401	2.803000e+01	1.550000e+03
  1402	2.805000e+01	1.511000e+03
  1403	2.807000e+01	1.457000e+03
  1404	2.809000e+01	1.403000e+03
  1405	2.811000e+01	1.453000e+03
  1406	2.813000e+01	1.457000e+03
  1407	2.815000e+01	1.555000e+03
  1408	2.817000e+01	1.510000e+03
  1409	2.819000e+01	1.455000e+03
  1410	2.821000e+01	1.515000e+03
  1411	2.823000e+01	1.440000e+03
  1412	2.825000e+01	1.471000e+03
  1413	2.827000e+01	1.478000e+03
  1414	2.829000e+01	1.443000e+03
  1415	2.831000e+01	1.393000e+03
  1416	2.833000e+01	1.513000e+03
  1417	2.835000e+01	1.463000e+03
  1418	2.837000e+01	1.490000e+03
  1419	2.839000e+01	1.442000e+03
  1420	2.841000e+01	1.402000e+03
  1421	2.843000e+01	1.469000e+03
  1422	2.845000e+01	1.430000e+03
  1423	2.847000e+01	1.392000e+03
  1424	2.849000e+01	1.467000e+03
  1425	2.851000e+01	1.403000e+03
  1426	2.853000e+01	1.434000e+03
  1427	2.855000e+01	1.430000e+03
  1428	2.857000e+01	1.443000e+03
  1429	2.859000e+01	1.399000e+03
  1430	2.861000e+01	1.476000e+03
  1431	2.863000e+01	1.321000e+03
  1432	2.865000e+01	1.374000e+03
  1433	2.867000e+01	1.380000e+03
  1434	2.869000e+01	1.379000e+03
  1435	2.871000e+01	1.411000e+03
  1436	2.873000e+01	1.418000e+03
  1437	2.875000e+01	1.403000e+03
  1438	2.877000e+01	1.356000e+03
  1439	2.879000e+01	1.403000e+03
  1440	2.881000e+01	1.370000e+03
  1441	2.883000e+01	1.383000e+03
  1442	2.885000e+01	1.322000e+03
  1443	2.887000e+01	1.382000e+03
  1444	2.889000e+01	1.354000e+03
  1445	2.891000e+01	1.311000e+03
  1446	2.893000e+01	1.357000e+03
  1447	2.895000e+01	1.377000e+03
  1448	2.897000e+01	1.392000e+03
  1449	2.899000e+01	1.394000e+03
  1450	2.901000e+01	1.280000e+03
  1451	2.903000e+01	1.337000e+03
  1452	2.905000e+01	1.279000e+03
  1453	2.907000e+01	1.331000e+03
  1454	2.909000e+01	1.317000e+03
  1455	2.911000e+01	1.354000e+03
  1456	2.913000e+01	1.375000e+03
  1457	2.915000e+01	1.336000e+03
  1458	2.917000e+01	1.265000e+03
  1459	2.919000e+01	1.305000e+03
  1460	2.921000e+01	1.335000e+03
  1461	2.923000e+01	1.324000e+03
  1462	2.925000e+01	1.296000e+03
  1463	2.927000e+01	1.269000e+03
  1464	2.929000e+01	1.263000e+03
  1465	2.931000e+01	1.254000e+03
  1466	2.933000e+01	1.271000e+03
  1467	2.935000e+01	1.297000e+03
  1468	2.937000e+01	1.277000e+03
  1469	2.939000e+01	1.302000e+03
  1470	2.941000e+01	1.298000e+03
  1471	2.943000e+01	1.260000e+03
  1472	2.945000e+01	1.273000e+03
  1473	2.947000e+01	1.228000e+03
  1474	2.949000e+01	1.274000e+03
  1475	2.951000e+01	1.217000e+03
  1476	2.953000e+01	1.304000e+03
  1477	2.955000e+01	1.317000e+03
  1478	2.957000e+01	1.231000e+03
  1479	2.959000e+01	1.310000e+03
  1480	2.961000e+01	1.264000e+03
  1481	2.963000e+01	1.214000e+03
  1482	2.965000e+01	1.237000e+03
  1483	2.967000e+01	1.224000e+03
  1484	2.969000e+01	1.207000e+03
  1485	2.971000e+01	1.198000e+03
  1486	2.973000e+01	1.224000e+03
  1487	2.975000e+01	1.225000e+03
  1488	2.977000e+01	1.173000e+03
  1489	2.979000e+01	1.191000e+03
  1490	2.981000e+01	1.154000e+03
  1491	2.983000e+01	1.238000e+03
  1492	2.985000e+01	1.098000e+03
  1493	2.987000e+01	1.218000e+03
  1494	2.989000e+01	1.187000e+03
  1495	2.991000e+01	1.180000e+03
  1496	2.993000e+01	1.172000e+03
  1497	2.995000e+01	1.270000e+03
  1498	2.997000e+01	1.183000e+03
  1499	2.999000e+01	1.217000e+03
  1500	3.001000e+01	1.248000e+03
  1501	3.003000e+01	1.149000e+03
  1502	3.005000e+01	1.164000e+03
  1503	3.007000e+01	1.168000e+03
  1504	3.009000e+01	1.212000e+03
  1505	3.011000e+01	1.138000e+03
  1506	3.013000e+01	1.185000e+03
  1507	3.015000e+01	1.059000e+03
  1508	3.017000e+01	1.169000e+03
  1509	3.019000e+01	1.201000e+03
  1510	3.021000e+01	1.174000e+03
  1511	3.023000e+01	1.147000e+03
  1512	3.025000e+01	1.128000e+03
  1513	3.027000e+01	1.116000e+03
  1514	3.029000e+01	1.114000e+03
  1515	3.031000e+01	1.119000e+03
  1516	3.033000e+01	1.117000e+03
  1517	3.035000e+01	1.121000e+03
  1518	3.037000e+01	1.173000e+03
  1519	3.039000e+01	1.176000e+03
  1520	3.041000e+01	1.153000e+03
  1521	3.043000e+01	1.133000e+03
  1522	3.045000e+01	1.159000e+03
  1523	3.047000e+01	1.107000e+03
  1524	3.049000e+01	1.135000e+03
  1525	3.051000e+01	1.115000e+03
  1526	3.053000e+01	1.087000e+03
  1527	3.055000e+01	1.153000e+03
  1528	3.057000e+01	1.113000e+03
  1529	3.059000e+01	1.071000e+03
  1530	3.061000e+01	1.054000e+03
  1531	3.063000e+01	1.110000e+03
  1532	3.065000e+01	1.143000e+03
  1533	3.067000e+01	1.091000e+03
  1534	3.069000e+01	1.049000e+03
  1535	3.071000e+01	1.143000e+03
  1536	3.073000e+01	1.065000e+03
  1537	3.075000e+01	1.076000e+03
  1538	3.077000e+01	1.066000e+03
  1539	3.079000e+01	1.114000e+03
  1540	3.081000e+01	1.028000e+03
  1541	3.083000e+01	1.062000e+03
  1542	3.085000e+01	1.086000e+03
  1543	3.087000e+01	1.070000e+03
  1544	3.089000e+01	1.069000e+03
  1545	3.091000e+01	1.074000e+03
  1546	3.093000e+01	1.054000e+03
  1547	3.095000e+01	1.115000e+03
  1548	3.097000e+01	1.065000e+03
  1549	3.099000e+01	1.065000e+03
  1550	3.101000e+01	1.003000e+03
  1551	3.103000e+01	1.033000e+03
  1552	3.105000e+01	9.910000e+02
  1553	3.107000e+01	1.044000e+03
  1554	3.109000e+01	1.038000e+03
  1555	3.111000e+01	1.005000e+03
  1556	3.113000e+01	1.036000e+03
  1557	3.115000e+01	1.007000e+03
  1558	3.117000e+01	1.029000e+03
  1559	3.119000e+01	9.590000e+02
  1560	3.121000e+01	9.820000e+02
  1561	3.123000e+01	1.055000e+03
  1562	3.125000e+01	9.910000e+02
  1563	3.127000e+01	1.022000e+03
  1564	3.129000e+01	1.039000e+03
  1565	3.131000e+01	1.023000e+03
  1566	3.133000e+01	9.950000e+02
  1567	3.135000e+01	1.007000e+03
  1568	3.137000e+01	9.850000e+02
  1569	3.139000e+01	1.002000e+03
  1570	3.141000e+01	9.460000e+02
  1571	3.143000e+01	9.780000e+02
  1572	3.145000e+01	9.520000e+02
  1573	3.147000e+01	9.560000e+02
  1574	3.149000e+01	9.850000e+02
  1575	3.151000e+01	9.360000e+02
  1576	3.153000e+01	9.720000e+02
  1577	3.155000e+01	9.520000e+02
  1578	3.157000e+01	1.032000e+03
  1579	3.159000e+01	9.840000e+02
  1580	3.161000e+01	9.880000e+02
  1581	3.163000e+01	9.840000e+02
  1582	3.165000e+01	9.700000e+02
  1583	3.167000e+01	9.770000e+02
  1584	3.169000e+01	9.330000e+02
  1585	3.171000e+01	9.370000e+02
  1586	3.173000e+01	9.430000e+02
  1587	3.175000e+01	9.830000e+02
  1588	3.177000e+01	9.110000e+02
  1589	3.179000e+01	8.990000e+02
  1590	3.181000e+01	9.610000e+02
  1591	3.183000e+01	9.560000e+02
  1592	3.185000e+01	9.510000e+02
  1593	3.187000e+01	9.910000e+02
  1594	3.189000e+01	9.900000e+02
  1595	3.191000e+01	9.480000e+02
  1596	3.193000e+01	9.120000e+02
  1597	3.195000e+01	9.270000e+02
  1598	3.197000e+01	8.780000e+02
  1599	3.199000e+01	9.100000e+02
  1600	3.201000e+01	9.540000e+02
  1601	3.203000e+01	9.470000e+02
  1602	3.205000e+01	9.100000e+02
  1603	3.207000e+01	8.640000e+02
  1604	3.209000e+01	9.400000e+02
  1605	3.211000e+01	9.200000e+02
  1606	3.213000e+01	9.120000e+02
  1607	3.215000e+01	9.100000e+02
  1608	3.217000e+01	8.930000e+02
  1609	3.219000e+01	8.840000e+02
  1610	3.221000e+01	8.860000e+02
  1611	3.223000e+01	8.840000e+02
  1612	3.225000e+01	8.700000e+02
  1613	3.227000e+01	9.110000e+02
  1614	3.229000e+01	9.160000e+02
  1615	3.231000e+01	9.200000e+02
  1616	3.233000e+01	9.220000e+02
  1617	3.235000e+01	8.840000e+02
  1618	3.237000e+01	9.310000e+02
  1619	3.239000e+01	8.230000e+02
  1620	3.241000e+01	8.950000e+02
  1621	3.243000e+01	8.650000e+02
  1622	3.245000e+01	8.950000e+02
  1623	3.247000e+01	9.140000e+02
  1624	3.249000e+01	8.800000e+02
  1625	3.251000e+01	8.470000e+02
  1626	3.253000e+01	8.460000e+02
  1627	3.255000e+01	9.090000e+02
  1628	3.257000e+01	8.620000e+02
  1629	3.259000e+01	8.910000e+02
  1630	3.261000e+01	8.390000e+02
  1631	3.263000e+01	8.540000e+02
  1632	3.265000e+01	8.290000e+02
  1633	3.267000e+01	8.550000e+02
  1634	3.269000e+01	8.280000e+02
  1635	3.271000e+01	8.870000e+02
  1636	3.273000e+01	8.810000e+02
  1637	3.275000e+01	8.720000e+02
  1638	3.277000e+01	8.640000e+02
  1639	3.279000e+01	8.100000e+02
  1640	3.281000e+01	8.730000e+02
  1641	3.283000e+01	8.160000e+02
  1642	3.285000e+01	8.260000e+02
  1643	3.287000e+01	8.100000e+02
  1644	3.289000e+01	8.270000e+02
  1645	3.291000e+01	7.610000e+02
  1646	3.293000e+01	8.260000e+02
  1647	3.295000e+01	8.280000e+02
  1648	3.297000e+01	7.940000e+02
  1649	3.299000e+01	9.050000e+02
  1650	3.301000e+01	8.010000e+02
  1651	3.303000e+01	8.850000e+02
  1652	3.305000e+01	8.230000e+02
  1653	3.307000e+01	7.650000e+02
  1654	3.309000e+01	8.110000e+02
  1655	3.311000e+01	8.020000e+02
  1656	3.313000e+01	8.550000e+02
  1657	3.315000e+01	8.040000e+02
  1658	3.317000e+01	8.530000e+02
  1659	3.319000e+01	8.670000e+02
  1660	3.321000e+01	7.970000e+02
  1661	3.323000e+01	8.090000e+02
  1662	3.325000e+01	7.530000e+02
  1663	3.327000e+01	7.700000e+02
  1664	3.329000e+01	7.410000e+02
  1665	3.331000e+01	7.790000e+02
  1666	3.333000e+01	8.210000e+02
  1667	3.335000e+01	7.550000e+02
  1668	3.337000e+01	7.810000e+02
  1669	3.339000e+01	7.700000e+02
  1670	3.341000e+01	7.660000e+02
  1671	3.343000e+01	8.180000e+02
  1672	3.345000e+01	7.210000e+02
  1673	3.347000e+01	7.990000e+02
  1674	3.349000e+01	7.660000e+02
  1675	3.351000e+01	7.600000e+02
  1676	3.353000e+01	7.850000e+02
  1677	3.355000e+01	7.500000e+02
  1678	3.357000e+01	7.660000e+02
  1679	3.359000e+01	7.580000e+02
  1680	3.361000e+01	7.180000e+02
  1681	3.363000e+01	7.020000e+02
  1682	3.365000e+01	7.230000e+02
  1683	3.367000e+01	7.580000e+02
  1684	3.369000e+01	7.430000e+02
  1685	3.371000e+01	7.550000e+02
  1686	3.373000e+01	7.610000e+02
  1687	3.375000e+01	7.180000e+02
  1688	3.377000e+01	7.110000e+02
  1689	3.379000e+01	7.650000e+02
  1690	3.381000e+01	8.000000e+02
  1691	3.383000e+01	7.330000e+02
  1692	3.385000e+01	7.240000e+02
  1693	3.387000e+01	7.460000e+02
  1694	3.389000e+01	7.180000e+02
  1695	3.391000e+01	7.610000e+02
  1696	3.393000e+01	6.670000e+02
  1697	3.395000e+01	7.410000e+02
  1698	3.397000e+01	7.350000e+02
  1699	3.399000e+01	6.620000e+02
  1700	3.401000e+01	7.490000e+02
  1701	3.403000e+01	7.640000e+02
  1702	3.405000e+01	7.430000e+02
  1703	3.407000e+01	7.190000e+02
  1704	3.409000e+01	7.230000e+02
  1705	3.411000e+01	7.250000e+02
  1706	3.413000e+01	6.770000e+02
  1707	3.415000e+01	7.120000e+02
  1708	3.417000e+01	6.970000e+02
  1709	3.419000e+01	7.090000e+02
  1710	3.421000e+01	7.020000e+02
  1711	3.423000e+01	7.300000e+02
  1712	3.425000e+01	7.290000e+02
  1713	3.427000e+01	7.050000e+02
  1714	3.429000e+01	6.850000e+02
  1715	3.431000e+01	6.740000e+02
  1716	3.433000e+01	7.720000e+02
  1717	3.435000e+01	6.780000e+02
  1718	3.437000e+01	6.750000e+02
  1719	3.439000e+01	6.600000e+02
  1720	3.441000e+01	6.800000e+02
  1721	3.443000e+01	7.250000e+02
  1722	3.445000e+01	6.860000e+02
  1723	3.447000e+01	6.570000e+02
  1724	3.449000e+01	7.300000e+02
  1725	3.451000e+01	6.810000e+02
  1726	3.453000e+01	6.390000e+02
  1727	3.455000e+01	6.470000e+02
  1728	3.457000e+01	6.770000e+02
  1729	3.459000e+01	6.810000e+02
  1730	3.461000e+01	6.650000e+02
  1731	3.463000e+01	6.760000e+02
  1732	3.465000e+01	6.850000e+02
  1733	3.467000e+01	6.820000e+02
  1734	3.469000e+01	6.640000e+02
  1735	3.471000e+01	6.900000e+02
  1736	3.473000e+01	6.600000e+02
  1737	3.475000e+01	6.780000e+02
  1738	3.477000e+01	6.370000e+02
  1739	3.479000e+01	6.750000e+02
  1740	3.481000e+01	6.250000e+02
  1741	3.483000e+01	6.570000e+02
  1742	3.485000e+01	6.360000e+02
  1743	3.487000e+01	6.770000e+02
  1744	3.489000e+01	6.500000e+02
  1745	3.491000e+01	6.590000e+02
  1746	3.493000e+01	5.850000e+02
  1747	3.495000e+01	7.050000e+02
  1748	3.497000e+01	6.160000e+02
  1749	3.499000e+01	6.540000e+02
  1750	3.501000e+01	6.130000e+02
  1751	3.503000e+01	5.810000e+02
  1752	3.505000e+01	6.860000e+02
  1753	3.507000e+01	6.400000e+02
  1754	3.509000e+01	6.660000e+02
  1755	3.511000e+01	6.640000e+02
  1756	3.513000e+01	6.020000e+02
  1757	3.515000e+01	6.290000e+02
  1758	3.517000e+01	6.020000e+02
  1759	3.519000e+01	6.470000e+02
  1760	3.521000e+01	6.450000e+02
  1761	3.523000e+01	5.640000e+02
  1762	3.525000e+01	6.080000e+02
  1763	3.527000e+01	6.520000e+02
  1764	3.529000e+01	6.080000e+02
  1765	3.531000e+01	5.990000e+02
  1766	3.533000e+01	6.060000e+02
  1767	3.535000e+01	5.750000e+02
  1768	3.537000e+01	6.570000e+02
  1769	3.539000e+01	6.150000e+02
  1770	3.541000e+01	5.910000e+02
  1771	3.543000e+01	6.060000e+02
  1772	3.545000e+01	5.620000e+02
  1773	3.547000e+01	6.350000e+02
  1774	3.549000e+01	6.150000e+02
  1775	3.551000e+01	5.700000e+02
  1776	3.553000e+01	6.070000e+02
  1777	3.555000e+01	5.850000e+02
  1778	3.557000e+01	5.970000e+02
  1779	3.559000e+01	6.270000e+02
  1780	3.561000e+01	6.010000e+02
  1781	3.563000e+01	6.170000e+02
  1782	3.565000e+01	5.870000e+02
  1783	3.567000e+01	5.690000e+02
  1784	3.569000e+01	5.820000e+02
  1785	3.571000e+01	5.580000e+02
  1786	3.573000e+01	5.690000e+02
  1787	3.575000e+01	6.130000e+02
  1788	3.577000e+01	5.480000e+02
  1789	3.579000e+01	5.670000e+02
  1790	3.581000e+01	5.740000e+02
  1791	3.583000e+01	5.740000e+02
  1792	3.585000e+01	5.870000e+02
  1793	3.587000e+01	5.630000e+02
  1794	3.589000e+01	5.790000e+02
  1795	3.591000e+01	5.580000e+02
  1796	3.593000e+01	5.460000e+02
  1797	3.595000e+01	5.610000e+02
  1798	3.597000e+01	5.290000e+02
  1799	3.599000e+01	5.490000e+02
  1800	3.601000e+01	5.580000e+02
  1801	3.603000e+01	5.210000e+02
  1802	3.605000e+01	5.870000e+02
  1803	3.607000e+01	5.710000e+02
  1804	3.609000e+01	5.670000e+02
  1805	3.611000e+01	5.950000e+02
  1806	3.613000e+01	5.170000e+02
  1807	3.615000e+01	5.600000e+02
  1808	3.617000e+01	5.820000e+02
  1809	3.619000e+01	5.690000e+02
  1810	3.621000e+01	6.000000e+02
  1811	3.623000e+01	5.190000e+02
  1812	3.625000e+01	5.490000e+02
  1813	3.627000e+01	5.460000e+02
  1814	3.629000e+01	5.440000e+02
  1815	3.631000e+01	5.140000e+02
  1816	3.633000e+01	5.600000e+02
  1817	3.635000e+01	5.560000e+02
  1818	3.637000e+01	5.280000e+02
  1819	3.639000e+01	5.150000e+02
  1820	3.641000e+01	4.650000e+02
  1821	3.643000e+01	5.340000e+02
  1822	3.645000e+01	5.170000e+02
  1823	3.647000e+01	5.480000e+02
  1824	3.649000e+01	5.280000e+02
  1825	3.651000e+01	4.800000e+02
  1826	3.653000e+01	5.180000e+02
  1827	3.655000e+01	5.280000e+02
  1828	3.657000e+01	5.440000e+02
  1829	3.659000e+01	5.150000e+02
  1830	3.661000e+01	5.040000e+02
  1831	3.663000e+01	5.430000e+02
  1832	3.665000e+01	5.190000e+02
  1833	3.667000e+01	5.050000e+02
  1834	3.669000e+01	4.990000e+02
  1835	3.671000e+01	5.260000e+02
  1836	3.673000e+01	5.040000e+02
  1837	3.675000e+01	5.420000e+02
  1838	3.677000e+01	5.020000e+02
  1839	3.679000e+01	4.810000e+02
  1840	3.681000e+01	4.990000e+02
  1841	3.683000e+01	5.310000e+02
  1842	3.685000e+01	5.220000e+02
  1843	3.687000e+01	5.140000e+02
  1844	3.689000e+01	5.000000e+02
  1845	3.691000e+01	4.760000e+02
  1846	3.693000e+01	5.210000e+02
  1847	3.695000e+01	4.930000e+02
  1848	3.697000e+01	5.060000e+02
  1849	3.699000e+01	4.830000e+02
  1850	3.701000e+01	4.830000e+02
  1851	3.703000e+01	5.400000e+02
  1852	3.705000e+01	4.800000e+02
  1853	3.707000e+01	4.540000e+02
  1854	3.709000e+01	4.770000e+02
  1855	3.711000e+01	5.000000e+02
  1856	3.713000e+01	5.240000e+02
  1857	3.715000e+01	5.010000e+02
  1858	3.717000e+01	5.000000e+02
  1859	3.719000e+01	4.370000e+02
  1860	3.721000e+01	4.970000e+02
  1861	3.723000e+01	5.020000e+02
  1862	3.725000e+01	4.470000e+02
  1863	3.727000e+01	4.920000e+02
  1864	3.729000e+01	4.720000e+02
  1865	3.731000e+01	4.890000e+02
  1866	3.733000e+01	4.610000e+02
  1867	3.735000e+01	4.920000e+02
  1868	3.737000e+01	5.120000e+02
  1869	3.739000e+01	4.460000e+02
  1870	3.741000e+01	4.390000e+02
  1871	3.743000e+01	4.640000e+02
  1872	3.745000e+01	4.650000e+02
  1873	3.747000e+01	4.880000e+02
  1874	3.749000e+01	5.110000e+02
  1875	3.751000e+01	4.770000e+02
  1876	3.753000e+01	4.890000e+02
  1877	3.755000e+01	4.660000e+02
  1878	3.757000e+01	4.690000e+02
  1879	3.759000e+01	4.720000e+02
  1880	3.761000e+01	4.340000e+02
  1881	3.763000e+01	4.840000e+02
  1882	3.765000e+01	4.730000e+02
  1883	3.767000e+01	4.640000e+02
  1884	3.769000e+01	4.240000e+02
  1885	3.771000e+01	4.490000e+02
  1886	3.773000e+01	5.050000e+02
  1887	3.775000e+01	4.360000e+02
  1888	3.777000e+01	4.380000e+02
  1889	3.779000e+01	4.940000e+02
  1890	3.781000e+01	4.400000e+02
  1891	3.783000e+01	4.380000e+02
  1892	3.785000e+01	4.540000e+02
  1893	3.787000e+01	4.330000e+02
  1894	3.789000e+01	4.640000e+02
  1895	3.791000e+01	4.190000e+02
  1896	3.793000e+01	4.180000e+02
  1897	3.795000e+01	4.130000e+02
  1898	3.797000e+01	4.480000e+02
  1899	3.799000e+01	4.480000e+02
  1900	3.801000e+01	4.400000e+02
  1901	3.803000e+01	4.470000e+02
  1902	3.805000e+01	4.190000e+02
  1903	3.807000e+01	4.180000e+02
  1904	3.809000e+01	4.390000e+02
  1905	3.811000e+01	4.420000e+02
  1906	3.813000e+01	4.080000e+02
  1907	3.815000e+01	4.400000e+02
  1908	3.817000e+01	4.190000e+02
  1909	3.819000e+01	4.340000e+02
  1910	3.821000e+01	4.160000e+02
  1911	3.823000e+01	4.410000e+02
  1912	3.825000e+01	4.320000e+02
  1913	3.827000e+01	3.950000e+02
  1914	3.829000e+01	4.450000e+02
  1915	3.831000e+01	4.290000e+02
  1916	3.833000e+01	3.980000e+02
  1917	3.835000e+01	4.170000e+02
  1918	3.837000e+01	4.100000e+02
  1919	3.839000e+01	4.250000e+02
  1920	3.841000e+01	4.030000e+02
  1921	3.843000e+01	4.160000e+02
  1922	3.845000e+01	4.070000e+02
  1923	3.847000e+01	3.980000e+02
  1924	3.849000e+01	4.290000e+02
  1925	3.851000e+01	3.800000e+02
  1926	3.853000e+01	3.920000e+02
  1927	3.855000e+01	4.300000e+02
  1928	3.857000e+01	4.240000e+02
  1929	3.859000e+01	4.110000e+02
  1930	3.861000e+01	4.200000e+02
  1931	3.863000e+01	3.970000e+02
  1932	3.865000e+01	4.430000e+02
  1933	3.867000e+01	4.280000e+02
  1934	3.869000e+01	3.840000e+02
  1935	3.871000e+01	4.270000e+02
  1936	3.873000e+01	3.810000e+02
  1937	3.875000e+01	4.190000e+02
  1938	3.877000e+01	3.910000e+02
  1939	3.879000e+01	4.000000e+02
  1940	3.881000e+01	3.860000e+02
  1941	3.883000e+01	4.110000e+02
  1942	3.885000e+01	3.950000e+02
  1943	3.887000e+01	3.750000e+02
  1944	3.889000e+01	4.240000e+02
  1945	3.891000e+01	4.250000e+02
  1946	3.893000e+01	4.090000e+02
  1947	3.895000e+01	4.150000e+02
  1948	3.897000e+01	3.830000e+02
  1949	3.899000e+01	3.860000e+02
  1950	3.901000e+01	3.970000e+02
  1951	3.903000e+01	3.950000e+02
  1952	3.905000e+01	4.030000e+02
  1953	3.907000e+01	3.780000e+02
  1954	3.909000e+01	3.650000e+02
  1955	3.911000e+01	4.010000e+02
  1956	3.913000e+01	3.620000e+02
  1957	3.915000e+01	3.570000e+02
  1958	3.917000e+01	4.020000e+02
  1959	3.919000e+01	3.950000e+02
  1960	3.921000e+01	3.630000e+02
  1961	3.923000e+01	4.210000e+02
  1962	3.925000e+01	4.020000e+02
  1963	3.927000e+01	3.860000e+02
  1964	3.929000e+01	3.880000e+02
  1965	3.931000e+01	3.760000e+02
  1966	3.933000e+01	3.790000e+02
  1967	3.935000e+01	3.740000e+02
  1968	3.937000e+01	3.450000e+02
  1969	3.939000e+01	3.710000e+02
  1970	3.941000e+01	3.620000e+02
  1971	3.943000e+01	3.600000e+02
  1972	3.945000e+01	3.600000e+02
  1973	3.947000e+01	3.940000e+02
  1974	3.949000e+01	3.540000e+02
  1975	3.951000e+01	3.610000e+02
  1976	3.953000e+01	3.510000e+02
  1977	3.955000e+01	3.700000e+02
  1978	3.957000e+01	3.180000e+02
  1979	3.959000e+01	3.680000e+02
  1980	3.961000e+01	3.710000e+02
  1981	3.963000e+01	3.410000e+02
  1982	3.965000e+01	3.710000e+02
  1983	3.967000e+01	3.370000e+02
  1984	3.969000e+01	3.590000e+02
  1985	3.971000e+01	3.360000e+02
  1986	3.973000e+01	3.570000e+02
  1987	3.975000e+01	3.530000e+02
  1988	3.977000e+01	3.340000e+02
  1989	3.979000e+01	3.330000e+02
  1990	3.981000e+01	3.230000e+02
  1991	3.983000e+01	3.680000e+02
  1992	3.985000e+01	3.310000e+02
  1993	3.987000e+01	3.660000e+02
  1994	3.989000e+01	3.580000e+02
  1995	3.991000e+01	3.740000e+02
  1996	3.993000e+01	3.780000e+02
  1997	3.995000e+01	3.630000e+02
  1998	3.997000e+01	3.570000e+02
  1999	3.999000e+01	3.250000e+02
  2000	4.001000e+01	3.230000e+02
  2001	4.003000e+01	3.140000e+02
  2002	4.005000e+01	3.600000e+02
  2003	4.007000e+01	3.320000e+02
  2004	4.009000e+01	3.490000e+02
  2005	4.011000e+01	3.560000e+02
  2006	4.013000e+01	3.370000e+02
  2007	4.015000e+01	3.360000e+02
  2008	4.017000e+01	3.330000e+02
  2009	4.019000e+01	3.260000e+02
  2010	4.021000e+01	3.190000e+02
  2011	4.023000e+01	3.070000e+02
  2012	4.025000e+01	3.470000e+02
  2013	4.027000e+01	3.230000e+02
  2014	4.029000e+01	3.310000e+02
  2015	4.031000e+01	3.170000e+02
  2016	4.033000e+01	3.350000e+02
  2017	4.035000e+01	3.340000e+02
  2018	4.037000e+01	3.260000e+02
  2019	4.039000e+01	3.140000e+02
  2020	4.041000e+01	3.320000e+02
  2021	4.043000e+01	3.190000e+02
  2022	4.045000e+01	3.160000e+02
  2023	4.047000e+01	3.350000e+02
  2024	4.049000e+01	3.640000e+02
  2025	4.051000e+01	3.240000e+02
  2026	4.053000e+01	3.140000e+02
  2027	4.055000e+01	3.780000e+02
  2028	4.057000e+01	3.020000e+02
  2029	4.059000e+01	3.180000e+02
  2030	4.061000e+01	2.960000e+02
  2031	4.063000e+01	3.310000e+02
  2032	4.065000e+01	2.920000e+02
  2033	4.067000e+01	2.950000e+02
  2034	4.069000e+01	3.140000e+02
  2035	4.071000e+01	3.340000e+02
  2036	4.073000e+01	3.060000e+02
  2037	4.075000e+01	3.510000e+02
  2038	4.077000e+01	2.980000e+02
  2039	4.079000e+01	2.900000e+02
  2040	4.081000e+01	2.940000e+02
  2041	4.083000e+01	3.450000e+02
  2042	4.085000e+01	3.220000e+02
  2043	4.087000e+01	3.220000e+02
  2044	4.089000e+01	3.130000e+02
  2045	4.091000e+01	2.900000e+02
  2046	4.093000e+01	3.190000e+02
  2047	4.095000e+01	3.070000e+02
  2048	4.097000e+01	3.120000e+02
  2049	4.099000e+01	3.010000e+02
  2050	4.101000e+01	3.180000e+02
  2051	4.103000e+01	3.260000e+02
  2052	4.105000e+01	2.880000e+02
  2053	4.107000e+01	2.920000e+02
  2054	4.109000e+01	3.130000e+02
  2055	4.111000e+01	3.050000e+02
  2056	4.113000e+01	2.760000e+02
  2057	4.115000e+01	3.160000e+02
  2058	4.117000e+01	3.060000e+02
  2059	4.119000e+01	3.050000e+02
  2060	4.121000e+01	3.020000e+02
  2061	4.123000e+01	3.100000e+02
  2062	4.125000e+01	2.930000e+02
  2063	4.127000e+01	3.000000e+02
  2064	4.129000e+01	2.680000e+02
  2065	4.131000e+01	3.030000e+02
  2066	4.133000e+01	2.940000e+02
  2067	4.135000e+01	2.960000e+02
  2068	4.137000e+01	3.000000e+02
  2069	4.139000e+01	2.700000e+02
  2070	4.141000e+01	2.770000e+02
  2071	4.143000e+01	2.930000e+02
  2072	4.145000e+01	2.800000e+02
  2073	4.147000e+01	2.560000e+02
  2074	4.149000e+01	3.040000e+02
  2075	4.151000e+01	2.670000e+02
  2076	4.153000e+01	3.100000e+02
  2077	4.155000e+01	2.830000e+02
  2078	4.157000e+01	2.820000e+02
  2079	4.159000e+01	2.890000e+02
  2080	4.161000e+01	2.870000e+02
  2081	4.163000e+01	2.730000e+02
  2082	4.165000e+01	3.130000e+02
  2083	4.167000e+01	2.520000e+02
  2084	4.169000e+01	2.870000e+02
  2085	4.171000e+01	2.790000e+02
  2086	4.173000e+01	2.530000e+02
  2087	4.175000e+01	2.970000e+02
  2088	4.177000e+01	2.630000e+02
  2089	4.179000e+01	2.850000e+02
  2090	4.181000e+01	2.860000e+02
  2091	4.183000e+01	2.750000e+02
  2092	4.185000e+01	2.610000e+02
  2093	4.187000e+01	2.640000e+02
  2094	4.189000e+01	2.670000e+02
  2095	4.191000e+01	2.820000e+02
  2096	4.193000e+01	2.570000e+02
  2097	4.195000e+01	2.800000e+02
  2098	4.197000e+01	2.740000e+02
  2099	4.199000e+01	2.520000e+02
  2100	4.201000e+01	2.650000e+02
  2101	4.203000e+01	2.880000e+02
  2102	4.205000e+01	3.050000e+02
  2103	4.207000e+01	2.580000e+02
  2104	4.209000e+01	2.550000e+02
  2105	4.211000e+01	2.800000e+02
  2106	4.213000e+01	2.750000e+02
  2107	4.215000e+01	2.830000e+02
  2108	4.217000e+01	2.780000e+02
  2109	4.219000e+01	2.530000e+02
  2110	4.221000e+01	2.660000e+02
  2111	4.223000e+01	2.420000e+02
  2112	4.225000e+01	2.690000e+02
  2113	4.227000e+01	2.600000e+02
  2114	4.229000e+01	2.320000e+02
  2115	4.231000e+01	2.340000e+02
  2116	4.233000e+01	2.620000e+02
  2117	4.235000e+01	2.450000e+02
  2118	4.237000e+01	2.600000e+02
  2119	4.239000e+01	2.450000e+02
  2120	4.241000e+01	2.690000e+02
  2121	4.243000e+01	2.430000e+02
  2122	4.245000e+01	2.500000e+02
  2123	4.247000e+01	2.720000e+02
  2124	4.249000e+01	2.480000e+02
  2125	4.251000e+01	2.600000e+02
  2126	4.253000e+01	2.570000e+02
  2127	4.255000e+01	2.550000e+02
  2128	4.257000e+01	2.540000e+02
  2129	4.259000e+01	2.660000e+02
  2130	4.261000e+01	2.390000e+02
  2131	4.263000e+01	2.320000e+02
  2132	4.265000e+01	2.460000e+02
  2133	4.267000e+01	2.530000e+02
  2134	4.269000e+01	2.260000e+02
  2135	4.271000e+01	2.260000e+02
  2136	4.273000e+01	2.620000e+02
  2137	4.275000e+01	2.750000e+02
  2138	4.277000e+01	2.570000e+02
  2139	4.279000e+01	2.410000e+02
  2140	4.281000e+01	2.390000e+02
  2141	4.283000e+01	2.570000e+02
  2142	4.285000e+01	2.390000e+02
  2143	4.287000e+01	2.440000e+02
  2144	4.289000e+01	2.410000e+02
  2145	4.291000e+01	2.420000e+02
  2146	4.293000e+01	2.220000e+02
  2147	4.295000e+01	2.320000e+02
  2148	4.297000e+01	2.370000e+02
  2149	4.299000e+01	2.860000e+02
  2150	4.301000e+01	2.300000e+02
  2151	4.303000e+01	2.350000e+02
  2152	4.305000e+01	2.530000e+02
  2153	4.307000e+01	2.340000e+02
  2154	4.309000e+01	2.220000e+02
  2155	4.311000e+01	2.270000e+02
  2156	4.313000e+01	2.400000e+02
  2157	4.315000e+01	2.540000e+02
  2158	4.317000e+01	2.280000e+02
  2159	4.319000e+01	2.580000e+02
  2160	4.321000e+01	2.210000e+02
  2161	4.323000e+01	2.500000e+02
  2162	4.325000e+01	2.390000e+02
  2163	4.327000e+01	2.270000e+02
  2164	4.329000e+01	2.340000e+02
  2165	4.331000e+01	2.190000e+02
  2166	4.333000e+01	2.280000e+02
  2167	4.335000e+01	2.030000e+02
  2168	4.337000e+01	2.160000e+02
  2169	4.339000e+01	1.940000e+02
  2170	4.341000e+01	2.140000e+02
  2171	4.343000e+01	2.370000e+02
  2172	4.345000e+01	2.090000e+02
  2173	4.347000e+01	2.490000e+02
  2174	4.349000e+01	1.980000e+02
  2175	4.351000e+01	2.340000e+02
  2176	4.353000e+01	2.010000e+02
  2177	4.355000e+01	2.470000e+02
  2178	4.357000e+01	2.200000e+02
  2179	4.359000e+01	1.940000e+02
  2180	4.361000e+01	1.960000e+02
  2181	4.363000e+01	2.150000e+02
  2182	4.365000e+01	2.000000e+02
  2183	4.367000e+01	2.310000e+02
  2184	4.369000e+01	2.390000e+02
  2185	4.371000e+01	2.030000e+02
  2186	4.373000e+01	2.240000e+02
  2187	4.375000e+01	2.070000e+02
  2188	4.377000e+01	2.390000e+02
  2189	4.379000e+01	2.190000e+02
  2190	4.381000e+01	2.250000e+02
  2191	4.383000e+01	2.140000e+02
  2192	4.385000e+01	2.060000e+02
  2193	4.387000e+01	1.960000e+02
  2194	4.389000e+01	2.200000e+02
  2195	4.391000e+01	2.390000e+02
  2196	4.393000e+01	2.200000e+02
  2197	4.395000e+01	2.060000e+02
  2198	4.397000e+01	1.810000e+02
  2199	4.399000e+01	2.200000e+02
  2200	4.401000e+01	2.120000e+02
  2201	4.403000e+01	2.000000e+02
  2202	4.405000e+01	2.130000e+02
  2203	4.407000e+01	2.270000e+02
  2204	4.409000e+01	2.270000e+02
  2205	4.411000e+01	2.340000e+02
  2206	4.413000e+01	1.980000e+02
  2207	4.415000e+01	2.330000e+02
  2208	4.417000e+01	2.210000e+02
  2209	4.419000e+01	2.040000e+02
  2210	4.421000e+01	2.150000e+02
  2211	4.423000e+01	1.910000e+02
  2212	4.425000e+01	2.060000e+02
  2213	4.427000e+01	1.970000e+02
  2214	4.429000e+01	2.070000e+02
  2215	4.431000e+01	2.130000e+02
  2216	4.433000e+01	1.920000e+02
  2217	4.435000e+01	1.850000e+02
  2218	4.437000e+01	1.890000e+02
  2219	4.439000e+01	2.130000e+02
  2220	4.441000e+01	2.190000e+02
  2221	4.443000e+01	1.990000e+02
  2222	4.445000e+01	2.180000e+02
  2223	4.447000e+01	1.780000e+02
  2224	4.449000e+01	1.710000e+02
  2225	4.451000e+01	1.950000e+02
  2226	4.453000e+01	2.050000e+02
  2227	4.455000e+01	2.000000e+02
  2228	4.457000e+01	1.990000e+02
  2229	4.459000e+01	2.090000e+02
  2230	4.461000e+01	1.990000e+02
  2231	4.463000e+01	1.740000e+02
  2232	4.465000e+01	1.870000e+02
  2233	4.467000e+01	1.840000e+02
  2234	4.469000e+01	1.860000e+02
  2235	4.471000e+01	1.810000e+02
  2236	4.473000e+01	1.900000e+02
  2237	4.475000e+01	2.030000e+02
  2238	4.477000e+01	1.930000e+02
  2239	4.479000e+01	1.950000e+02
  2240	4.481000e+01	1.950000e+02
  2241	4.483000e+01	1.940000e+02
  2242	4.485000e+01	1.790000e+02
  2243	4.487000e+01	1.870000e+02
  2244	4.489000e+01	1.990000e+02
  2245	4.491000e+01	1.720000e+02
  2246	4.493000e+01	2.190000e+02
  2247	4.495000e+01	1.650000e+02
  2248	4.497000e+01	1.900000e+02
  2249	4.499000e+01	1.800000e+02
  2250	4.501000e+01	1.610000e+02
  2251	4.503000e+01	1.540000e+02
  2252	4.505000e+01	1.820000e+02
  2253	4.507000e+01	1.870000e+02
  2254	4.509000e+01	1.970000e+02
  2255	4.511000e+01	1.890000e+02
  2256	4.513000e+01	1.790000e+02
  2257	4.515000e+01	1.850000e+02
  2258	4.517000e+01	1.680000e+02
  2259	4.519000e+01	1.540000e+02
  2260	4.521000e+01	1.830000e+02
  2261	4.523000e+01	1.920000e+02
  2262	4.525000e+01	1.960000e+02
  2263	4.527000e+01	1.880000e+02
  2264	4.529000e+01	1.800000e+02
  2265	4.531000e+01	1.560000e+02
  2266	4.533000e+01	1.790000e+02
  2267	4.535000e+01	1.900000e+02
  2268	4.537000e+01	1.680000e+02
  2269	4.539000e+01	1.610000e+02
  2270	4.541000e+01	1.650000e+02
  2271	4.543000e+01	1.650000e+02
  2272	4.545000e+01	1.600000e+02
  2273	4.547000e+01	1.960000e+02
  2274	4.549000e+01	1.850000e+02
  2275	4.551000e+01	1.760000e+02
  2276	4.553000e+01	1.760000e+02
  2277	4.555000e+01	1.650000e+02
  2278	4.557000e+01	1.780000e+02
  2279	4.559000e+01	1.610000e+02
  2280	4.561000e+01	1.710000e+02
  2281	4.563000e+01	1.540000e+02
  2282	4.565000e+01	1.830000e+02
  2283	4.567000e+01	1.890000e+02
  2284	4.569000e+01	1.780000e+02
  2285	4.571000e+01	1.530000e+02
  2286	4.573000e+01	1.750000e+02
  2287	4.575000e+01	1.340000e+02
  2288	4.577000e+01	1.650000e+02
  2289	4.579000e+01	1.580000e+02
  2290	4.581000e+01	1.580000e+02
  2291	4.583000e+01	1.740000e+02
  2292	4.585000e+01	1.630000e+02
  2293	4.587000e+01	1.710000e+02
  2294	4.589000e+01	1.430000e+02
  2295	4.591000e+01	1.790000e+02
  2296	4.593000e+01	1.430000e+02
  2297	4.595000e+01	1.680000e+02
  2298	4.597000e+01	1.610000e+02
  2299	4.599000e+01	1.680000e+02
  2300	4.601000e+01	1.590000e+02
  2301	4.603000e+01	1.630000e+02
  2302	4.605000e+01	1.330000e+02
  2303	4.607000e+01	1.480000e+02
  2304	4.609000e+01	1.530000e+02
  2305	4.611000e+01	1.520000e+02
  2306	4.613000e+01	1.710000e+02
  2307	4.615000e+01	1.720000e+02
  2308	4.617000e+01	1.480000e+02
  2309	4.619000e+01	1.440000e+02
  2310	4.621000e+01	1.460000e+02
  2311	4.623000e+01	1.490000e+02
  2312	4.625000e+01	1.450000e+02
  2313	4.627000e+01	1.520000e+02
  2314	4.629000e+01	1.620000e+02
  2315	4.631000e+01	1.570000e+02
  2316	4.633000e+01	1.520000e+02
  2317	4.635000e+01	1.540000e+02
  2318	4.637000e+01	1.440000e+02
  2319	4.639000e+01	1.340000e+02
  2320	4.641000e+01	1.480000e+02
  2321	4.643000e+01	1.530000e+02
  2322	4.645000e+01	1.560000e+02
  2323	4.647000e+01	1.440000e+02
  2324	4.649000e+01	1.710000e+02
  2325	4.651000e+01	1.370000e+02
  2326	4.653000e+01	1.390000e+02
  2327	4.655000e+01	1.590000e+02
  2328	4.657000e+01	1.460000e+02
  2329	4.659000e+01	1.490000e+02
  2330	4.661000e+01	1.470000e+02
  2331	4.663000e+01	1.820000e+02
  2332	4.665000e+01	1.600000e+02
  2333	4.667000e+01	1.530000e+02
  2334	4.669000e+01	1.600000e+02
  2335	4.671000e+01	1.390000e+02
  2336	4.673000e+01	1.640000e+02
  2337	4.675000e+01	1.500000e+02
  2338	4.677000e+01	1.560000e+02
  2339	4.679000e+01	1.370000e+02
  2340	4.681000e+01	1.390000e+02
  2341	4.683000e+01	1.400000e+02
  2342	4.685000e+01	1.520000e+02
  2343	4.687000e+01	1.450000e+02
  2344	4.689000e+01	1.400000e+02
  2345	4.691000e+01	1.370000e+02
  2346	4.693000e+01	1.620000e+02
  2347	4.695000e+01	1.590000e+02
  2348	4.697000e+01	1.350000e+02
  2349	4.699000e+01	1.360000e+02
  2350	4.701000e+01	1.370000e+02
  2351	4.703000e+01	1.580000e+02
  2352	4.705000e+01	1.390000e+02
  2353	4.707000e+01	1.380000e+02
  2354	4.709000e+01	1.470000e+02
  2355	4.711000e+01	1.760000e+02
  2356	4.713000e+01	1.370000e+02
  2357	4.715000e+01	1.570000e+02
  2358	4.717000e+01	1.400000e+02
  2359	4.719000e+01	1.310000e+02
  2360	4.721000e+01	1.160000e+02
  2361	4.723000e+01	1.310000e+02
  2362	4.725000e+01	1.420000e+02
  2363	4.727000e+01	1.380000e+02
  2364	4.729000e+01	1.450000e+02
  2365	4.731000e+01	1.190000e+02
  2366	4.733000e+01	1.530000e+02
  2367	4.735000e+01	1.550000e+02
  2368	4.737000e+01	1.420000e+02
  2369	4.739000e+01	1.510000e+02
  2370	4.741000e+01	1.330000e+02
  2371	4.743000e+01	1.600000e+02
  2372	4.745000e+01	1.320000e+02
  2373	4.747000e+01	1.340000e+02
  2374	4.749000e+01	1.280000e+02
  2375	4.751000e+01	1.310000e+02
  2376	4.753000e+01	1.450000e+02
  2377	4.755000e+01	1.390000e+02
  2378	4.757000e+01	1.560000e+02
  2379	4.759000e+01	1.150000e+02
  2380	4.761000e+01	1.180000e+02
  2381	4.763000e+01	1.280000e+02
  2382	4.765000e+01	1.210000e+02
  2383	4.767000e+01	1.300000e+02
  2384	4.769000e+01	1.290000e+02
  2385	4.771000e+01	1.510000e+02
  2386	4.773000e+01	1.150000e+02
  2387	4.775000e+01	1.320000e+02
  2388	4.777000e+01	1.380000e+02
  2389	4.779000e+01	1.220000e+02
  2390	4.781000e+01	1.380000e+02
  2391	4.783000e+01	1.480000e+02
  2392	4.785000e+01	1.360000e+02
  2393	4.787000e+01	1.260000e+02
  2394	4.789000e+01	1.250000e+02
  2395	4.791000e+01	1.320000e+02
  2396	4.793000e+01	1.140000e+02
  2397	4.795000e+01	1.250000e+02
  2398	4.797000e+01	1.300000e+02
  2399	4.799000e+01	1.070000e+02
  2400	4.801000e+01	1.230000e+02
  2401	4.803000e+01	1.360000e+02
  2402	4.805000e+01	1.240000e+02
  2403	4.807000e+01	1.190000e+02
  2404	4.809000e+01	1.340000e+02
  2405	4.811000e+01	1.170000e+02
  2406	4.813000e+01	1.460000e+02
  2407	4.815000e+01	1.320000e+02
  2408	4.817000e+01	1.070000e+02
  2409	4.819000e+01	1.140000e+02
  2410	4.821000e+01	1.250000e+02
  2411	4.823000e+01	1.210000e+02
  2412	4.825000e+01	1.050000e+02
  2413	4.827000e+01	1.080000e+02
  2414	4.829000e+01	1.400000e+02
  2415	4.831000e+01	1.210000e+02
  2416	4.833000e+01	1.200000e+02
  2417	4.835000e+01	1.180000e+02
  2418	4.837000e+01	1.150000e+02
  2419	4.839000e+01	1.050000e+02
  2420	4.841000e+01	1.200000e+02
  2421	4.843000e+01	1.240000e+02
  2422	4.845000e+01	1.080000e+02
  2423	4.847000e+01	1.310000e+02
  2424	4.849000e+01	1.230000e+02
  2425	4.851000e+01	1.220000e+02
  2426	4.853000e+01	1.170000e+02
  2427	4.855000e+01	1.250000e+02
  2428	4.857000e+01	9.800000e+01
  2429	4.859000e+01	1.050000e+02
  2430	4.861000e+01	1.370000e+02
  2431	4.863000e+01	1.060000e+02
  2432	4.865000e+01	1.150000e+02
  2433	4.867000e+01	9.700000e+01
  2434	4.869000e+01	1.290000e+02
  2435	4.871000e+01	1.140000e+02
  2436	4.873000e+01	1.100000e+02
  2437	4.875000e+01	9.500000e+01
  2438	4.877000e+01	1.230000e+02
  2439	4.879000e+01	9.700000e+01
  2440	4.881000e+01	1.250000e+02
  2441	4.883000e+01	1.070000e+02
  2442	4.885000e+01	1.090000e+02
  2443	4.887000e+01	1.150000e+02
  2444	4.889000e+01	1.130000e+02
  2445	4.891000e+01	1.320000e+02
  2446	4.893000e+01	1.240000e+02
  2447	4.895000e+01	9.400000e+01
  2448	4.897000e+01	1.050000e+02
  2449	4.899000e+01	1.060000e+02
  2450	4.901000e+01	1.250000e+02
  2451	4.903000e+01	1.100000e+02
  2452	4.905000e+01	1.090000e+02
  2453	4.907000e+01	1.140000e+02
  2454	4.909000e+01	9.900000e+01
  2455	4.911000e+01	1.150000e+02
  2456	4.913000e+01	1.180000e+02
  2457	4.915000e+01	1.290000e+02
  2458	4.917000e+01	1.010000e+02
  2459	4.919000e+01	1.140000e+02
  2460	4.921000e+01	1.180000e+02
  2461	4.923000e+01	1.220000e+02
  2462	4.925000e+01	1.100000e+02
  2463	4.927000e+01	1.190000e+02
  2464	4.929000e+01	1.100000e+02
  2465	4.931000e+01	1.150000e+02
  2466	4.933000e+01	1.170000e+02
  2467	4.935000e+01	1.150000e+02
  2468	4.937000e+01	1.040000e+02
  2469	4.939000e+01	1.000000e+02
  2470	4.941000e+01	9.700000e+01
  2471	4.943000e+01	9.900000e+01
  2472	4.945000e+01	1.000000e+02
  2473	4.947000e+01	1.050000e+02
  2474	4.949000e+01	1.060000e+02
  2475	4.951000e+01	1.050000e+02
  2476	4.953000e+01	1.140000e+02
  2477	4.955000e+01	1.080000e+02
  2478	4.957000e+01	1.090000e+02
  2479	4.959000e+01	1.140000e+02
  2480	4.961000e+01	1.110000e+02
  2481	4.963000e+01	1.090000e+02
  2482	4.965000e+01	1.080000e+02
  2483	4.967000e+01	1.060000e+02
  2484	4.969000e+01	9.700000e+01
  2485	4.971000e+01	9.800000e+01
  2486	4.973000e+01	1.190000e+02
  2487	4.975000e+01	1.060000e+02
  2488	4.977000e+01	1.210000e+02
  2489	4.979000e+01	1.230000e+02
  2490	4.981000e+01	1.060000e+02
  2491	4.983000e+01	9.100000e+01
  2492	4.985000e+01	9.800000e+01
  2493	4.987000e+01	1.000000e+02
  2494	4.989000e+01	8.800000e+01
  2495	4.991000e+01	9.800000e+01
  2496	4.993000e+01	9.100000e+01
  2497	4.995000e+01	1.290000e+02
  2498	4.997000e+01	1.060000e+02
  2499	4.999000e+01	8.200000e+01
  2500	5.001000e+01	9.100000e+01
  2501	5.003000e+01	9.300000e+01
  2502	5.005000e+01	8.300000e+01
  2503	5.007000e+01	9.900000e+01
  2504	5.009000e+01	9.600000e+01
  2505	5.011000e+01	1.020000e+02
  2506	5.013000e+01	1.070000e+02
  2507	5.015000e+01	9.600000e+01
  2508	5.017000e+01	1.010000e+02
  2509	5.019000e+01	9.900000e+01
  2510	5.021000e+01	8.800000e+01
  2511	5.023000e+01	9.900000e+01
  2512	5.025000e+01	8.100000e+01
  2513	5.027000e+01	9.100000e+01
  2514	5.029000e+01	8.600000e+01
  2515	5.031000e+01	7.600000e+01
  2516	5.033000e+01	6.600000e+01
  2517	5.035000e+01	8.300000e+01
  2518	5.037000e+01	7.000000e+01
  2519	5.039000e+01	8.400000e+01
  2520	5.041000e+01	8.800000e+01
  2521	5.043000e+01	7.800000e+01
  2522	5.045000e+01	9.400000e+01
  2523	5.047000e+01	9.200000e+01
  2524	5.049000e+01	1.110000e+02
  2525	5.051000e+01	9.400000e+01
  2526	5.053000e+01	1.110000e+02
  2527	5.055000e+01	8.400000e+01
  2528	5.057000e+01	1.030000e+02
  2529	5.059000e+01	8.700000e+01
  2530	5.061000e+01	8.900000e+01
  2531	5.063000e+01	9.700000e+01
  2532	5.065000e+01	1.050000e+02
  2533	5.067000e+01	9.500000e+01
  2534	5.069000e+01	1.050000e+02
  2535	5.071000e+01	8.700000e+01
  2536	5.073000e+01	9.900000e+01
  2537	5.075000e+01	9.100000e+01
  2538	5.077000e+01	8.400000e+01
  2539	5.079000e+01	8.900000e+01
  2540	5.081000e+01	1.000000e+02
  2541	5.083000e+01	8.500000e+01
  2542	5.085000e+01	9.100000e+01
  2543	5.087000e+01	9.100000e+01
  2544	5.089000e+01	9.700000e+01
  2545	5.091000e+01	7.900000e+01
  2546	5.093000e+01	9.200000e+01
  2547	5.095000e+01	1.010000e+02
  2548	5.097000e+01	9.600000e+01
  2549	5.099000e+01	1.090000e+02
  2550	5.101000e+01	9.000000e+01
  2551	5.103000e+01	8.500000e+01
  2552	5.105000e+01	7.400000e+01
  2553	5.107000e+01	9.000000e+01
  2554	5.109000e+01	8.900000e+01
  2555	5.111000e+01	6.900000e+01
  2556	5.113000e+01	1.000000e+02
  2557	5.115000e+01	6.700000e+01
  2558	5.117000e+01	1.050000e+02
  2559	5.119000e+01	9.800000e+01
  2560	5.121000e+01	9.200000e+01
  2561	5.123000e+01	8.600000e+01
  2562	5.125000e+01	8.500000e+01
  2563	5.127000e+01	7.700000e+01
  2564	5.129000e+01	8.100000e+01
  2565	5.131000e+01	8.300000e+01
  2566	5.133000e+01	8.400000e+01
  2567	5.135000e+01	8.300000e+01
  2568	5.137000e+01	7.900000e+01
  2569	5.139000e+01	9.200000e+01
  2570	5.141000e+01	7.700000e+01
  2571	5.143000e+01	8.400000e+01
  2572	5.145000e+01	1.000000e+02
  2573	5.147000e+01	6.500000e+01
  2574	5.149000e+01	8.100000e+01
  2575	5.151000e+01	6.500000e+01
  2576	5.153000e+01	6.700000e+01
  2577	5.155000e+01	8.500000e+01
  2578	5.157000e+01	7.500000e+01
  2579	5.159000e+01	8.500000e+01
  2580	5.161000e+01	7.300000e+01
  2581	5.163000e+01	8.300000e+01
  2582	5.165000e+01	7.100000e+01
  2583	5.167000e+01	8.000000e+01
  2584	5.169000e+01	6.700000e+01
  2585	5.171000e+01	8.100000e+01
  2586	5.173000e+01	8.700000e+01
  2587	5.175000e+01	7.700000e+01
  2588	5.177000e+01	7.600000e+01
  2589	5.179000e+01	7.800000e+01
  2590	5.181000e+01	6.700000e+01
  2591	5.183000e+01	9.500000e+01
  2592	5.185000e+01	8.600000e+01
  2593	5.187000e+01	8.600000e+01
  2594	5.189000e+01	7.600000e+01
  2595	5.191000e+01	8.000000e+01
  2596	5.193000e+01	6.800000e+01
  2597	5.195000e+01	9.600000e+01
  2598	5.197000e+01	8.800000e+01
  2599	5.199000e+01	8.200000e+01
  2600	5.201000e+01	6.600000e+01
  2601	5.203000e+01	7.700000e+01
  2602	5.205000e+01	7.200000e+01
  2603	5.207000e+01	9.000000e+01
  2604	5.209000e+01	9.100000e+01
  2605	5.211000e+01	9.000000e+01
  2606	5.213000e+01	8.900000e+01
  2607	5.215000e+01	8.100000e+01
  2608	5.217000e+01	7.800000e+01
  2609	5.219000e+01	7.800000e+01
  2610	5.221000e+01	6.700000e+01
  2611	5.223000e+01	7.100000e+01
  2612	5.225000e+01	7.900000e+01
  2613	5.227000e+01	8.200000e+01
  2614	5.229000e+01	5.500000e+01
  2615	5.231000e+01	7.000000e+01
  2616	5.233000e+01	6.500000e+01
  2617	5.235000e+01	6.800000e+01
  2618	5.237000e+01	9.600000e+01
  2619	5.239000e+01	6.800000e+01
  2620	5.241000e+01	6.600000e+01
  2621	5.243000e+01	8.100000e+01
  2622	5.245000e+01	7.000000e+01
  2623	5.247000e+01	6.800000e+01
  2624	5.249000e+01	6.400000e+01
  2625	5.251000e+01	7.400000e+01
  2626	5.253000e+01	7.300000e+01
  2627	5.255000e+01	7.400000e+01
  2628	5.257000e+01	6.900000e+01
  2629	5.259000e+01	6.600000e+01
  2630	5.261000e+01	6.400000e+01
  2631	5.263000e+01	8.600000e+01
  2632	5.265000e+01	5.400000e+01
  2633	5.267000e+01	6.900000e+01
  2634	5.269000e+01	8.600000e+01
  2635	5.271000e+01	8.200000e+01
  2636	5.273000e+01	7.700000e+01
  2637	5.275000e+01	7.400000e+01
  2638	5.277000e+01	5.500000e+01
  2639	5.279000e+01	6.700000e+01
  2640	5.281000e+01	8.000000e+01
  2641	5.283000e+01	6.900000e+01
  2642	5.285000e+01	7.300000e+01
  2643	5.287000e+01	7.800000e+01
  2644	5.289000e+01	5.700000e+01
  2645	5.291000e+01	7.300000e+01
  2646	5.293000e+01	6.000000e+01
  2647	5.295000e+01	6.500000e+01
  2648	5.297000e+01	7.500000e+01
  2649	5.299000e+01	7.000000e+01
  2650	5.301000e+01	6.900000e+01
  2651	5.303000e+01	6.900000e+01
  2652	5.305000e+01	6.000000e+01
  2653	5.307000e+01	7.300000e+01
  2654	5.309000e+01	6.100000e+01
  2655	5.311000e+01	6.400000e+01
  2656	5.313000e+01	6.600000e+01
  2657	5.315000e+01	7.100000e+01
  2658	5.317000e+01	6.500000e+01
  2659	5.319000e+01	7.100000e+01
  2660	5.321000e+01	6.400000e+01
  2661	5.323000e+01	5.600000e+01
  2662	5.325000e+01	7.000000e+01
  2663	5.327000e+01	5.800000e+01
  2664	5.329000e+01	6.800000e+01
  2665	5.331000e+01	6.400000e+01
  2666	5.333000e+01	6.900000e+01
  2667	5.335000e+01	5.900000e+01
  2668	5.337000e+01	5.800000e+01
  2669	5.339000e+01	6.000000e+01
  2670	5.341000e+01	5.600000e+01
  2671	5.343000e+01	5.700000e+01
  2672	5.345000e+01	7.300000e+01
  2673	5.347000e+01	6.500000e+01
  2674	5.349000e+01	6.800000e+01
  2675	5.351000e+01	7.700000e+01
  2676	5.353000e+01	5.900000e+01
  2677	5.355000e+01	7.300000e+01
  2678	5.357000e+01	6.000000e+01
  2679	5.359000e+01	7.000000e+01
  2680	5.361000e+01	4.700000e+01
  2681	5.363000e+01	5.200000e+01
  2682	5.365000e+01	8.400000e+01
  2683	5.367000e+01	6.800000e+01
  2684	5.369000e+01	6.200000e+01
  2685	5.371000e+01	6.700000e+01
  2686	5.373000e+01	6.500000e+01
  2687	5.375000e+01	6.500000e+01
  2688	5.377000e+01	5.200000e+01
  2689	5.379000e+01	6.200000e+01
  2690	5.381000e+01	5.900000e+01
  2691	5.383000e+01	5.300000e+01
  2692	5.385000e+01	7.200000e+01
  2693	5.387000e+01	6.200000e+01
  2694	5.389000e+01	6.800000e+01
  2695	5.391000e+01	6.900000e+01
  2696	5.393000e+01	5.600000e+01
  2697	5.395000e+01	7.200000e+01
  2698	5.397000e+01	7.800000e+01
  2699	5.399000e+01	5.200000e+01
  2700	5.401000e+01	6.500000e+01
  2701	5.403000e+01	5.800000e+01
  2702	5.405000e+01	6.100000e+01
  2703	5.407000e+01	6.900000e+01
  2704	5.409000e+01	7.300000e+01
  2705	5.411000e+01	5.600000e+01
  2706	5.413000e+01	6.000000e+01
  2707	5.415000e+01	6.800000e+01
  2708	5.417000e+01	6.300000e+01
  2709	5.419000e+01	6.800000e+01
  2710	5.421000e+01	5.600000e+01
  2711	5.423000e+01	6.700000e+01
  2712	5.425000e+01	5.400000e+01
  2713	5.427000e+01	6.500000e+01
  2714	5.429000e+01	7.500000e+01
  2715	5.431000e+01	4.700000e+01
  2716	5.433000e+01	6.200000e+01
  2717	5.435000e+01	4.700000e+01
  2718	5.437000e+01	5.200000e+01
  2719	5.439000e+01	4.300000e+01
  2720	5.441000e+01	6.700000e+01
  2721	5.443000e+01	5.100000e+01
  2722	5.445000e+01	4.300000e+01
  2723	5.447000e+01	5.000000e+01
  2724	5.449000e+01	5.700000e+01
  2725	5.451000e+01	5.400000e+01
  2726	5.453000e+01	7.300000e+01
  2727	5.455000e+01	5.100000e+01
  2728	5.457000e+01	5.300000e+01
  2729	5.459000e+01	5.600000e+01
  2730	5.461000e+01	4.500000e+01
  2731	5.463000e+01	6.000000e+01
  2732	5.465000e+01	6.900000e+01
  2733	5.467000e+01	6.300000e+01
  2734	5.469000e+01	6.500000e+01
  2735	5.471000e+01	5.900000e+01
  2736	5.473000e+01	4.400000e+01
  2737	5.475000e+01	6.100000e+01
  2738	5.477000e+01	6.000000e+01
  2739	5.479000e+01	6.100000e+01
  2740	5.481000e+01	4.900000e+01
  2741	5.483000e+01	4.000000e+01
  2742	5.485000e+01	4.600000e+01
  2743	5.487000e+01	5.700000e+01
  2744	5.489000e+01	4.700000e+01
  2745	5.491000e+01	5.000000e+01
  2746	5.493000e+01	5.800000e+01
  2747	5.495000e+01	6.100000e+01
  2748	5.497000e+01	6.100000e+01
  2749	5.499000e+01	4.900000e+01
  2750	5.501000e+01	6.100000e+01
  2751	5.503000e+01	5.100000e+01
  2752	5.505000e+01	4.600000e+01
  2753	5.507000e+01	3.700000e+01
  2754	5.509000e+01	4.200000e+01
  2755	5.511000e+01	5.000000e+01
  2756	5.513000e+01	5.700000e+01
  2757	5.515000e+01	5.700000e+01
  2758	5.517000e+01	5.200000e+01
  2759	5.519000e+01	4.900000e+01
  2760	5.521000e+01	5.300000e+01
  2761	5.523000e+01	5.400000e+01
  2762	5.525000e+01	5.300000e+01
  2763	5.527000e+01	4.800000e+01
  2764	5.529000e+01	5.800000e+01
  2765	5.531000e+01	5.900000e+01
  2766	5.533000e+01	4.900000e+01
  2767	5.535000e+01	5.000000e+01
  2768	5.537000e+01	5.500000e+01
  2769	5.539000e+01	4.400000e+01
  2770	5.541000e+01	4.900000e+01
  2771	5.543000e+01	4.500000e+01
  2772	5.545000e+01	5.800000e+01
  2773	5.547000e+01	4.800000e+01
  2774	5.549000e+01	4.600000e+01
  2775	5.551000e+01	4.800000e+01
  2776	5.553000e+01	5.500000e+01
  2777	5.555000e+01	5.000000e+01
  2778	5.557000e+01	5.800000e+01
  2779	5.559000e+01	4.700000e+01
  2780	5.561000e+01	6.600000e+01
  2781	5.563000e+01	4.000000e+01
  2782	5.565000e+01	4.100000e+01
  2783	5.567000e+01	4.700000e+01
  2784	5.569000e+01	5.100000e+01
  2785	5.571000e+01	5.200000e+01
  2786	5.573000e+01	4.300000e+01
  2787	5.575000e+01	4.800000e+01
  2788	5.577000e+01	5.900000e+01
  2789	5.579000e+01	5.100000e+01
  2790	5.581000e+01	4.800000e+01
  2791	5.583000e+01	5.300000e+01
  2792	5.585000e+01	4.500000e+01
  2793	5.587000e+01	3.500000e+01
  2794	5.589000e+01	5.700000e+01
  2795	5.591000e+01	4.800000e+01
  2796	5.593000e+01	5.400000e+01
  2797	5.595000e+01	4.200000e+01
  2798	5.597000e+01	6.200000e+01
  2799	5.599000e+01	4.500000e+01
  2800	5.601000e+01	7.300000e+01
  2801	5.603000e+01	4.000000e+01
  2802	5.605000e+01	5.000000e+01
  2803	5.607000e+01	5.400000e+01
  2804	5.609000e+01	4.600000e+01
  2805	5.611000e+01	5.600000e+01
  2806	5.613000e+01	4.800000e+01
  2807	5.615000e+01	4.300000e+01
  2808	5.617000e+01	5.700000e+01
  2809	5.619000e+01	4.400000e+01
  2810	5.621000e+01	4.300000e+01
  2811	5.623000e+01	4.100000e+01
  2812	5.625000e+01	5.800000e+01
  2813	5.627000e+01	4.600000e+01
  2814	5.629000e+01	4.300000e+01
  2815	5.631000e+01	4.500000e+01
  2816	5.633000e+01	4.200000e+01
  2817	5.635000e+01	4.200000e+01
  2818	5.637000e+01	4.900000e+01
  2819	5.639000e+01	3.500000e+01
  2820	5.641000e+01	4.900000e+01
  2821	5.643000e+01	4.700000e+01
  2822	5.645000e+01	4.300000e+01
  2823	5.647000e+01	4.900000e+01
  2824	5.649000e+01	4.100000e+01
  2825	5.651000e+01	3.800000e+01
  2826	5.653000e+01	4.200000e+01
  2827	5.655000e+01	3.700000e+01
  2828	5.657000e+01	4.200000e+01
  2829	5.659000e+01	4.400000e+01
  2830	5.661000e+01	4.600000e+01
  2831	5.663000e+01	4.300000e+01
  2832	5.665000e+01	5.500000e+01
  2833	5.667000e+01	4.400000e+01
  2834	5.669000e+01	3.400000e+01
  2835	5.671000e+01	3.900000e+01
  2836	5.673000e+01	4.200000e+01
  2837	5.675000e+01	4.400000e+01
  2838	5.677000e+01	4.100000e+01
  2839	5.679000e+01	4.000000e+01
  2840	5.681000e+01	4.100000e+01
  2841	5.683000e+01	4.300000e+01
  2842	5.685000e+01	5.700000e+01
  2843	5.687000e+01	5.100000e+01
  2844	5.689000e+01	3.600000e+01
  2845	5.691000e+01	3.600000e+01
  2846	5.693000e+01	4.100000e+01
  2847	5.695000e+01	4.300000e+01
  2848	5.697000e+01	2.500000e+01
  2849	5.699000e+01	3.500000e+01
  2850	5.701000e+01	4.000000e+01
  2851	5.703000e+01	3.700000e+01
  2852	5.705000e+01	4.200000e+01
  2853	5.707000e+01	4.200000e+01
  2854	5.709000e+01	4.600000e+01
  2855	5.711000e+01	4.800000e+01
  2856	5.713000e+01	3.400000e+01
  2857	5.715000e+01	3.400000e+01
  2858	5.717000e+01	3.000000e+01
  2859	5.719000e+01	4.600000e+01
  2860	5.721000e+01	3.900000e+01
  2861	5.723000e+01	3.300000e+01
  2862	5.725000e+01	3.500000e+01
  2863	5.727000e+01	4.700000e+01
  2864	5.729000e+01	5.200000e+01
  2865	5.731000e+01	3.900000e+01
  2866	5.733000e+01	3.600000e+01
  2867	5.735000e+01	5.000000e+01
  2868	5.737000e+01	4.400000e+01
  2869	5.739000e+01	3.600000e+01
  2870	5.741000e+01	2.900000e+01
  2871	5.743000e+01	2.400000e+01
  2872	5.745000e+01	4.600000e+01
  2873	5.747000e+01	3.800000e+01
  2874	5.749000e+01	3.900000e+01
  2875	5.751000e+01	3.700000e+01
  2876	5.753000e+01	3.800000e+01
  2877	5.755000e+01	3.800000e+01
  2878	5.757000e+01	3.100000e+01
  2879	5.759000e+01	2.500000e+01
  2880	5.761000e+01	4.200000e+01
  2881	5.763000e+01	4.000000e+01
  2882	5.765000e+01	4.000000e+01
  2883	5.767000e+01	4.100000e+01
  2884	5.769000e+01	2.800000e+01
  2885	5.771000e+01	4.700000e+01
  2886	5.773000e+01	3.600000e+01
  2887	5.775000e+01	3.900000e+01
  2888	5.777000e+01	5.100000e+01
  2889	5.779000e+01	3.700000e+01
  2890	5.781000e+01	3.900000e+01
  2891	5.783000e+01	4.700000e+01
  2892	5.785000e+01	3.500000e+01
  2893	5.787000e+01	2.200000e+01
  2894	5.789000e+01	4.100000e+01
  2895	5.791000e+01	4.400000e+01
  2896	5.793000e+01	3.400000e+01
  2897	5.795000e+01	4.100000e+01
  2898	5.797000e+01	3.200000e+01
  2899	5.799000e+01	3.700000e+01
  2900	5.801000e+01	2.600000e+01
  2901	5.803000e+01	4.300000e+01
  2902	5.805000e+01	4.400000e+01
  2903	5.807000e+01	4.200000e+01
  2904	5.809000e+01	4.300000e+01
  2905	5.811000e+01	3.600000e+01
  2906	5.813000e+01	3.100000e+01
  2907	5.815000e+01	2.700000e+01
  2908	5.817000e+01	3.700000e+01
  2909	5.819000e+01	3.600000e+01
  2910	5.821000e+01	3.900000e+01
  2911	5.823000e+01	3.400000e+01
  2912	5.825000e+01	4.300000e+01
  2913	5.827000e+01	3.600000e+01
  2914	5.829000e+01	3.200000e+01
  2915	5.831000e+01	4.200000e+01
  2916	5.833000e+01	3.300000e+01
  2917	5.835000e+01	4.400000e+01
  2918	5.837000e+01	2.300000e+01
  2919	5.839000e+01	3.500000e+01
  2920	5.841000e+01	3.700000e+01
  2921	5.843000e+01	2.900000e+01
  2922	5.845000e+01	3.900000e+01
  2923	5.847000e+01	4.000000e+01
  2924	5.849000e+01	3.700000e+01
  2925	5.851000e+01	2.600000e+01
  2926	5.853000e+01	2.700000e+01
  2927	5.855000e+01	3.700000e+01
  2928	5.857000e+01	3.900000e+01
  2929	5.859000e+01	3.300000e+01
  2930	5.861000e+01	2.800000e+01
  2931	5.863000e+01	4.000000e+01
  2932	5.865000e+01	3.300000e+01
  2933	5.867000e+01	4.300000e+01
  2934	5.869000e+01	4.300000e+01
  2935	5.871000e+01	3.400000e+01
  2936	5.873000e+01	3.300000e+01
  2937	5.875000e+01	3.800000e+01
  2938	5.877000e+01	3.900000e+01
  2939	5.879000e+01	3.400000e+01
  2940	5.881000e+01	3.000000e+01
  2941	5.883000e+01	3.100000e+01
  2942	5.885000e+01	3.300000e+01
  2943	5.887000e+01	3.100000e+01
  2944	5.889000e+01	2.800000e+01
  2945	5.891000e+01	3.900000e+01
  2946	5.893000e+01	2.600000e+01
  2947	5.895000e+01	2.900000e+01
  2948	5.897000e+01	3.500000e+01
  2949	5.899000e+01	3.200000e+01
  2950	5.901000e+01	3.800000e+01
  2951	5.903000e+01	3.300000e+01
  2952	5.905000e+01	3.600000e+01
  2953	5.907000e+01	2.500000e+01
  2954	5.909000e+01	2.700000e+01
  2955	5.911000e+01	2.400000e+01
  2956	5.913000e+01	3.000000e+01
  2957	5.915000e+01	3.700000e+01
  2958	5.917000e+01	2.800000e+01
  2959	5.919000e+01	4.000000e+01
  2960	5.921000e+01	2.600000e+01
  2961	5.923000e+01	1.900000e+01
  2962	5.925000e+01	3.500000e+01
  2963	5.927000e+01	3.000000e+01
  2964	5.929000e+01	2.900000e+01
  2965	5.931000e+01	3.000000e+01
  2966	5.933000e+01	2.800000e+01
  2967	5.935000e+01	3.400000e+01
  2968	5.937000e+01	2.800000e+01
  2969	5.939000e+01	4.000000e+01
  2970	5.941000e+01	2.900000e+01
  2971	5.943000e+01	2.800000e+01
  2972	5.945000e+01	2.900000e+01
  2973	5.947000e+01	3.000000e+01
  2974	5.949000e+01	3.100000e+01
  2975	5.951000e+01	3.100000e+01
  2976	5.953000e+01	3.700000e+01
  2977	5.955000e+01	2.800000e+01
  2978	5.957000e+01	2.600000e+01
  2979	5.959000e+01	4.700000e+01
  2980	5.961000e+01	2.900000e+01
  2981	5.963000e+01	3.200000e+01
  2982	5.965000e+01	1.800000e+01
  2983	5.967000e+01	2.300000e+01
  2984	5.969000e+01	2.500000e+01
  2985	5.971000e+01	3.300000e+01
  2986	5.973000e+01	2.600000e+01
  2987	5.975000e+01	3.500000e+01
  2988	5.977000e+01	2.600000e+01
  2989	5.979000e+01	2.000000e+01
  2990	5.981000e+01	2.500000e+01
  2991	5.983000e+01	2.200000e+01
  2992	5.985000e+01	2.800000e+01
  2993	5.987000e+01	2.400000e+01
  2994	5.989000e+01	2.800000e+01
  2995	5.991000e+01	2.300000e+01
  2996	5.993000e+01	3.000000e+01
  2997	5.995000e+01	2.300000e+01
  2998	5.997000e+01	2.600000e+01
  2999	5.999000e+01	2.800000e+01
  3000	6.001000e+01	2.800000e+01
  3001	6.003000e+01	2.500000e+01
  3002	6.005000e+01	2.400000e+01
  3003	6.007000e+01	3.300000e+01
  3004	6.009000e+01	2.700000e+01
  3005	6.011000e+01	2.800000e+01
  3006	6.013000e+01	3.400000e+01
  3007	6.015000e+01	2.700000e+01
  3008	6.017000e+01	2.100000e+01
  3009	6.019000e+01	2.400000e+01
  3010	6.021000e+01	2.700000e+01
  3011	6.023000e+01	2.600000e+01
  3012	6.025000e+01	2.200000e+01
  3013	6.027000e+01	2.900000e+01
  3014	6.029000e+01	2.800000e+01
  3015	6.031000e+01	3.900000e+01
  3016	6.033000e+01	3.300000e+01
  3017	6.035000e+01	3.100000e+01
  3018	6.037000e+01	2.000000e+01
  3019	6.039000e+01	2.300000e+01
  3020	6.041000e+01	3.000000e+01
  3021	6.043000e+01	3.300000e+01
  3022	6.045000e+01	2.500000e+01
  3023	6.047000e+01	2.800000e+01
  3024	6.049000e+01	3.100000e+01
  3025	6.051000e+01	2.200000e+01
  3026	6.053000e+01	3.000000e+01
  3027	6.055000e+01	2.800000e+01
  3028	6.057000e+01	3.600000e+01
  3029	6.059000e+01	2.900000e+01
  3030	6.061000e+01	1.600000e+01
  3031	6.063000e+01	1.600000e+01
  3032	6.065000e+01	2.800000e+01
  3033	6.067000e+01	2.400000e+01
  3034	6.069000e+01	2.600000e+01
  3035	6.071000e+01	2.600000e+01
  3036	6.073000e+01	2.200000e+01
  3037	6.075000e+01	2.400000e+01
  3038	6.077000e+01	2.600000e+01
  3039	6.079000e+01	2.200000e+01
  3040	6.081000e+01	2.700000e+01
  3041	6.083000e+01	2.500000e+01
  3042	6.085000e+01	2.600000e+01
  3043	6.087000e+01	2.100000e+01
  3044	6.089000e+01	2.100000e+01
  3045	6.091000e+01	2.500000e+01
  3046	6.093000e+01	1.900000e+01
  3047	6.095000e+01	2.400000e+01
  3048	6.097000e+01	2.700000e+01
  3049	6.099000e+01	2.800000e+01
  3050	6.101000e+01	2.200000e+01
  3051	6.103000e+01	2.900000e+01
  3052	6.105000e+01	2.600000e+01
  3053	6.107000e+01	2.100000e+01
  3054	6.109000e+01	2.300000e+01
  3055	6.111000e+01	1.800000e+01
  3056	6.113000e+01	2.500000e+01
  3057	6.115000e+01	2.100000e+01
  3058	6.117000e+01	2.000000e+01
  3059	6.119000e+01	2.700000e+01
  3060	6.121000e+01	2.400000e+01
  3061	6.123000e+01	2.800000e+01
  3062	6.125000e+01	3.700000e+01
  3063	6.127000e+01	3.200000e+01
  3064	6.129000e+01	1.600000e+01
  3065	6.131000e+01	2.900000e+01
  3066	6.133000e+01	2.200000e+01
  3067	6.135000e+01	1.900000e+01
  3068	6.137000e+01	3.400000e+01
  3069	6.139000e+01	2.300000e+01
  3070	6.141000e+01	2.700000e+01
  3071	6.143000e+01	1.800000e+01
  3072	6.145000e+01	2.300000e+01
  3073	6.147000e+01	2.500000e+01
  3074	6.149000e+01	2.400000e+01
  3075	6.151000e+01	2.300000e+01
  3076	6.153000e+01	2.300000e+01
  3077	6.155000e+01	3.000000e+01
  3078	6.157000e+01	2.900000e+01
  3079	6.159000e+01	2.800000e+01
  3080	6.161000e+01	2.000000e+01
  3081	6.163000e+01	2.200000e+01
  3082	6.165000e+01	2.200000e+01
  3083	6.167000e+01	2.700000e+01
  3084	6.169000e+01	2.700000e+01
  3085	6.171000e+01	2.500000e+01
  3086	6.173000e+01	2.500000e+01
  3087	6.175000e+01	2.500000e+01
  3088	6.177000e+01	2.400000e+01
  3089	6.179000e+01	2.600000e+01
  3090	6.181000e+01	2.600000e+01
  3091	6.183000e+01	2.000000e+01
  3092	6.185000e+01	1.400000e+01
  3093	6.187000e+01	1.800000e+01
  3094	6.189000e+01	1.900000e+01
  3095	6.191000e+01	3.100000e+01
  3096	6.193000e+01	2.200000e+01
  3097	6.195000e+01	2.100000e+01
  3098	6.197000e+01	3.000000e+01
  3099	6.199000e+01	1.400000e+01
  3100	6.201000e+01	2.600000e+01
  3101	6.203000e+01	2.300000e+01
  3102	6.205000e+01	2.100000e+01
  3103	6.207000e+01	2.000000e+01
  3104	6.209000e+01	1.800000e+01
  3105	6.211000e+01	1.700000e+01
  3106	6.213000e+01	2.200000e+01
  3107	6.215000e+01	2.400000e+01
  3108	6.217000e+01	2.200000e+01
  3109	6.219000e+01	2.700000e+01
  3110	6.221000e+01	2.300000e+01
  3111	6.223000e+01	1.700000e+01
  3112	6.225000e+01	2.200000e+01
  3113	6.227000e+01	2.200000e+01
  3114	6.229000e+01	2.500000e+01
  3115	6.231000e+01	2.200000e+01
  3116	6.233000e+01	1.900000e+01
  3117	6.235000e+01	2.000000e+01
  3118	6.237000e+01	2.100000e+01
  3119	6.239000e+01	2.400000e+01
  3120	6.241000e+01	1.900000e+01
  3121	6.243000e+01	2.000000e+01
  3122	6.245000e+01	2.200000e+01
  3123	6.247000e+01	1.500000e+01
  3124	6.249000e+01	1.700000e+01
  3125	6.251000e+01	1.500000e+01
  3126	6.253000e+01	2.500000e+01
  3127	6.255000e+01	9.000000e+00
  3128	6.257000e+01	1.500000e+01
  3129	6.259000e+01	2.100000e+01
  3130	6.261000e+01	2.600000e+01
  3131	6.263000e+01	2.300000e+01
  3132	6.265000e+01	1.900000e+01
  3133	6.267000e+01	1.400000e+01
  3134	6.269000e+01	1.300000e+01
  3135	6.271000e+01	2.500000e+01
  3136	6.273000e+01	1.700000e+01
  3137	6.275000e+01	1.900000e+01
  3138	6.277000e+01	2.100000e+01
  3139	6.279000e+01	2.500000e+01
  3140	6.281000e+01	1.900000e+01
  3141	6.283000e+01	1.700000e+01
  3142	6.285000e+01	1.500000e+01
  3143	6.287000e+01	1.700000e+01
  3144	6.289000e+01	1.700000e+01
  3145	6.291000e+01	1.900000e+01
  3146	6.293000e+01	1.900000e+01
  3147	6.295000e+01	2.200000e+01
  3148	6.297000e+01	2.100000e+01
  3149	6.299000e+01	1.600000e+01
  3150	6.301000e+01	1.600000e+01
  3151	6.303000e+01	2.000000e+01
  3152	6.305000e+01	1.700000e+01
  3153	6.307000e+01	1.500000e+01
  3154	6.309000e+01	1.100000e+01
  3155	6.311000e+01	1.600000e+01
  3156	6.313000e+01	1.500000e+01
  3157	6.315000e+01	2.500000e+01
  3158	6.317000e+01	1.900000e+01
  3159	6.319000e+01	1.900000e+01
  3160	6.321000e+01	1.900000e+01
  3161	6.323000e+01	2.600000e+01
  3162	6.325000e+01	1.500000e+01
  3163	6.327000e+01	2.100000e+01
  3164	6.329000e+01	2.100000e+01
  3165	6.331000e+01	2.200000e+01
  3166	6.333000e+01	1.000000e+01
  3167	6.335000e+01	2.500000e+01
  3168	6.337000e+01	1.600000e+01
  3169	6.339000e+01	1.500000e+01
  3170	6.341000e+01	1.700000e+01
  3171	6.343000e+01	1.700000e+01
  3172	6.345000e+01	1.900000e+01
  3173	6.347000e+01	2.500000e+01
  3174	6.349000e+01	1.600000e+01
  3175	6.351000e+01	2.200000e+01
  3176	6.353000e+01	1.300000e+01
  3177	6.355000e+01	1.700000e+01
  3178	6.357000e+01	1.600000e+01
  3179	6.359000e+01	1.600000e+01
  3180	6.361000e+01	1.500000e+01
  3181	6.363000e+01	1.600000e+01
  3182	6.365000e+01	1.600000e+01
  3183	6.367000e+01	1.500000e+01
  3184	6.369000e+01	2.700000e+01
  3185	6.371000e+01	1.700000e+01
  3186	6.373000e+01	2.200000e+01
  3187	6.375000e+01	1.700000e+01
  3188	6.377000e+01	1.300000e+01
  3189	6.379000e+01	1.500000e+01
  3190	6.381000e+01	1.700000e+01
  3191	6.383000e+01	2.500000e+01
  3192	6.385000e+01	2.000000e+01
  3193	6.387000e+01	2.700000e+01
  3194	6.389000e+01	1.800000e+01
  3195	6.391000e+01	2.000000e+01
  3196	6.393000e+01	1.900000e+01
  3197	6.395000e+01	1.600000e+01
  3198	6.397000e+01	2.500000e+01
  3199	6.399000e+01	1.400000e+01
  3200	6.401000e+01	1.900000e+01
  3201	6.403000e+01	1.400000e+01
  3202	6.405000e+01	1.700000e+01
  3203	6.407000e+01	1.500000e+01
  3204	6.409000e+01	1.100000e+01
  3205	6.411000e+01	1.200000e+01
  3206	6.413000e+01	1.300000e+01
  3207	6.415000e+01	9.000000e+00
  3208	6.417000e+01	1.500000e+01
  3209	6.419000e+01	1.500000e+01
  3210	6.421000e+01	1.900000e+01
  3211	6.423000e+01	2.200000e+01
  3212	6.425000e+01	2.200000e+01
  3213	6.427000e+01	1.500000e+01
  3214	6.429000e+01	1.700000e+01
  3215	6.431000e+01	1.400000e+01
  3216	6.433000e+01	1.400000e+01
  3217	6.435000e+01	2.100000e+01
  3218	6.437000e+01	1.700000e+01
  3219	6.439000e+01	1.100000e+01
  3220	6.441000e+01	2.000000e+01
  3221	6.443000e+01	2.100000e+01
  3222	6.445000e+01	1.900000e+01
  3223	6.447000e+01	1.400000e+01
  3224	6.449000e+01	2.400000e+01
  3225	6.451000e+01	2.200000e+01
  3226	6.453000e+01	1.600000e+01
  3227	6.455000e+01	1.200000e+01
  3228	6.457000e+01	1.000000e+01
  3229	6.459000e+01	1.200000e+01
  3230	6.461000e+01	1.500000e+01
  3231	6.463000e+01	1.300000e+01
  3232	6.465000e+01	1.300000e+01
  3233	6.467000e+01	2.000000e+01
  3234	6.469000e+01	1.500000e+01
  3235	6.471000e+01	1.800000e+01
  3236	6.473000e+01	1.900000e+01
  3237	6.475000e+01	1.800000e+01
  3238	6.477000e+01	1.200000e+01
  3239	6.479000e+01	1.500000e+01
  3240	6.481000e+01	1.500000e+01
  3241	6.483000e+01	1.000000e+01
  3242	6.485000e+01	1.700000e+01
  3243	6.487000e+01	1.400000e+01
  3244	6.489000e+01	1.300000e+01
  3245	6.491000e+01	1.700000e+01
  3246	6.493000e+01	1.300000e+01
  3247	6.495000e+01	2.200000e+01
  3248	6.497000e+01	1.000000e+01
  3249	6.499000e+01	1.200000e+01
  3250	6.501000e+01	1.300000e+01
  3251	6.503000e+01	1.000000e+01
  3252	6.505000e+01	8.000000e+00
  3253	6.507000e+01	1.300000e+01
  3254	6.509000e+01	2.000000e+01
  3255	6.511000e+01	4.000000e+00
  3256	6.513000e+01	1.400000e+01
  3257	6.515000e+01	1.800000e+01
  3258	6.517000e+01	1.800000e+01
  3259	6.519000e+01	1.200000e+01
  3260	6.521000e+01	1.100000e+01
  3261	6.523000e+01	1.200000e+01
  3262	6.525000e+01	9.000000e+00
  3263	6.527000e+01	1.500000e+01
  3264	6.529000e+01	1.900000e+01
  3265	6.531000e+01	1.400000e+01
  3266	6.533000e+01	1.100000e+01
  3267	6.535000e+01	1.900000e+01
  3268	6.537000e+01	1.300000e+01
  3269	6.539000e+01	1.100000e+01
  3270	6.541000e+01	1.000000e+01
  3271	6.543000e+01	1.500000e+01
  3272	6.545000e+01	1.500000e+01
  3273	6.547000e+01	1.000000e+01
  3274	6.549000e+01	1.500000e+01
  3275	6.551000e+01	2.100000e+01
  3276	6.553000e+01	2.000000e+01
  3277	6.555000e+01	1.900000e+01
  3278	6.557000e+01	7.000000e+00
  3279	6.559000e+01	1.400000e+01
  3280	6.561000e+01	1.800000e+01
  3281	6.563000e+01	1.300000e+01
  3282	6.565000e+01	2.100000e+01
  3283	6.567000e+01	9.000000e+00
  3284	6.569000e+01	1.400000e+01
  3285	6.571000e+01	1.000000e+01
  3286	6.573000e+01	1.700000e+01
  3287	6.575000e+01	9.000000e+00
  3288	6.577000e+01	9.000000e+00
  3289	6.579000e+01	1.200000e+01
  3290	6.581000e+01	7.000000e+00
  3291	6.583000e+01	8.000000e+00
  3292	6.585000e+01	1.500000e+01
  3293	6.587000e+01	1.200000e+01
  3294	6.589000e+01	1.100000e+01
  3295	6.591000e+01	1.700000e+01
  3296	6.593000e+01	1.300000e+01
  3297	6.595000e+01	1.100000e+01
  3298	6.597000e+01	1.300000e+01
  3299	6.599000e+01	1.200000e+01
  3300	6.601000e+01	1.400000e+01
  3301	6.603000e+01	1.400000e+01
  3302	6.605000e+01	1.100000e+01
  3303	6.607000e+01	9.000000e+00
  3304	6.609000e+01	1.600000e+01
  3305	6.611000e+01	1.500000e+01
  3306	6.613000e+01	1.700000e+01
  3307	6.615000e+01	1.300000e+01
  3308	6.617000e+01	1.000000e+01
  3309	6.619000e+01	1.500000e+01
  3310	6.621000e+01	1.200000e+01
  3311	6.623000e+01	1.100000e+01
  3312	6.625000e+01	1.500000e+01
  3313	6.627000e+01	1.300000e+01
  3314	6.629000e+01	1.000000e+01
  3315	6.631000e+01	8.000000e+00
  3316	6.633000e+01	1.500000e+01
  3317	6.635000e+01	1.400000e+01
  3318	6.637000e+01	1.300000e+01
  3319	6.639000e+01	1.700000e+01
  3320	6.641000e+01	1.500000e+01
  3321	6.643000e+01	9.000000e+00
  3322	6.645000e+01	1.200000e+01
  3323	6.647000e+01	6.000000e+00
  3324	6.649000e+01	1.000000e+01
  3325	6.651000e+01	1.100000e+01
  3326	6.653000e+01	1.200000e+01
  3327	6.655000e+01	1.500000e+01
  3328	6.657000e+01	1.100000e+01
  3329	6.659000e+01	1.300000e+01
  3330	6.661000e+01	6.000000e+00
  3331	6.663000e+01	1.000000e+01
  3332	6.665000e+01	1.600000e+01
  3333	6.667000e+01	1.400000e+01
  3334	6.669000e+01	1.500000e+01
  3335	6.671000e+01	9.000000e+00
  3336	6.673000e+01	1.400000e+01
  3337	6.675000e+01	1.600000e+01
  3338	6.677000e+01	1.000000e+01
  3339	6.679000e+01	1.000000e+01
  3340	6.681000e+01	9.000000e+00
  3341	6.683000e+01	1.000000e+01
  3342	6.685000e+01	7.000000e+00
  3343	6.687000e+01	1.100000e+01
  3344	6.689000e+01	1.100000e+01
  3345	6.691000e+01	9.000000e+00
  3346	6.693000e+01	1.100000e+01
  3347	6.695000e+01	1.300000e+01
  3348	6.697000e+01	1.100000e+01
  3349	6.699000e+01	1.100000e+01
  3350	6.701000e+01	7.000000e+00
  3351	6.703000e+01	1.400000e+01
  3352	6.705000e+01	8.000000e+00
  3353	6.707000e+01	1.400000e+01
  3354	6.709000e+01	9.000000e+00
  3355	6.711000e+01	6.000000e+00
  3356	6.713000e+01	1.400000e+01
  3357	6.715000e+01	7.000000e+00
  3358	6.717000e+01	1.400000e+01
  3359	6.719000e+01	9.000000e+00
  3360	6.721000e+01	1.400000e+01
  3361	6.723000e+01	8.000000e+00
  3362	6.725000e+01	1.600000e+01
  3363	6.727000e+01	6.000000e+00
  3364	6.729000e+01	1.100000e+01
  3365	6.731000e+01	1.000000e+01
  3366	6.733000e+01	9.000000e+00
  3367	6.735000e+01	9.000000e+00
  3368	6.737000e+01	8.000000e+00
  3369	6.739000e+01	7.000000e+00
  3370	6.741000e+01	1.200000e+01
  3371	6.743000e+01	1.400000e+01
  3372	6.745000e+01	1.300000e+01
  3373	6.747000e+01	5.000000e+00
  3374	6.749000e+01	1.700000e+01
  3375	6.751000e+01	9.000000e+00
  3376	6.753000e+01	6.000000e+00
  3377	6.755000e+01	9.000000e+00
  3378	6.757000e+01	1.200000e+01
  3379	6.759000e+01	1.500000e+01
  3380	6.761000e+01	9.000000e+00
  3381	6.763000e+01	1.000000e+01
  3382	6.765000e+01	1.000000e+01
  3383	6.767000e+01	1.200000e+01
  3384	6.769000e+01	5.000000e+00
  3385	6.771000e+01	1.200000e+01
  3386	6.773000e+01	1.400000e+01
  3387	6.775000e+01	6.000000e+00
  3388	6.777000e+01	1.300000e+01
  3389	6.779000e+01	1.200000e+01
  3390	6.781000e+01	9.000000e+00
  3391	6.783000e+01	1.400000e+01
  3392	6.785000e+01	1.200000e+01
  3393	6.787000e+01	1.300000e+01
  3394	6.789000e+01	1.500000e+01
  3395	6.791000e+01	1.000000e+01
  3396	6.793000e+01	1.100000e+01
  3397	6.795000e+01	1.100000e+01
  3398	6.797000e+01	1.300000e+01
  3399	6.799000e+01	9.000000e+00
  3400	6.801000e+01	1.100000e+01
  3401	6.803000e+01	1.100000e+01
  3402	6.805000e+01	9.000000e+00
  3403	6.807000e+01	6.000000e+00
  3404	6.809000e+01	1.700000e+01
  3405	6.811000e+01	1.100000e+01
  3406	6.813000e+01	5.000000e+00
  3407	6.815000e+01	8.000000e+00
  3408	6.817000e+01	1.200000e+01
  3409	6.819000e+01	8.000000e+00
  3410	6.821000e+01	9.000000e+00
  3411	6.823000e+01	1.100000e+01
  3412	6.825000e+01	6.000000e+00
  3413	6.827000e+01	9.000000e+00
  3414	6.829000e+01	1.000000e+01
  3415	6.831000e+01	5.000000e+00
  3416	6.833000e+01	6.000000e+00
  3417	6.835000e+01	1.500000e+01
  3418	6.837000e+01	1.000000e+01
  3419	6.839000e+01	9.000000e+00
  3420	6.841000e+01	6.000000e+00
  3421	6.843000e+01	1.800000e+01
  3422	6.845000e+01	8.000000e+00
  3423	6.847000e+01	1.700000e+01
  3424	6.849000e+01	9.000000e+00
  3425	6.851000e+01	1.200000e+01
  3426	6.853000e+01	6.000000e+00
  3427	6.855000e+01	1.000000e+01
  3428	6.857000e+01	1.200000e+01
  3429	6.859000e+01	9.000000e+00
  3430	6.861000e+01	8.000000e+00
  3431	6.863000e+01	1.500000e+01
  3432	6.865000e+01	1.000000e+01
  3433	6.867000e+01	1.400000e+01
  3434	6.869000e+01	8.000000e+00
  3435	6.871000e+01	7.000000e+00
  3436	6.873000e+01	1.100000e+01
  3437	6.875000e+01	1.300000e+01
  3438	6.877000e+01	8.000000e+00
  3439	6.879000e+01	1.000000e+01
  3440	6.881000e+01	8.000000e+00
  3441	6.883000e+01	1.000000e+01
  3442	6.885000e+01	1.000000e+01
  3443	6.887000e+01	1.000000e+01
  3444	6.889000e+01	1.200000e+01
  3445	6.891000e+01	8.000000e+00
  3446	6.893000e+01	9.000000e+00
  3447	6.895000e+01	4.000000e+00
  3448	6.897000e+01	1.100000e+01
  3449	6.899000e+01	1.500000e+01
  3450	6.901000e+01	7.000000e+00
  3451	6.903000e+01	6.000000e+00
  3452	6.905000e+01	6.000000e+00
  3453	6.907000e+01	1.300000e+01
  3454	6.909000e+01	9.000000e+00
  3455	6.911000e+01	5.000000e+00
  3456	6.913000e+01	4.000000e+00
  3457	6.915000e+01	1.100000e+01
  3458	6.917000e+01	1.400000e+01
  3459	6.919000e+01	1.000000e+01
  3460	6.921000e+01	5.000000e+00
  3461	6.923000e+01	8.000000e+00
  3462	6.925000e+01	7.000000e+00
  3463	6.927000e+01	8.000000e+00
  3464	6.929000e+01	1.300000e+01
  3465	6.931000e+01	1.200000e+01
  3466	6.933000e+01	7.000000e+00
  3467	6.935000e+01	1.200000e+01
  3468	6.937000e+01	6.000000e+00
  3469	6.939000e+01	9.000000e+00
  3470	6.941000e+01	1.000000e+01
  3471	6.943000e+01	9.000000e+00
  3472	6.945000e+01	1.000000e+01
  3473	6.947000e+01	6.000000e+00
  3474	6.949000e+01	7.000000e+00
  3475	6.951000e+01	9.000000e+00
  3476	6.953000e+01	1.200000e+01
  3477	6.955000e+01	6.000000e+00
  3478	6.957000e+01	1.000000e+01
  3479	6.959000e+01	9.000000e+00
  3480	6.961000e+01	1.200000e+01
  3481	6.963000e+01	1.000000e+01
  3482	6.965000e+01	8.000000e+00
  3483	6.967000e+01	8.000000e+00
  3484	6.969000e+01	1.300000e+01
  3485	6.971000e+01	8.000000e+00
  3486	6.973000e+01	9.000000e+00
  3487	6.975000e+01	9.000000e+00
  3488	6.977000e+01	9.000000e+00
  3489	6.979000e+01	6.000000e+00
  3490	6.981000e+01	2.000000e+00
  3491	6.983000e+01	1.600000e+01
  3492	6.985000e+01	1.100000e+01
  3493	6.987000e+01	9.000000e+00
  3494	6.989000e+01	3.000000e+00
  3495	6.991000e+01	5.000000e+00
  3496	6.993000e+01	9.000000e+00
  3497	6.995000e+01	9.000000e+00
  3498	6.997000e+01	1.300000e+01
  3499	6.999000e+01	1.400000e+01
  3500	7.001000e+01	8.000000e+00
  3501	7.003000e+01	8.000000e+00
  3502	7.005000e+01	6.000000e+00
  3503	7.007000e+01	1.200000e+01
  3504	7.009000e+01	5.000000e+00
  3505	7.011000e+01	9.000000e+00
  3506	7.013000e+01	1.100000e+01
  3507	7.015000e+01	5.000000e+00
  3508	7.017000e+01	1.000000e+01
  3509	7.019000e+01	7.000000e+00
  3510	7.021000e+01	3.000000e+00
  3511	7.023000e+01	9.000000e+00
  3512	7.025000e+01	5.000000e+00
  3513	7.027000e+01	8.000000e+00
  3514	7.029000e+01	9.000000e+00
  3515	7.031000e+01	7.000000e+00
  3516	7.033000e+01	8.000000e+00
  3517	7.035000e+01	6.000000e+00
  3518	7.037000e+01	1.100000e+01
  3519	7.039000e+01	9.000000e+00
  3520	7.041000e+01	9.000000e+00
  3521	7.043000e+01	1.000000e+01
  3522	7.045000e+01	1.300000e+01
  3523	7.047000e+01	6.000000e+00
  3524	7.049000e+01	8.000000e+00
  3525	7.051000e+01	6.000000e+00
  3526	7.053000e+01	1.100000e+01
  3527	7.055000e+01	1.200000e+01
  3528	7.057000e+01	6.000000e+00
  3529	7.059000e+01	7.000000e+00
  3530	7.061000e+01	1.000000e+01
  3531	7.063000e+01	4.000000e+00
  3532	7.065000e+01	6.000000e+00
  3533	7.067000e+01	6.000000e+00
  3534	7.069000e+01	1.000000e+01
  3535	7.071000e+01	9.000000e+00
  3536	7.073000e+01	4.000000e+00
  3537	7.075000e+01	1.100000e+01
  3538	7.077000e+01	1.400000e+01
  3539	7.079000e+01	5.000000e+00
  3540	7.081000e+01	8.000000e+00
  3541	7.083000e+01	6.000000e+00
  3542	7.085000e+01	1.000000e+01
  3543	7.087000e+01	5.000000e+00
  3544	7.089000e+01	8.000000e+00
  3545	7.091000e+01	4.000000e+00
  3546	7.093000e+01	9.000000e+00
  3547	7.095000e+01	1.100000e+01
  3548	7.097000e+01	5.000000e+00
  3549	7.099000e+01	8.000000e+00
  3550	7.101000e+01	1.000000e+01
  3551	7.103000e+01	3.000000e+00
  3552	7.105000e+01	7.000000e+00
  3553	7.107000e+01	9.000000e+00
  3554	7.109000e+01	9.000000e+00
  3555	7.111000e+01	7.000000e+00
  3556	7.113000e+01	4.000000e+00
  3557	7.115000e+01	5.000000e+00
  3558	7.117000e+01	5.000000e+00
  3559	7.119000e+01	1.100000e+01
  3560	7.121000e+01	5.000000e+00
  3561	7.123000e+01	6.000000e+00
  3562	7.125000e+01	3.000000e+00
  3563	7.127000e+01	6.000000e+00
  3564	7.129000e+01	5.000000e+00
  3565	7.131000e+01	8.000000e+00
  3566	7.133000e+01	7.000000e+00
  3567	7.135000e+01	1.000000e+01
  3568	7.137000e+01	7.000000e+00
  3569	7.139000e+01	6.000000e+00
  3570	7.141000e+01	8.000000e+00
  3571	7.143000e+01	1.000000e+01
  3572	7.145000e+01	9.000000e+00
  3573	7.147000e+01	5.000000e+00
  3574	7.149000e+01	6.000000e+00
  3575	7.151000e+01	6.000000e+00
  3576	7.153000e+01	5.000000e+00
  3577	7.155000e+01	1.000000e+01
  3578	7.157000e+01	3.000000e+00
  3579	7.159000e+01	9.000000e+00
  3580	7.161000e+01	4.000000e+00
  3581	7.163000e+01	4.000000e+00
  3582	7.165000e+01	1.200000e+01
  3583	7.167000e+01	6.000000e+00
  3584	7.169000e+01	8.000000e+00
  3585	7.171000e+01	3.000000e+00
  3586	7.173000e+01	6.000000e+00
  3587	7.175000e+01	1.100000e+01
  3588	7.177000e+01	8.000000e+00
  3589	7.179000e+01	7.000000e+00
  3590	7.181000e+01	5.000000e+00
  3591	7.183000e+01	9.000000e+00
  3592	7.185000e+01	1.100000e+01
  3593	7.187000e+01	5.000000e+00
  3594	7.189000e+01	8.000000e+00
  3595	7.191000e+01	5.000000e+00
  3596	7.193000e+01	6.000000e+00
  3597	7.195000e+01	5.000000e+00
  3598	7.197000e+01	5.000000e+00
  3599	7.199000e+01	1.000000e+01
  3600	7.201000e+01	4.000000e+00
  3601	7.203000e+01	6.000000e+00
  3602	7.205000e+01	4.000000e+00
  3603	7.207000e+01	5.000000e+00
  3604	7.209000e+01	1.000000e+00
  3605	7.211000e+01	8.000000e+00
  3606	7.213000e+01	6.000000e+00
  3607	7.215000e+01	8.000000e+00
  3608	7.217000e+01	9.000000e+00
  3609	7.219000e+01	5.000000e+00
  3610	7.221000e+01	6.000000e+00
  3611	7.223000e+01	4.000000e+00
  3612	7.225000e+01	6.000000e+00
  3613	7.227000e+01	6.000000e+00
  3614	7.229000e+01	5.000000e+00
  3615	7.231000e+01	5.000000e+00
  3616	7.233000e+01	5.000000e+00
  3617	7.235000e+01	6.000000e+00
  3618	7.237000e+01	5.000000e+00
  3619	7.239000e+01	7.000000e+00
  3620	7.241000e+01	9.000000e+00
  3621	7.243000e+01	4.000000e+00
  3622	7.245000e+01	2.000000e+00
  3623	7.247000e+01	4.000000e+00
  3624	7.249000e+01	5.000000e+00
  3625	7.251000e+01	7.000000e+00
  3626	7.253000e+01	5.000000e+00
  3627	7.255000e+01	8.000000e+00
  3628	7.257000e+01	1.200000e+01
  3629	7.259000e+01	7.000000e+00
  3630	7.261000e+01	6.000000e+00
  3631	7.263000e+01	7.000000e+00
  3632	7.265000e+01	6.000000e+00
  3633	7.267000e+01	4.000000e+00
  3634	7.269000e+01	6.000000e+00
  3635	7.271000e+01	8.000000e+00
  3636	7.273000e+01	3.000000e+00
  3637	7.275000e+01	6.000000e+00
  3638	7.277000e+01	4.000000e+00
  3639	7.279000e+01	6.000000e+00
  3640	7.281000e+01	5.000000e+00
  3641	7.283000e+01	8.000000e+00
  3642	7.285000e+01	3.000000e+00
  3643	7.287000e+01	9.000000e+00
  3644	7.289000e+01	4.000000e+00
  3645	7.291000e+01	4.000000e+00
  3646	7.293000e+01	4.000000e+00
  3647	7.295000e+01	5.000000e+00
  3648	7.297000e+01	9.000000e+00
  3649	7.299000e+01	5.000000e+00
  3650	7.301000e+01	5.000000e+00
  3651	7.303000e+01	8.000000e+00
  3652	7.305000e+01	5.000000e+00
  3653	7.307000e+01	6.000000e+00
  3654	7.309000e+01	6.000000e+00
  3655	7.311000e+01	7.000000e+00
  3656	7.313000e+01	1.100000e+01
  3657	7.315000e+01	2.000000e+00
  3658	7.317000e+01	1.100000e+01
  3659	7.319000e+01	5.000000e+00
  3660	7.321000e+01	6.000000e+00
  3661	7.323000e+01	4.000000e+00
  3662	7.325000e+01	4.000000e+00
  3663	7.327000e+01	6.000000e+00
  3664	7.329000e+01	4.000000e+00
  3665	7.331000e+01	6.000000e+00
  3666	7.333000e+01	6.000000e+00
  3667	7.335000e+01	5.000000e+00
  3668	7.337000e+01	4.000000e+00
  3669	7.339000e+01	6.000000e+00
  3670	7.341000e+01	3.000000e+00
  3671	7.343000e+01	5.000000e+00
  3672	7.345000e+01	3.000000e+00
  3673	7.347000e+01	5.000000e+00
  3674	7.349000e+01	8.000000e+00
  3675	7.351000e+01	4.000000e+00
  3676	7.353000e+01	4.000000e+00
  3677	7.355000e+01	3.000000e+00
  3678	7.357000e+01	6.000000e+00
  3679	7.359000e+01	8.000000e+00
  3680	7.361000e+01	5.000000e+00
  3681	7.363000e+01	4.000000e+00
  3682	7.365000e+01	3.000000e+00
  3683	7.367000e+01	2.000000e+00
  3684	7.369000e+01	7.000000e+00
  3685	7.371000e+01	7.000000e+00
  3686	7.373000e+01	6.000000e+00
  3687	7.375000e+01	0.000000e+00
  3688	7.377000e+01	5.000000e+00
  3689	7.379000e+01	8.000000e+00
  3690	7.381000e+01	8.000000e+00
  3691	7.383000e+01	5.000000e+00
  3692	7.385000e+01	3.000000e+00
  3693	7.387000e+01	4.000000e+00
  3694	7.389000e+01	3.000000e+00
  3695	7.391000e+01	4.000000e+00
  3696	7.393000e+01	2.000000e+00
  3697	7.395000e+01	8.000000e+00
  3698	7.397000e+01	8.000000e+00
  3699	7.399000e+01	5.000000e+00
  3700	7.401000e+01	4.000000e+00
  3701	7.403000e+01	5.000000e+00
  3702	7.405000e+01	5.000000e+00
  3703	7.407000e+01	5.000000e+00
  3704	7.409000e+01	7.000000e+00
  3705	7.411000e+01	7.000000e+00
  3706	7.413000e+01	8.000000e+00
  3707	7.415000e+01	6.000000e+00
  3708	7.417000e+01	7.000000e+00
  3709	7.419000e+01	7.000000e+00
  3710	7.421000e+01	8.000000e+00
  3711	7.423000e+01	3.000000e+00
  3712	7.425000e+01	5.000000e+00
  3713	7.427000e+01	1.000000e+00
  3714	7.429000e+01	4.000000e+00
  3715	7.431000e+01	3.000000e+00
  3716	7.433000e+01	1.000000e+00
  3717	7.435000e+01	9.000000e+00
  3718	7.437000e+01	7.000000e+00
  3719	7.439000e+01	3.000000e+00
  3720	7.441000e+01	3.000000e+00
  3721	7.443000e+01	4.000000e+00
  3722	7.445000e+01	4.000000e+00
  3723	7.447000e+01	7.000000e+00
  3724	7.449000e+01	2.000000e+00
  3725	7.451000e+01	4.000000e+00
  3726	7.453000e+01	3.000000e+00
  3727	7.455000e+01	7.000000e+00
  3728	7.457000e+01	5.000000e+00
  3729	7.459000e+01	4.000000e+00
  3730	7.461000e+01	4.000000e+00
  3731	7.463000e+01	4.000000e+00
  3732	7.465000e+01	1.000000e+00
  3733	7.467000e+01	0.000000e+00
  3734	7.469000e+01	5.000000e+00
  3735	7.471000e+01	1.000000e+00
  3736	7.473000e+01	3.000000e+00
  3737	7.475000e+01	5.000000e+00
  3738	7.477000e+01	5.000000e+00
  3739	7.479000e+01	4.000000e+00
  3740	7.481000e+01	4.000000e+00
  3741	7.483000e+01	4.000000e+00
  3742	7.485000e+01	2.000000e+00
  3743	7.487000e+01	3.000000e+00
  3744	7.489000e+01	5.000000e+00
  3745	7.491000e+01	5.000000e+00
  3746	7.493000e+01	6.000000e+00
  3747	7.495000e+01	1.000000e+01
  3748	7.497000e+01	3.000000e+00
  3749	7.499000e+01	6.000000e+00
  3750	7.501000e+01	5.000000e+00
  3751	7.503000e+01	4.000000e+00
  3752	7.505000e+01	4.000000e+00
  3753	7.507000e+01	9.000000e+00
  3754	7.509000e+01	8.000000e+00
  3755	7.511000e+01	3.000000e+00
  3756	7.513000e+01	6.000000e+00
  3757	7.515000e+01	5.000000e+00
  3758	7.517000e+01	2.000000e+00
  3759	7.519000e+01	4.000000e+00
  3760	7.521000e+01	2.000000e+00
  3761	7.523000e+01	2.000000e+00
  3762	7.525000e+01	3.000000e+00
  3763	7.527000e+01	3.000000e+00
  3764	7.529000e+01	7.000000e+00
  3765	7.531000e+01	4.000000e+00
  3766	7.533000e+01	1.000000e+00
  3767	7.535000e+01	6.000000e+00
  3768	7.537000e+01	2.000000e+00
  3769	7.539000e+01	3.000000e+00
  3770	7.541000e+01	5.000000e+00
  3771	7.543000e+01	0.000000e+00
  3772	7.545000e+01	3.000000e+00
  3773	7.547000e+01	4.000000e+00
  3774	7.549000e+01	4.000000e+00
  3775	7.551000e+01	0.000000e+00
  3776	7.553000e+01	3.000000e+00
  3777	7.555000e+01	3.000000e+00
  3778	7.557000e+01	4.000000e+00
  3779	7.559000e+01	4.000000e+00
  3780	7.561000e+01	7.000000e+00
  3781	7.563000e+01	5.000000e+00
  3782	7.565000e+01	2.000000e+00
  3783	7.567000e+01	2.000000e+00
  3784	7.569000e+01	4.000000e+00
  3785	7.571000e+01	4.000000e+00
  3786	7.573000e+01	6.000000e+00
  3787	7.575000e+01	4.000000e+00
  3788	7.577000e+01	3.000000e+00
  3789	7.579000e+01	4.000000e+00
  3790	7.581000e+01	1.000000e+01
  3791	7.583000e+01	6.000000e+00
  3792	7.585000e+01	3.000000e+00
  3793	7.587000e+01	1.000000e+00
  3794	7.589000e+01	2.000000e+00
  3795	7.591000e+01	4.000000e+00
  3796	7.593000e+01	3.000000e+00
  3797	7.595000e+01	2.000000e+00
  3798	7.597000e+01	2.000000e+00
  3799	7.599000e+01	5.000000e+00
  3800	7.601000e+01	2.000000e+00
  3801	7.603000e+01	4.000000e+00
  3802	7.605000e+01	2.000000e+00
  3803	7.607000e+01	3.000000e+00
  3804	7.609000e+01	3.000000e+00
  3805	7.611000e+01	5.000000e+00
  3806	7.613000e+01	4.000000e+00
  3807	7.615000e+01	1.000000e+00
  3808	7.617000e+01	3.000000e+00
  3809	7.619000e+01	1.000000e+00
  3810	7.621000e+01	5.000000e+00
  3811	7.623000e+01	8.000000e+00
  3812	7.625000e+01	5.000000e+00
  3813	7.627000e+01	6.000000e+00
  3814	7.629000e+01	5.000000e+00
  3815	7.631000e+01	5.000000e+00
  3816	7.633000e+01	3.000000e+00
  3817	7.635000e+01	1.000000e+00
  3818	7.637000e+01	1.000000e+00
  3819	7.639000e+01	3.000000e+00
  3820	7.641000e+01	4.000000e+00
  3821	7.643000e+01	5.000000e+00
  3822	7.645000e+01	0.000000e+00
  3823	7.647000e+01	5.000000e+00
  3824	7.649000e+01	5.000000e+00
  3825	7.651000e+01	2.000000e+00
  3826	7.653000e+01	5.000000e+00
  3827	7.655000e+01	2.000000e+00
  3828	7.657000e+01	2.000000e+00
  3829	7.659000e+01	5.000000e+00
  3830	7.661000e+01	4.000000e+00
  3831	7.663000e+01	4.000000e+00
  3832	7.665000e+01	3.000000e+00
  3833	7.667000e+01	0.000000e+00
  3834	7.669000e+01	4.000000e+00
  3835	7.671000e+01	4.000000e+00
  3836	7.673000e+01	4.000000e+00
  3837	7.675000e+01	2.000000e+00
  3838	7.677000e+01	1.000000e+00
  3839	7.679000e+01	4.000000e+00
  3840	7.681000e+01	2.000000e+00
  3841	7.683000e+01	4.000000e+00
  3842	7.685000e+01	2.000000e+00
  3843	7.687000e+01	4.000000e+00
  3844	7.689000e+01	4.000000e+00
  3845	7.691000e+01	3.000000e+00
  3846	7.693000e+01	3.000000e+00
  3847	7.695000e+01	4.000000e+00
  3848	7.697000e+01	1.000000e+00
  3849	7.699000e+01	2.000000e+00
  3850	7.701000e+01	4.000000e+00
  3851	7.703000e+01	2.000000e+00
  3852	7.705000e+01	0.000000e+00
  3853	7.707000e+01	4.000000e+00
  3854	7.709000e+01	1.000000e+00
  3855	7.711000e+01	7.000000e+00
  3856	7.713000e+01	3.000000e+00
  3857	7.715000e+01	3.000000e+00
  3858	7.717000e+01	3.000000e+00
  3859	7.719000e+01	6.000000e+00
  3860	7.721000e+01	5.000000e+00
  3861	7.723000e+01	1.000000e+00
  3862	7.725000e+01	1.000000e+00
  3863	7.727000e+01	6.000000e+00
  3864	7.729000e+01	4.000000e+00
  3865	7.731000e+01	3.000000e+00
  3866	7.733000e+01	5.000000e+00
  3867	7.735000e+01	6.000000e+00
  3868	7.737000e+01	1.000000e+00
  3869	7.739000e+01	3.000000e+00
  3870	7.741000e+01	5.000000e+00
  3871	7.743000e+01	5.000000e+00
  3872	7.745000e+01	3.000000e+00
  3873	7.747000e+01	2.000000e+00
  3874	7.749000e+01	2.000000e+00
  3875	7.751000e+01	0.000000e+00
  3876	7.753000e+01	3.000000e+00
  3877	7.755000e+01	4.000000e+00
  3878	7.757000e+01	2.000000e+00
  3879	7.759000e+01	2.000000e+00
  3880	7.761000e+01	5.000000e+00
  3881	7.763000e+01	3.000000e+00
  3882	7.765000e+01	3.000000e+00
  3883	7.767000e+01	3.000000e+00
  3884	7.769000e+01	0.000000e+00
  3885	7.771000e+01	4.000000e+00
  3886	7.773000e+01	1.000000e+00
  3887	7.775000e+01	5.000000e+00
  3888	7.777000e+01	6.000000e+00
  3889	7.779000e+01	3.000000e+00
  3890	7.781000e+01	3.000000e+00
  3891	7.783000e+01	5.000000e+00
  3892	7.785000e+01	7.000000e+00
  3893	7.787000e+01	3.000000e+00
  3894	7.789000e+01	3.000000e+00
  3895	7.791000e+01	4.000000e+00
  3896	7.793000e+01	0.000000e+00
  3897	7.795000e+01	2.000000e+00
  3898	7.797000e+01	2.000000e+00
  3899	7.799000e+01	4.000000e+00
  3900	7.801000e+01	4.000000e+00
  3901	7.803000e+01	2.000000e+00
  3902	7.805000e+01	3.000000e+00
  3903	7.807000e+01	4.000000e+00
  3904	7.809000e+01	4.000000e+00
  3905	7.811000e+01	2.000000e+00
  3906	7.813000e+01	1.000000e+00
  3907	7.815000e+01	3.000000e+00
  3908	7.817000e+01	2.000000e+00
  3909	7.819000e+01	3.000000e+00
  3910	7.821000e+01	3.000000e+00
  3911	7.823000e+01	2.000000e+00
  3912	7.825000e+01	2.000000e+00
  3913	7.827000e+01	3.000000e+00
  3914	7.829000e+01	0.000000e+00
  3915	7.831000e+01	2.000000e+00
  3916	7.833000e+01	3.000000e+00
  3917	7.835000e+01	2.000000e+00
  3918	7.837000e+01	4.000000e+00
  3919	7.839000e+01	7.000000e+00
  3920	7.841000e+01	7.000000e+00
  3921	7.843000e+01	2.000000e+00
  3922	7.845000e+01	2.000000e+00
  3923	7.847000e+01	3.000000e+00
  3924	7.849000e+01	3.000000e+00
  3925	7.851000e+01	1.000000e+00
  3926	7.853000e+01	2.000000e+00
  3927	7.855000e+01	0.000000e+00
  3928	7.857000e+01	6.000000e+00
  3929	7.859000e+01	5.000000e+00
  3930	7.861000e+01	1.000000e+00
  3931	7.863000e+01	1.000000e+00
  3932	7.865000e+01	1.000000e+00
  3933	7.867000e+01	2.000000e+00
  3934	7.869000e+01	5.000000e+00
  3935	7.871000e+01	3.000000e+00
  3936	7.873000e+01	5.000000e+00
  3937	7.875000e+01	3.000000e+00
  3938	7.877000e+01	0.000000e+00
  3939	7.879000e+01	1.000000e+00
  3940	7.881000e+01	1.000000e+00
  3941	7.883000e+01	4.000000e+00
  3942	7.885000e+01	6.000000e+00
  3943	7.887000e+01	5.000000e+00
  3944	7.889000e+01	6.000000e+00
  3945	7.891000e+01	4.000000e+00
  3946	7.893000e+01	2.000000e+00
  3947	7.895000e+01	3.000000e+00
  3948	7.897000e+01	1.000000e+00
  3949	7.899000e+01	3.000000e+00
  3950	7.901000e+01	3.000000e+00
  3951	7.903000e+01	1.000000e+00
  3952	7.905000e+01	2.000000e+00
  3953	7.907000e+01	2.000000e+00
  3954	7.909000e+01	1.000000e+00
  3955	7.911000e+01	3.000000e+00
  3956	7.913000e+01	1.000000e+00
  3957	7.915000e+01	2.000000e+00
  3958	7.917000e+01	5.000000e+00
  3959	7.919000e+01	3.000000e+00
  3960	7.921000e+01	3.000000e+00
  3961	7.923000e+01	0.000000e+00
  3962	7.925000e+01	7.000000e+00
  3963	7.927000e+01	3.000000e+00
  3964	7.929000e+01	3.000000e+00
  3965	7.931000e+01	2.000000e+00
  3966	7.933000e+01	3.000000e+00
  3967	7.935000e+01	1.000000e+00
  3968	7.937000e+01	2.000000e+00
  3969	7.939000e+01	4.000000e+00
  3970	7.941000e+01	3.000000e+00
  3971	7.943000e+01	3.000000e+00
  3972	7.945000e+01	2.000000e+00
  3973	7.947000e+01	2.000000e+00
  3974	7.949000e+01	1.000000e+00
  3975	7.951000e+01	1.000000e+00
  3976	7.953000e+01	4.000000e+00
  3977	7.955000e+01	3.000000e+00
  3978	7.957000e+01	1.000000e+00
  3979	7.959000e+01	4.000000e+00
  3980	7.961000e+01	4.000000e+00
  3981	7.963000e+01	2.000000e+00
  3982	7.965000e+01	2.000000e+00
  3983	7.967000e+01	3.000000e+00
  3984	7.969000e+01	3.000000e+00
  3985	7.971000e+01	4.000000e+00
  3986	7.973000e+01	4.000000e+00
  3987	7.975000e+01	2.000000e+00
  3988	7.977000e+01	4.000000e+00
  3989	7.979000e+01	3.000000e+00
  3990	7.981000e+01	6.000000e+00
  3991	7.983000e+01	4.000000e+00
  3992	7.985000e+01	4.000000e+00
  3993	7.987000e+01	1.000000e+00
  3994	7.989000e+01	2.000000e+00
  3995	7.991000e+01	6.000000e+00
  3996	7.993000e+01	2.000000e+00
  3997	7.995000e+01	2.000000e+00
  3998	7.997000e+01	2.000000e+00
  3999	7.999000e+01	1.000000e+00
  4000	8.001000e+01	1.000000e+00
  4001	8.003000e+01	2.000000e+00
  4002	8.005000e+01	4.000000e+00
  4003	8.007000e+01	3.000000e+00
  4004	8.009000e+01	2.000000e+00
  4005	8.011000e+01	1.000000e+00
  4006	8.013000e+01	2.000000e+00
  4007	8.015000e+01	1.000000e+00
  4008	8.017000e+01	0.000000e+00
  4009	8.019000e+01	1.000000e+00
  4010	8.021000e+01	2.000000e+00
  4011	8.023000e+01	0.000000e+00
  4012	8.025000e+01	1.000000e+00
  4013	8.027000e+01	1.000000e+00
  4014	8.029000e+01	2.000000e+00
  4015	8.031000e+01	2.000000e+00
  4016	8.033000e+01	0.000000e+00
  4017	8.035000e+01	1.000000e+00
  4018	8.037000e+01	4.000000e+00
  4019	8.039000e+01	3.000000e+00
  4020	8.041000e+01	2.000000e+00
  4021	8.043000e+01	5.000000e+00
  4022	8.045000e+01	2.000000e+00
  4023	8.047000e+01	3.000000e+00
  4024	8.049000e+01	1.000000e+00
  4025	8.051000e+01	2.000000e+00
  4026	8.053000e+01	1.000000e+00
  4027	8.055000e+01	2.000000e+00
  4028	8.057000e+01	3.000000e+00
  4029	8.059000e+01	1.000000e+00
  4030	8.061000e+01	1.000000e+00
  4031	8.063000e+01	2.000000e+00
  4032	8.065000e+01	2.000000e+00
  4033	8.067000e+01	1.000000e+00
  4034	8.069000e+01	5.000000e+00
  4035	8.071000e+01	3.000000e+00
  4036	8.073000e+01	1.000000e+00
  4037	8.075000e+01	2.000000e+00
  4038	8.077000e+01	3.000000e+00
  4039	8.079000e+01	1.000000e+00
  4040	8.081000e+01	2.000000e+00
  4041	8.083000e+01	2.000000e+00
  4042	8.085000e+01	5.000000e+00
  4043	8.087000e+01	2.000000e+00
  4044	8.089000e+01	1.000000e+00
  4045	8.091000e+01	1.000000e+00
  4046	8.093000e+01	2.000000e+00
  4047	8.095000e+01	1.000000e+00
  4048	8.097000e+01	2.000000e+00
  4049	8.099000e+01	3.000000e+00
  4050	8.101000e+01	3.000000e+00
  4051	8.103000e+01	3.000000e+00
  4052	8.105000e+01	2.000000e+00
  4053	8.107000e+01	1.000000e+00
  4054	8.109000e+01	1.000000e+00
  4055	8.111000e+01	3.000000e+00
  4056	8.113000e+01	4.000000e+00
  4057	8.115000e+01	0.000000e+00
  4058	8.117000e+01	1.000000e+00
  4059	8.119000e+01	2.000000e+00
  4060	8.121000e+01	1.000000e+00
  4061	8.123000e+01	2.000000e+00
  4062	8.125000e+01	1.000000e+00
  4063	8.127000e+01	3.000000e+00
  4064	8.129000e+01	2.000000e+00
  4065	8.131000e+01	3.000000e+00
  4066	8.133000e+01	2.000000e+00
  4067	8.135000e+01	2.000000e+00
  4068	8.137000e+01	1.000000e+00
  4069	8.139000e+01	1.000000e+00
  4070	8.141000e+01	1.000000e+00
  4071	8.143000e+01	1.000000e+00
  4072	8.145000e+01	3.000000e+00
  4073	8.147000e+01	4.000000e+00
  4074	8.149000e+01	3.000000e+00
  4075	8.151000e+01	1.000000e+00
  4076	8.153000e+01	1.000000e+00
  4077	8.155000e+01	0.000000e+00
  4078	8.157000e+01	1.000000e+00
  4079	8.159000e+01	1.000000e+00
  4080	8.161000e+01	1.000000e+00
  4081	8.163000e+01	1.000000e+00
  4082	8.165000e+01	0.000000e+00
  4083	8.167000e+01	1.000000e+00
  4084	8.169000e+01	1.000000e+00
  4085	8.171000e+01	1.000000e+00
  4086	8.173000e+01	1.000000e+00
  4087	8.175000e+01	1.000000e+00
  4088	8.177000e+01	0.000000e+00
  4089	8.179000e+01	2.000000e+00
  4090	8.181000e+01	1.000000e+00
  4091	8.183000e+01	1.000000e+00
  4092	8.185000e+01	2.000000e+00
  4093	8.187000e+01	1.000000e+00
  4094	8.189000e+01	1.000000e+00
  4095	8.191000e+01	0.000000e+00
  4096	8.193000e+01	4.000000e+00
  4097	8.195000e+01	1.000000e+00
  4098	8.197000e+01	2.000000e+00
  4099	8.199000e+01	3.000000e+00
  4100	8.201000e+01	1.000000e+00
  4101	8.203000e+01	2.000000e+00
  4102	8.205000e+01	1.000000e+00
  4103	8.207000e+01	0.000000e+00
  4104	8.209000e+01	1.000000e+00
  4105	8.211000e+01	1.000000e+00
  4106	8.213000e+01	2.000000e+00
  4107	8.215000e+01	0.000000e+00
  4108	8.217000e+01	0.000000e+00
  4109	8.219000e+01	0.000000e+00
  4110	8.221000e+01	2.000000e+00
  4111	8.223000e+01	0.000000e+00
  4112	8.225000e+01	0.000000e+00
  4113	8.227000e+01	0.000000e+00
  4114	8.229000e+01	2.000000e+00
  4115	8.231000e+01	1.000000e+00
  4116	8.233000e+01	2.000000e+00
  4117	8.235000e+01	3.000000e+00
  4118	8.237000e+01	3.000000e+00
  4119	8.239000e+01	2.000000e+00
  4120	8.241000e+01	3.000000e+00
  4121	8.243000e+01	2.000000e+00
  4122	8.245000e+01	5.000000e+00
  4123	8.247000e+01	2.000000e+00
  4124	8.249000e+01	1.000000e+00
  4125	8.251000e+01	6.000000e+00
  4126	8.253000e+01	2.000000e+00
  4127	8.255000e+01	2.000000e+00
  4128	8.257000e+01	1.000000e+00
  4129	8.259000e+01	2.000000e+00
  4130	8.261000e+01	1.000000e+00
  4131	8.263000e+01	3.000000e+00
  4132	8.265000e+01	0.000000e+00
  4133	8.267000e+01	3.000000e+00
  4134	8.269000e+01	3.000000e+00
  4135	8.271000e+01	5.000000e+00
  4136	8.273000e+01	2.000000e+00
  4137	8.275000e+01	2.000000e+00
  4138	8.277000e+01	5.000000e+00
  4139	8.279000e+01	2.000000e+00
  4140	8.281000e+01	3.000000e+00
  4141	8.283000e+01	0.000000e+00
  4142	8.285000e+01	4.000000e+00
  4143	8.287000e+01	3.000000e+00
  4144	8.289000e+01	3.000000e+00
  4145	8.291000e+01	3.000000e+00
  4146	8.293000e+01	2.000000e+00
  4147	8.295000e+01	2.000000e+00
  4148	8.297000e+01	1.000000e+00
  4149	8.299000e+01	1.000000e+00
  4150	8.301000e+01	0.000000e+00
  4151	8.303000e+01	1.000000e+00
  4152	8.305000e+01	1.000000e+00
  4153	8.307000e+01	1.000000e+00
  4154	8.309000e+01	3.000000e+00
  4155	8.311000e+01	1.000000e+00
  4156	8.313000e+01	1.000000e+00
  4157	8.315000e+01	2.000000e+00
  4158	8.317000e+01	2.000000e+00
  4159	8.319000e+01	2.000000e+00
  4160	8.321000e+01	2.000000e+00
  4161	8.323000e+01	3.000000e+00
  4162	8.325000e+01	2.000000e+00
  4163	8.327000e+01	0.000000e+00
  4164	8.329000e+01	0.000000e+00
  4165	8.331000e+01	1.000000e+00
  4166	8.333000e+01	5.000000e+00
  4167	8.335000e+01	3.000000e+00
  4168	8.337000e+01	3.000000e+00
  4169	8.339000e+01	4.000000e+00
  4170	8.341000e+01	2.000000e+00
  4171	8.343000e+01	1.000000e+00
  4172	8.345000e+01	5.000000e+00
  4173	8.347000e+01	3.000000e+00
  4174	8.349000e+01	1.000000e+00
  4175	8.351000e+01	1.000000e+00
  4176	8.353000e+01	4.000000e+00
  4177	8.355000e+01	1.000000e+00
  4178	8.357000e+01	1.000000e+00
  4179	8.359000e+01	0.000000e+00
  4180	8.361000e+01	0.000000e+00
  4181	8.363000e+01	4.000000e+00
  4182	8.365000e+01	3.000000e+00
  4183	8.367000e+01	0.000000e+00
  4184	8.369000e+01	1.000000e+00
  4185	8.371000e+01	1.000000e+00
  4186	8.373000e+01	3.000000e+00
  4187	8.375000e+01	1.000000e+00
  4188	8.377000e+01	1.000000e+00
  4189	8.379000e+01	2.000000e+00
  4190	8.381000e+01	0.000000e+00
  4191	8.383000e+01	4.000000e+00
  4192	8.385000e+01	2.000000e+00
  4193	8.387000e+01	1.000000e+00
  4194	8.389000e+01	0.000000e+00
  4195	8.391000e+01	1.000000e+00
  4196	8.393000e+01	1.000000e+00
  4197	8.395000e+01	0.000000e+00
  4198	8.397000e+01	0.000000e+00
  4199	8.399000e+01	1.000000e+00
  4200	8.401000e+01	0.000000e+00
  4201	8.403000e+01	1.000000e+00
  4202	8.405000e+01	1.000000e+00
  4203	8.407000e+01	2.000000e+00
  4204	8.409000e+01	2.000000e+00
  4205	8.411000e+01	0.000000e+00
  4206	8.413000e+01	2.000000e+00
  4207	8.415000e+01	2.000000e+00
  4208	8.417000e+01	2.000000e+00
  4209	8.419000e+01	3.000000e+00
  4210	8.421000e+01	1.000000e+00
  4211	8.423000e+01	2.000000e+00
  4212	8.425000e+01	1.000000e+00
  4213	8.427000e+01	4.000000e+00
  4214	8.429000e+01	1.000000e+00
  4215	8.431000e+01	1.000000e+00
  4216	8.433000e+01	0.000000e+00
  4217	8.435000e+01	2.000000e+00
  4218	8.437000e+01	1.000000e+00
  4219	8.439000e+01	1.000000e+00
  4220	8.441000e+01	1.000000e+00
  4221	8.443000e+01	0.000000e+00
  4222	8.445000e+01	3.000000e+00
  4223	8.447000e+01	0.000000e+00
  4224	8.449000e+01	0.000000e+00
  4225	8.451000e+01	1.000000e+00
  4226	8.453000e+01	1.000000e+00
  4227	8.455000e+01	3.000000e+00
  4228	8.457000e+01	1.000000e+00
  4229	8.459000e+01	5.000000e+00
  4230	8.461000e+01	1.000000e+00
  4231	8.463000e+01	1.000000e+00
  4232	8.465000e+01	1.000000e+00
  4233	8.467000e+01	3.000000e+00
  4234	8.469000e+01	0.000000e+00
  4235	8.471000e+01	3.000000e+00
  4236	8.473000e+01	1.000000e+00
  4237	8.475000e+01	0.000000e+00
  4238	8.477000e+01	1.000000e+00
  4239	8.479000e+01	1.000000e+00
  4240	8.481000e+01	1.000000e+00
  4241	8.483000e+01	1.000000e+00
  4242	8.485000e+01	1.000000e+00
  4243	8.487000e+01	0.000000e+00
  4244	8.489000e+01	1.000000e+00
  4245	8.491000e+01	0.000000e+00
  4246	8.493000e+01	2.000000e+00
  4247	8.495000e+01	0.000000e+00
  4248	8.497000e+01	3.000000e+00
  4249	8.499000e+01	0.000000e+00
  4250	8.501000e+01	2.000000e+00
  4251	8.503000e+01	1.000000e+00
  4252	8.505000e+01	1.000000e+00
  4253	8.507000e+01	2.000000e+00
  4254	8.509000e+01	0.000000e+00
  4255	8.511000e+01	1.000000e+00
  4256	8.513000e+01	3.000000e+00
  4257	8.515000e+01	0.000000e+00
  4258	8.517000e+01	1.000000e+00
  4259	8.519000e+01	3.000000e+00
  4260	8.521000e+01	2.000000e+00
  4261	8.523000e+01	2.000000e+00
  4262	8.525000e+01	0.000000e+00
  4263	8.527000e+01	0.000000e+00
  4264	8.529000e+01	1.000000e+00
  4265	8.531000e+01	2.000000e+00
  4266	8.533000e+01	5.000000e+00
  4267	8.535000e+01	0.000000e+00
  4268	8.537000e+01	0.000000e+00
  4269	8.539000e+01	2.000000e+00
  4270	8.541000e+01	0.000000e+00
  4271	8.543000e+01	1.000000e+00
  4272	8.545000e+01	1.000000e+00
  4273	8.547000e+01	1.000000e+00
  4274	8.549000e+01	0.000000e+00
  4275	8.551000e+01	2.000000e+00
  4276	8.553000e+01	1.000000e+00
  4277	8.555000e+01	1.000000e+00
  4278	8.557000e+01	0.000000e+00
  4279	8.559000e+01	1.000000e+00
  4280	8.561000e+01	0.000000e+00
  4281	8.563000e+01	1.000000e+00
  4282	8.565000e+01	2.000000e+00
  4283	8.567000e+01	2.000000e+00
  4284	8.569000e+01	1.000000e+00
  4285	8.571000e+01	0.000000e+00
  4286	8.573000e+01	1.000000e+00
  4287	8.575000e+01	0.000000e+00
  4288	8.577000e+01	2.000000e+00
  4289	8.579000e+01	2.000000e+00
  4290	8.581000e+01	4.000000e+00
  4291	8.583000e+01	1.000000e+00
  4292	8.585000e+01	1.000000e+00
  4293	8.587000e+01	1.000000e+00
  4294	8.589000e+01	2.000000e+00
  4295	8.591000e+01	3.000000e+00
  4296	8.593000e+01	1.000000e+00
  4297	8.595000e+01	1.000000e+00
  4298	8.597000e+01	2.000000e+00
  4299	8.599000e+01	1.000000e+00
  4300	8.601000e+01	0.000000e+00
  4301	8.603000e+01	1.000000e+00
  4302	8.605000e+01	2.000000e+00
  4303	8.607000e+01	0.000000e+00
  4304	8.609000e+01	1.000000e+00
  4305	8.611000e+01	0.000000e+00
  4306	8.613000e+01	0.000000e+00
  4307	8.615000e+01	0.000000e+00
  4308	8.617000e+01	1.000000e+00
  4309	8.619000e+01	1.000000e+00
  4310	8.621000e+01	1.000000e+00
  4311	8.623000e+01	0.000000e+00
  4312	8.625000e+01	2.000000e+00
  4313	8.627000e+01	0.000000e+00
  4314	8.629000e+01	2.000000e+00
  4315	8.631000e+01	0.000000e+00
  4316	8.633000e+01	1.000000e+00
  4317	8.635000e+01	3.000000e+00
  4318	8.637000e+01	3.000000e+00
  4319	8.639000e+01	1.000000e+00
  4320	8.641000e+01	1.000000e+00
  4321	8.643000e+01	1.000000e+00
  4322	8.645000e+01	1.000000e+00
  4323	8.647000e+01	1.000000e+00
  4324	8.649000e+01	3.000000e+00
  4325	8.651000e+01	0.000000e+00
  4326	8.653000e+01	2.000000e+00
  4327	8.655000e+01	0.000000e+00
  4328	8.657000e+01	1.000000e+00
  4329	8.659000e+01	1.000000e+00
  4330	8.661000e+01	2.000000e+00
  4331	8.663000e+01	1.000000e+00
  4332	8.665000e+01	1.000000e+00
  4333	8.667000e+01	0.000000e+00
  4334	8.669000e+01	1.000000e+00
  4335	8.671000e+01	1.000000e+00
  4336	8.673000e+01	0.000000e+00
  4337	8.675000e+01	3.000000e+00
  4338	8.677000e+01	2.000000e+00
  4339	8.679000e+01	0.000000e+00
  4340	8.681000e+01	0.000000e+00
  4341	8.683000e+01	1.000000e+00
  4342	8.685000e+01	1.000000e+00
  4343	8.687000e+01	2.000000e+00
  4344	8.689000e+01	3.000000e+00
  4345	8.691000e+01	2.000000e+00
  4346	8.693000e+01	0.000000e+00
  4347	8.695000e+01	1.000000e+00
  4348	8.697000e+01	0.000000e+00
  4349	8.699000e+01	2.000000e+00
  4350	8.701000e+01	3.000000e+00
  4351	8.703000e+01	0.000000e+00
  4352	8.705000e+01	3.000000e+00
  4353	8.707000e+01	1.000000e+00
  4354	8.709000e+01	0.000000e+00
  4355	8.711000e+01	1.000000e+00
  4356	8.713000e+01	0.000000e+00
  4357	8.715000e+01	1.000000e+00
  4358	8.717000e+01	0.000000e+00
  4359	8.719000e+01	0.000000e+00
  4360	8.721000e+01	1.000000e+00
  4361	8.723000e+01	1.000000e+00
  4362	8.725000e+01	1.000000e+00
  4363	8.727000e+01	0.000000e+00
  4364	8.729000e+01	2.000000e+00
  4365	8.731000e+01	1.000000e+00
  4366	8.733000e+01	1.000000e+00
  4367	8.735000e+01	1.000000e+00
  4368	8.737000e+01	0.000000e+00
  4369	8.739000e+01	1.000000e+00
  4370	8.741000e+01	1.000000e+00
  4371	8.743000e+01	0.000000e+00
  4372	8.745000e+01	1.000000e+00
  4373	8.747000e+01	1.000000e+00
  4374	8.749000e+01	0.000000e+00
  4375	8.751000e+01	1.000000e+00
  4376	8.753000e+01	1.000000e+00
  4377	8.755000e+01	2.000000e+00
  4378	8.757000e+01	1.000000e+00
  4379	8.759000e+01	0.000000e+00
  4380	8.761000e+01	0.000000e+00
  4381	8.763000e+01	1.000000e+00
  4382	8.765000e+01	1.000000e+00
  4383	8.767000e+01	0.000000e+00
  4384	8.769000e+01	0.000000e+00
  4385	8.771000e+01	0.000000e+00
  4386	8.773000e+01	3.000000e+00
  4387	8.775000e+01	3.000000e+00
  4388	8.777000e+01	1.000000e+00
  4389	8.779000e+01	1.000000e+00
  4390	8.781000e+01	2.000000e+00
  4391	8.783000e+01	1.000000e+00
  4392	8.785000e+01	0.000000e+00
  4393	8.787000e+01	1.000000e+00
  4394	8.789000e+01	2.000000e+00
  4395	8.791000e+01	0.000000e+00
  4396	8.793000e+01	0.000000e+00
  4397	8.795000e+01	1.000000e+00
  4398	8.797000e+01	0.000000e+00
  4399	8.799000e+01	1.000000e+00
  4400	8.801000e+01	1.000000e+00
  4401	8.803000e+01	0.000000e+00
  4402	8.805000e+01	0.000000e+00
  4403	8.807000e+01	0.000000e+00
  4404	8.809000e+01	1.000000e+00
  4405	8.811000e+01	1.000000e+00
  4406	8.813000e+01	1.000000e+00
  4407	8.815000e+01	1.000000e+00
  4408	8.817000e+01	1.000000e+00
  4409	8.819000e+01	2.000000e+00
  4410	8.821000e+01	2.000000e+00
  4411	8.823000e+01	0.000000e+00
  4412	8.825000e+01	0.000000e+00
  4413	8.827000e+01	0.000000e+00
  4414	8.829000e+01	0.000000e+00
  4415	8.831000e+01	0.000000e+00
  4416	8.833000e+01	0.000000e+00
  4417	8.835000e+01	1.000000e+00
  4418	8.837000e+01	0.000000e+00
  4419	8.839000e+01	1.000000e+00
  4420	8.841000e+01	0.000000e+00
  4421	8.843000e+01	3.000000e+00
  4422	8.845000e+01	2.000000e+00
  4423	8.847000e+01	0.000000e+00
  4424	8.849000e+01	0.000000e+00
  4425	8.851000e+01	2.000000e+00
  4426	8.853000e+01	1.000000e+00
  4427	8.855000e+01	2.000000e+00
  4428	8.857000e+01	0.000000e+00
  4429	8.859000e+01	1.000000e+00
  4430	8.861000e+01	1.000000e+00
  4431	8.863000e+01	2.000000e+00
  4432	8.865000e+01	0.000000e+00
  4433	8.867000e+01	1.000000e+00
  4434	8.869000e+01	0.000000e+00
  4435	8.871000e+01	1.000000e+00
  4436	8.873000e+01	0.000000e+00
  4437	8.875000e+01	0.000000e+00
  4438	8.877000e+01	1.000000e+00
  4439	8.879000e+01	1.000000e+00
  4440	8.881000e+01	2.000000e+00
  4441	8.883000e+01	0.000000e+00
  4442	8.885000e+01	2.000000e+00
  4443	8.887000e+01	0.000000e+00
  4444	8.889000e+01	1.000000e+00
  4445	8.891000e+01	1.000000e+00
  4446	8.893000e+01	1.000000e+00
  4447	8.895000e+01	1.000000e+00
  4448	8.897000e+01	2.000000e+00
  4449	8.899000e+01	0.000000e+00
  4450	8.901000e+01	0.000000e+00
  4451	8.903000e+01	1.000000e+00
  4452	8.905000e+01	0.000000e+00
  4453	8.907000e+01	0.000000e+00
  4454	8.909000e+01	0.000000e+00
  4455	8.911000e+01	1.000000e+00
  4456	8.913000e+01	0.000000e+00
  4457	8.915000e+01	0.000000e+00
  4458	8.917000e+01	2.000000e+00
  4459	8.919000e+01	0.000000e+00
  4460	8.921000e+01	0.000000e+00
  4461	8.923000e+01	0.000000e+00
  4462	8.925000e+01	0.000000e+00
  4463	8.927000e+01	1.000000e+00
  4464	8.929000e+01	0.000000e+00
  4465	8.931000e+01	0.000000e+00
  4466	8.933000e+01	0.000000e+00
  4467	8.935000e+01	1.000000e+00
  4468	8.937000e+01	1.000000e+00
  4469	8.939000e+01	0.000000e+00
  4470	8.941000e+01	0.000000e+00
  4471	8.943000e+01	1.000000e+00
  4472	8.945000e+01	0.000000e+00
  4473	8.947000e+01	1.000000e+00
  4474	8.949000e+01	1.000000e+00
  4475	8.951000e+01	1.000000e+00
  4476	8.953000e+01	0.000000e+00
  4477	8.955000e+01	0.000000e+00
  4478	8.957000e+01	0.000000e+00
  4479	8.959000e+01	1.000000e+00
  4480	8.961000e+01	2.000000e+00
  4481	8.963000e+01	0.000000e+00
  4482	8.965000e+01	1.000000e+00
  4483	8.967000e+01	1.000000e+00
  4484	8.969000e+01	3.000000e+00
  4485	8.971000e+01	0.000000e+00
  4486	8.973000e+01	0.000000e+00
  4487	8.975000e+01	0.000000e+00
  4488	8.977000e+01	1.000000e+00
  4489	8.979000e+01	2.000000e+00
  4490	8.981000e+01	0.000000e+00
  4491	8.983000e+01	0.000000e+00
  4492	8.985000e+01	2.000000e+00
  4493	8.987000e+01	2.000000e+00
  4494	8.989000e+01	0.000000e+00
  4495	8.991000e+01	1.000000e+00
  4496	8.993000e+01	0.000000e+00
  4497	8.995000e+01	2.000000e+00
  4498	8.997000e+01	1.000000e+00
  4499	8.999000e+01	2.000000e+00
  4500	9.001000e+01	0.000000e+00
  4501	9.003000e+01	0.000000e+00
  4502	9.005000e+01	1.000000e+00
  4503	9.007000e+01	1.000000e+00
  4504	9.009000e+01	0.000000e+00
  4505	9.011000e+01	1.000000e+00
  4506	9.013000e+01	0.000000e+00
  4507	9.015000e+01	0.000000e+00
  4508	9.017000e+01	1.000000e+00
  4509	9.019000e+01	0.000000e+00
  4510	9.021000e+01	2.000000e+00
  4511	9.023000e+01	0.000000e+00
  4512	9.025000e+01	2.000000e+00
  4513	9.027000e+01	1.000000e+00
  4514	9.029000e+01	1.000000e+00
  4515	9.031000e+01	1.000000e+00
  4516	9.033000e+01	0.000000e+00
  4517	9.035000e+01	0.000000e+00
  4518	9.037000e+01	3.000000e+00
  4519	9.039000e+01	0.000000e+00
  4520	9.041000e+01	0.000000e+00
  4521	9.043000e+01	1.000000e+00
  4522	9.045000e+01	1.000000e+00
  4523	9.047000e+01	1.000000e+00
  4524	9.049000e+01	0.000000e+00
  4525	9.051000e+01	0.000000e+00
  4526	9.053000e+01	0.000000e+00
  4527	9.055000e+01	1.000000e+00
  4528	9.057000e+01	0.000000e+00
  4529	9.059000e+01	0.000000e+00
  4530	9.061000e+01	0.000000e+00
  4531	9.063000e+01	0.000000e+00
  4532	9.065000e+01	0.000000e+00
  4533	9.067000e+01	1.000000e+00
  4534	9.069000e+01	2.000000e+00
  4535	9.071000e+01	1.000000e+00
  4536	9.073000e+01	0.000000e+00
  4537	9.075000e+01	0.000000e+00
  4538	9.077000e+01	0.000000e+00
  4539	9.079000e+01	0.000000e+00
  4540	9.081000e+01	0.000000e+00
  4541	9.083000e+01	1.000000e+00
  4542	9.085000e+01	0.000000e+00
  4543	9.087000e+01	0.000000e+00
  4544	9.089000e+01	0.000000e+00
  4545	9.091000e+01	1.000000e+00
  4546	9.093000e+01	1.000000e+00
  4547	9.095000e+01	1.000000e+00
  4548	9.097000e+01	1.000000e+00
  4549	9.099000e+01	0.000000e+00
  4550	9.101000e+01	0.000000e+00
  4551	9.103000e+01	0.000000e+00
  4552	9.105000e+01	0.000000e+00
  4553	9.107000e+01	0.000000e+00
  4554	9.109000e+01	0.000000e+00
  4555	9.111000e+01	2.000000e+00
  4556	9.113000e+01	0.000000e+00
  4557	9.115000e+01	0.000000e+00
  4558	9.117000e+01	2.000000e+00
  4559	9.119000e+01	0.000000e+00
  4560	9.121000e+01	1.000000e+00
  4561	9.123000e+01	1.000000e+00
  4562	9.125000e+01	1.000000e+00
  4563	9.127000e+01	1.000000e+00
  4564	9.129000e+01	2.000000e+00
  4565	9.131000e+01	0.000000e+00
  4566	9.133000e+01	1.000000e+00
  4567	9.135000e+01	3.000000e+00
  4568	9.137000e+01	0.000000e+00
  4569	9.139000e+01	1.000000e+00
  4570	9.141000e+01	0.000000e+00
  4571	9.143000e+01	0.000000e+00
  4572	9.145000e+01	1.000000e+00
  4573	9.147000e+01	0.000000e+00
  4574	9.149000e+01	0.000000e+00
  4575	9.151000e+01	0.000000e+00
  4576	9.153000e+01	0.000000e+00
  4577	9.155000e+01	0.000000e+00
  4578	9.157000e+01	0.000000e+00
  4579	9.159000e+01	0.000000e+00
  4580	9.161000e+01	0.000000e+00
  4581	9.163000e+01	1.000000e+00
  4582	9.165000e+01	0.000000e+00
  4583	9.167000e+01	1.000000e+00
  4584	9.169000e+01	0.000000e+00
  4585	9.171000e+01	0.000000e+00
  4586	9.173000e+01	0.000000e+00
  4587	9.175000e+01	1.000000e+00
  4588	9.177000e+01	0.000000e+00
  4589	9.179000e+01	0.000000e+00
  4590	9.181000e+01	0.000000e+00
  4591	9.183000e+01	0.000000e+00
  4592	9.185000e+01	0.000000e+00
  4593	9.187000e+01	1.000000e+00
  4594	9.189000e+01	0.000000e+00
  4595	9.191000e+01	0.000000e+00
  4596	9.193000e+01	1.000000e+00
  4597	9.195000e+01	0.000000e+00
  4598	9.197000e+01	0.000000e+00
  4599	9.199000e+01	0.000000e+00
  4600	9.201000e+01	1.000000e+00
  4601	9.203000e+01	0.000000e+00
  4602	9.205000e+01	0.000000e+00
  4603	9.207000e+01	1.000000e+00
  4604	9.209000e+01	0.000000e+00
  4605	9.211000e+01	0.000000e+00
  4606	9.213000e+01	0.000000e+00
  4607	9.215000e+01	1.000000e+00
  4608	9.217000e+01	0.000000e+00
  4609	9.219000e+01	0.000000e+00
  4610	9.221000e+01	1.000000e+00
  4611	9.223000e+01	0.000000e+00
  4612	9.225000e+01	2.000000e+00
  4613	9.227000e+01	1.000000e+00
  4614	9.229000e+01	1.000000e+00
  4615	9.231000e+01	0.000000e+00
  4616	9.233000e+01	1.000000e+00
  4617	9.235000e+01	0.000000e+00
  4618	9.237000e+01	1.000000e+00
  4619	9.239000e+01	2.000000e+00
  4620	9.241000e+01	0.000000e+00
  4621	9.243000e+01	3.000000e+00
  4622	9.245000e+01	1.000000e+00
  4623	9.247000e+01	0.000000e+00
  4624	9.249000e+01	1.000000e+00
  4625	9.251000e+01	0.000000e+00
  4626	9.253000e+01	0.000000e+00
  4627	9.255000e+01	0.000000e+00
  4628	9.257000e+01	1.000000e+00
  4629	9.259000e+01	0.000000e+00
  4630	9.261000e+01	0.000000e+00
  4631	9.263000e+01	0.000000e+00
  4632	9.265000e+01	0.000000e+00
  4633	9.267000e+01	0.000000e+00
  4634	9.269000e+01	0.000000e+00
  4635	9.271000e+01	2.000000e+00
  4636	9.273000e+01	0.000000e+00
  4637	9.275000e+01	0.000000e+00
  4638	9.277000e+01	0.000000e+00
  4639	9.279000e+01	0.000000e+00
  4640	9.281000e+01	0.000000e+00
  4641	9.283000e+01	0.000000e+00
  4642	9.285000e+01	0.000000e+00
  4643	9.287000e+01	0.000000e+00
  4644	9.289000e+01	0.000000e+00
  4645	9.291000e+01	0.000000e+00
  4646	9.293000e+01	0.000000e+00
  4647	9.295000e+01	1.000000e+00
  4648	9.297000e+01	0.000000e+00
  4649	9.299000e+01	0.000000e+00
  4650	9.301000e+01	1.000000e+00
  4651	9.303000e+01	0.000000e+00
  4652	9.305000e+01	0.000000e+00
  4653	9.307000e+01	0.000000e+00
  4654	9.309000e+01	0.000000e+00
  4655	9.311000e+01	0.000000e+00
  4656	9.313000e+01	2.000000e+00
  4657	9.315000e+01	0.000000e+00
  4658	9.317000e+01	0.000000e+00
  4659	9.319000e+01	0.000000e+00
  4660	9.321000e+01	0.000000e+00
  4661	9.323000e+01	0.000000e+00
  4662	9.325000e+01	0.000000e+00
  4663	9.327000e+01	0.000000e+00
  4664	9.329000e+01	0.000000e+00
  4665	9.331000e+01	0.000000e+00
  4666	9.333000e+01	0.000000e+00
  4667	9.335000e+01	0.000000e+00
  4668	9.337000e+01	0.000000e+00
  4669	9.339000e+01	0.000000e+00
  4670	9.341000e+01	0.000000e+00
  4671	9.343000e+01	0.000000e+00
  4672	9.345000e+01	0.000000e+00
  4673	9.347000e+01	0.000000e+00
  4674	9.349000e+01	2.000000e+00
  4675	9.351000e+01	1.000000e+00
  4676	9.353000e+01	0.000000e+00
  4677	9.355000e+01	0.000000e+00
  4678	9.357000e+01	0.000000e+00
  4679	9.359000e+01	0.000000e+00
  4680	9.361000e+01	0.000000e+00
  4681	9.363000e+01	0.000000e+00
  4682	9.365000e+01	1.000000e+00
  4683	9.367000e+01	1.000000e+00
  4684	9.369000e+01	0.000000e+00
  4685	9.371000e+01	1.000000e+00
  4686	9.373000e+01	0.000000e+00
  4687	9.375000e+01	0.000000e+00
  4688	9.377000e+01	0.000000e+00
  4689	9.379000e+01	1.000000e+00
  4690	9.381000e+01	0.000000e+00
  4691	9.383000e+01	1.000000e+00
  4692	9.385000e+01	0.000000e+00
  4693	9.387000e+01	0.000000e+00
  4694	9.389000e+01	2.000000e+00
  4695	9.391000e+01	0.000000e+00
  4696	9.393000e+01	0.000000e+00
  4697	9.395000e+01	1.000000e+00
  4698	9.397000e+01	0.000000e+00
  4699	9.399000e+01	0.000000e+00
  4700	9.401000e+01	1.000000e+00
  4701	9.403000e+01	0.000000e+00
  4702	9.405000e+01	1.000000e+00
  4703	9.407000e+01	0.000000e+00
  4704	9.409000e+01	0.000000e+00
  4705	9.411000e+01	0.000000e+00
  4706	9.413000e+01	0.000000e+00
  4707	9.415000e+01	0.000000e+00
  4708	9.417000e+01	1.000000e+00
  4709	9.419000e+01	2.000000e+00
  4710	9.421000e+01	0.000000e+00
  4711	9.423000e+01	0.000000e+00
  4712	9.425000e+01	0.000000e+00
  4713	9.427000e+01	0.000000e+00
  4714	9.429000e+01	1.000000e+00
  4715	9.431000e+01	0.000000e+00
  4716	9.433000e+01	0.000000e+00
  4717	9.435000e+01	2.000000e+00
  4718	9.437000e+01	1.000000e+00
  4719	9.439000e+01	1.000000e+00
  4720	9.441000e+01	0.000000e+00
  4721	9.443000e+01	0.000000e+00
  4722	9.445000e+01	0.000000e+00
  4723	9.447000e+01	0.000000e+00
  4724	9.449000e+01	0.000000e+00
  4725	9.451000e+01	0.000000e+00
  4726	9.453000e+01	0.000000e+00
  4727	9.455000e+01	0.000000e+00
  4728	9.457000e+01	1.000000e+00
  4729	9.459000e+01	0.000000e+00
  4730	9.461000e+01	0.000000e+00
  4731	9.463000e+01	1.000000e+00
  4732	9.465000e+01	0.000000e+00
  4733	9.467000e+01	2.000000e+00
  4734	9.469000e+01	0.000000e+00
  4735	9.471000e+01	0.000000e+00
  4736	9.473000e+01	0.000000e+00
  4737	9.475000e+01	0.000000e+00
  4738	9.477000e+01	1.000000e+00
  4739	9.479000e+01	0.000000e+00
  4740	9.481000e+01	0.000000e+00
  4741	9.483000e+01	0.000000e+00
  4742	9.485000e+01	1.000000e+00
  4743	9.487000e+01	0.000000e+00
  4744	9.489000e+01	1.000000e+00
  4745	9.491000e+01	2.000000e+00
  4746	9.493000e+01	1.000000e+00
  4747	9.495000e+01	0.000000e+00
  4748	9.497000e+01	0.000000e+00
  4749	9.499000e+01	0.000000e+00
  4750	9.501000e+01	0.000000e+00
  4751	9.503000e+01	0.000000e+00
  4752	9.505000e+01	1.000000e+00
  4753	9.507000e+01	0.000000e+00
  4754	9.509000e+01	0.000000e+00
  4755	9.511000e+01	0.000000e+00
  4756	9.513000e+01	0.000000e+00
  4757	9.515000e+01	0.000000e+00
  4758	9.517000e+01	0.000000e+00
  4759	9.519000e+01	0.000000e+00
  4760	9.521000e+01	0.000000e+00
  4761	9.523000e+01	0.000000e+00
  4762	9.525000e+01	0.000000e+00
  4763	9.527000e+01	0.000000e+00
  4764	9.529000e+01	0.000000e+00
  4765	9.531000e+01	0.000000e+00
  4766	9.533000e+01	1.000000e+00
  4767	9.535000e+01	0.000000e+00
  4768	9.537000e+01	1.000000e+00
  4769	9.539000e+01	1.000000e+00
  4770	9.541000e+01	0.000000e+00
  4771	9.543000e+01	0.000000e+00
  4772	9.545000e+01	0.000000e+00
  4773	9.547000e+01	0.000000e+00
  4774	9.549000e+01	0.000000e+00
  4775	9.551000e+01	0.000000e+00
  4776	9.553000e+01	2.000000e+00
  4777	9.555000e+01	0.000000e+00
  4778	9.557000e+01	0.000000e+00
  4779	9.559000e+01	0.000000e+00
  4780	9.561000e+01	0.000000e+00
  4781	9.563000e+01	0.000000e+00
  4782	9.565000e+01	0.000000e+00
  4783	9.567000e+01	0.000000e+00
  4784	9.569000e+01	0.000000e+00
  4785	9.571000e+01	0.000000e+00
  4786	9.573000e+01	0.000000e+00
  4787	9.575000e+01	0.000000e+00
  4788	9.577000e+01	0.000000e+00
  4789	9.579000e+01	0.000000e+00
  4790	9.581000e+01	0.000000e+00
  4791	9.583000e+01	0.000000e+00
  4792	9.585000e+01	0.000000e+00
  4793	9.587000e+01	0.000000e+00
  4794	9.589000e+01	0.000000e+00
  4795	9.591000e+01	0.000000e+00
  4796	9.593000e+01	0.000000e+00
  4797	9.595000e+01	0.000000e+00
  4798	9.597000e+01	1.000000e+00
  4799	9.599000e+01	1.000000e+00
  4800	9.601000e+01	0.000000e+00
  4801	9.603000e+01	0.000000e+00
  4802	9.605000e+01	0.000000e+00
  4803	9.607000e+01	1.000000e+00
  4804	9.609000e+01	1.000000e+00
  4805	9.611000e+01	0.000000e+00
  4806	9.613000e+01	0.000000e+00
  4807	9.615000e+01	1.000000e+00
  4808	9.617000e+01	0.000000e+00
  4809	9.619000e+01	1.000000e+00
  4810	9.621000e+01	0.000000e+00
  4811	9.623000e+01	0.000000e+00
  4812	9.625000e+01	0.000000e+00
  4813	9.627000e+01	0.000000e+00
  4814	9.629000e+01	1.000000e+00
  4815	9.631000e+01	0.000000e+00
  4816	9.633000e+01	0.000000e+00
  4817	9.635000e+01	1.000000e+00
  4818	9.637000e+01	0.000000e+00
  4819	9.639000e+01	1.000000e+00
  4820	9.641000e+01	0.000000e+00
  4821	9.643000e+01	0.000000e+00
  4822	9.645000e+01	0.000000e+00
  4823	9.647000e+01	1.000000e+00
  4824	9.649000e+01	0.000000e+00
  4825	9.651000e+01	1.000000e+00
  4826	9.653000e+01	1.000000e+00
  4827	9.655000e+01	0.000000e+00
  4828	9.657000e+01	0.000000e+00
  4829	9.659000e+01	1.000000e+00
  4830	9.661000e+01	0.000000e+00
  4831	9.663000e+01	0.000000e+00
  4832	9.665000e+01	0.000000e+00
  4833	9.667000e+01	0.000000e+00
  4834	9.669000e+01	0.000000e+00
  4835	9.671000e+01	0.000000e+00
  4836	9.673000e+01	0.000000e+00
  4837	9.675000e+01	0.000000e+00
  4838	9.677000e+01	0.000000e+00
  4839	9.679000e+01	0.000000e+00
  4840	9.681000e+01	0.000000e+00
  4841	9.683000e+01	0.000000e+00
  4842	9.685000e+01	0.000000e+00
  4843	9.687000e+01	0.000000e+00
  4844	9.689000e+01	0.000000e+00
  4845	9.691000e+01	0.000000e+00
  4846	9.693000e+01	1.000000e+00
  4847	9.695000e+01	0.000000e+00
  4848	9.697000e+01	0.000000e+00
  4849	9.699000e+01	0.000000e+00
  4850	9.701000e+01	0.000000e+00
  4851	9.703000e+01	0.000000e+00
  4852	9.705000e+01	0.000000e+00
  4853	9.707000e+01	0.000000e+00
  4854	9.709000e+01	0.000000e+00
  4855	9.711000e+01	0.000000e+00
  4856	9.713000e+01	0.000000e+00
  4857	9.715000e+01	0.000000e+00
  4858	9.717000e+01	0.000000e+00
  4859	9.719000e+01	0.000000e+00
  4860	9.721000e+01	0.000000e+00
  4861	9.723000e+01	0.000000e+00
  4862	9.725000e+01	0.000000e+00
  4863	9.727000e+01	0.000000e+00
  4864	9.729000e+01	0.000000e+00
  4865	9.731000e+01	1.000000e+00
  4866	9.733000e+01	0.000000e+00
  4867	9.735000e+01	0.000000e+00
  4868	9.737000e+01	2.000000e+00
  4869	9.739000e+01	0.000000e+00
  4870	9.741000e+01	1.000000e+00
  4871	9.743000e+01	0.000000e+00
  4872	9.745000e+01	0.000000e+00
  4873	9.747000e+01	2.000000e+00
  4874	9.749000e+01	0.000000e+00
  4875	9.751000e+01	0.000000e+00
  4876	9.753000e+01	0.000000e+00
  4877	9.755000e+01	0.000000e+00
  4878	9.757000e+01	0.000000e+00
  4879	9.759000e+01	0.000000e+00
  4880	9.761000e+01	2.000000e+00
  4881	9.763000e+01	0.000000e+00
  4882	9.765000e+01	1.000000e+00
  4883	9.767000e+01	0.000000e+00
  4884	9.769000e+01	0.000000e+00
  4885	9.771000e+01	0.000000e+00
  4886	9.773000e+01	1.000000e+00
  4887	9.775000e+01	2.000000e+00
  4888	9.777000e+01	0.000000e+00
  4889	9.779000e+01	0.000000e+00
  4890	9.781000e+01	0.000000e+00
  4891	9.783000e+01	0.000000e+00
  4892	9.785000e+01	0.000000e+00
  4893	9.787000e+01	0.000000e+00
  4894	9.789000e+01	0.000000e+00
  4895	9.791000e+01	0.000000e+00
  4896	9.793000e+01	0.000000e+00
  4897	9.795000e+01	0.000000e+00
  4898	9.797000e+01	0.000000e+00
  4899	9.799000e+01	0.000000e+00
  4900	9.801000e+01	0.000000e+00
  4901	9.803000e+01	0.000000e+00
  4902	9.805000e+01	0.000000e+00
  4903	9.807000e+01	0.000000e+00
  4904	9.809000e+01	0.000000e+00
  4905	9.811000e+01	1.000000e+00
  4906	9.813000e+01	0.000000e+00
  4907	9.815000e+01	1.000000e+00
  4908	9.817000e+01	0.000000e+00
  4909	9.819000e+01	0.000000e+00
  4910	9.821000e+01	0.000000e+00
  4911	9.823000e+01	0.000000e+00
  4912	9.825000e+01	0.000000e+00
  4913	9.827000e+01	0.000000e+00
  4914	9.829000e+01	0.000000e+00
  4915	9.831000e+01	0.000000e+00
  4916	9.833000e+01	0.000000e+00
  4917	9.835000e+01	0.000000e+00
  4918	9.837000e+01	0.000000e+00
  4919	9.839000e+01	0.000000e+00
  4920	9.841000e+01	0.000000e+00
  4921	9.843000e+01	0.000000e+00
  4922	9.845000e+01	0.000000e+00
  4923	9.847000e+01	0.000000e+00
  4924	9.849000e+01	0.000000e+00
  4925	9.851000e+01	0.000000e+00
  4926	9.853000e+01	0.000000e+00
  4927	9.855000e+01	1.000000e+00
  4928	9.857000e+01	0.000000e+00
  4929	9.859000e+01	0.000000e+00
  4930	9.861000e+01	0.000000e+00
  4931	9.863000e+01	0.000000e+00
  4932	9.865000e+01	0.000000e+00
  4933	9.867000e+01	0.000000e+00
  4934	9.869000e+01	1.000000e+00
  4935	9.871000e+01	0.000000e+00
  4936	9.873000e+01	1.000000e+00
  4937	9.875000e+01	0.000000e+00
  4938	9.877000e+01	0.000000e+00
  4939	9.879000e+01	0.000000e+00
  4940	9.881000e+01	0.000000e+00
  4941	9.883000e+01	0.000000e+00
  4942	9.885000e+01	0.000000e+00
  4943	9.887000e+01	0.000000e+00
  4944	9.889000e+01	1.000000e+00
  4945	9.891000e+01	0.000000e+00
  4946	9.893000e+01	0.000000e+00
  4947	9.895000e+01	0.000000e+00
  4948	9.897000e+01	0.000000e+00
  4949	9.899000e+01	0.000000e+00
  4950	9.901000e+01	1.000000e+00
  4951	9.903000e+01	0.000000e+00
  4952	9.905000e+01	0.000000e+00
  4953	9.907000e+01	0.000000e+00
  4954	9.909000e+01	0.000000e+00
  4955	9.911000e+01	0.000000e+00
  4956	9.913000e+01	0.000000e+00
  4957	9.915000e+01	1.000000e+00
  4958	9.917000e+01	0.000000e+00
  4959	9.919000e+01	0.000000e+00
  4960	9.921000e+01	0.000000e+00
  4961	9.923000e+01	0.000000e+00
  4962	9.925000e+01	0.000000e+00
  4963	9.927000e+01	0.000000e+00
  4964	9.929000e+01	1.000000e+00
  4965	9.931000e+01	0.000000e+00
  4966	9.933000e+01	0.000000e+00
  4967	9.935000e+01	0.000000e+00
  4968	9.937000e+01	0.000000e+00
  4969	9.939000e+01	0.000000e+00
  4970	9.941000e+01	0.000000e+00
  4971	9.943000e+01	1.000000e+00
  4972	9.945000e+01	0.000000e+00
  4973	9.947000e+01	0.000000e+00
  4974	9.949000e+01	1.000000e+00
  4975	9.951000e+01	0.000000e+00
  4976	9.953000e+01	1.000000e+00
  4977	9.955000e+01	0.000000e+00
  4978	9.957000e+01	0.000000e+00
  4979	9.959000e+01	0.000000e+00
  4980	9.961000e+01	0.000000e+00
  4981	9.963000e+01	0.000000e+00
  4982	9.965000e+01	0.000000e+00
  4983	9.967000e+01	0.000000e+00
  4984	9.969000e+01	0.000000e+00
  4985	9.971000e+01	1.000000e+00
  4986	9.973000e+01	0.000000e+00
  4987	9.975000e+01	0.000000e+00
  4988	9.977000e+01	0.000000e+00
  4989	9.979000e+01	0.000000e+00
  4990	9.981000e+01	0.000000e+00
  4991	9.983000e+01	0.000000e+00
  4992	9.985000e+01	0.000000e+00
  4993	9.987000e+01	0.000000e+00
  4994	9.989000e+01	0.000000e+00
  4995	9.991000e+01	0.000000e+00
  4996	9.993000e+01	0.000000e+00
  4997	9.995000e+01	0.000000e+00
  4998	9.997000e+01	0.000000e+00
  4999	9.999000e+01	0.000000e+00
  5000	1.000100e+02	0.000000e+00
  5001	1.000300e+02	0.000000e+00
  5002	1.000500e+02	0.000000e+00
  5003	1.000700e+02	1.000000e+00
  5004	1.000900e+02	0.000000e+00
  5005	1.001100e+02	0.000000e+00
  5006	1.001300e+02	0.000000e+00
  5007	1.001500e+02	0.000000e+00
  5008	1.001700e+02	0.000000e+00
  5009	1.001900e+02	0.000000e+00
  5010	1.002100e+02	0.000000e+00
  5011	1.002300e+02	0.000000e+00
  5012	1.002500e+02	0.000000e+00
  5013	1.002700e+02	0.000000e+00
  5014	1.002900e+02	0.000000e+00
  5015	1.003100e+02	0.000000e+00
  5016	1.003300e+02	0.000000e+00
  5017	1.003500e+02	1.000000e+00
  5018	1.003700e+02	0.000000e+00
  5019	1.003900e+02	1.000000e+00
  5020	1.004100e+02	0.000000e+00
  5021	1.004300e+02	0.000000e+00
  5022	1.004500e+02	0.000000e+00
  5023	1.004700e+02	1.000000e+00
  5024	1.004900e+02	0.000000e+00
  5025	1.005100e+02	0.000000e+00
  5026	1.005300e+02	0.000000e+00
  5027	1.005500e+02	0.000000e+00
  5028	1.005700e+02	0.000000e+00
  5029	1.005900e+02	0.000000e+00
  5030	1.006100e+02	1.000000e+00
  5031	1.006300e+02	0.000000e+00
  5032	1.006500e+02	1.000000e+00
  5033	1.006700e+02	0.000000e+00
  5034	1.006900e+02	0.000000e+00
  5035	1.007100e+02	0.000000e+00
  5036	1.007300e+02	0.000000e+00
  5037	1.007500e+02	0.000000e+00
  5038	1.007700e+02	0.000000e+00
  5039	1.007900e+02	0.000000e+00
  5040	1.008100e+02	0.000000e+00
  5041	1.008300e+02	0.000000e+00
  5042	1.008500e+02	0.000000e+00
  5043	1.008700e+02	0.000000e+00
  5044	1.008900e+02	0.000000e+00
  5045	1.009100e+02	0.000000e+00
  5046	1.009300e+02	0.000000e+00
  5047	1.009500e+02	0.000000e+00
  5048	1.009700e+02	0.000000e+00
  5049	1.009900e+02	0.000000e+00
  5050	1.010100e+02	0.000000e+00
  5051	1.010300e+02	0.000000e+00
  5052	1.010500e+02	0.000000e+00
  5053	1.010700e+02	0.000000e+00
  5054	1.010900e+02	0.000000e+00
  5055	1.011100e+02	1.000000e+00
  5056	1.011300e+02	0.000000e+00
  5057	1.011500e+02	0.000000e+00
  5058	1.011700e+02	0.000000e+00
  5059	1.011900e+02	0.000000e+00
  5060	1.012100e+02	0.000000e+00
  5061	1.012300e+02	0.000000e+00
  5062	1.012500e+02	0.000000e+00
  5063	1.012700e+02	1.000000e+00
  5064	1.012900e+02	0.000000e+00
  5065	1.013100e+02	0.000000e+00
  5066	1.013300e+02	0.000000e+00
  5067	1.013500e+02	0.000000e+00
  5068	1.013700e+02	0.000000e+00
  5069	1.013900e+02	0.000000e+00
  5070	1.014100e+02	0.000000e+00
  5071	1.014300e+02	0.000000e+00
  5072	1.014500e+02	0.000000e+00
  5073	1.014700e+02	0.000000e+00
  5074	1.014900e+02	0.000000e+00
  5075	1.015100e+02	0.000000e+00
  5076	1.015300e+02	0.000000e+00
  5077	1.015500e+02	0.000000e+00
  5078	1.015700e+02	0.000000e+00
  5079	1.015900e+02	0.000000e+00
  5080	1.016100e+02	0.000000e+00
  5081	1.016300e+02	1.000000e+00
  5082	1.016500e+02	0.000000e+00
  5083	1.016700e+02	0.000000e+00
  5084	1.016900e+02	1.000000e+00
  5085	1.017100e+02	1.000000e+00
  5086	1.017300e+02	0.000000e+00
  5087	1.017500e+02	0.000000e+00
  5088	1.017700e+02	0.000000e+00
  5089	1.017900e+02	0.000000e+00
  5090	1.018100e+02	0.000000e+00
  5091	1.018300e+02	0.000000e+00
  5092	1.018500e+02	0.000000e+00
  5093	1.018700e+02	0.000000e+00
  5094	1.018900e+02	0.000000e+00
  5095	1.019100e+02	0.000000e+00
  5096	1.019300e+02	0.000000e+00
  5097	1.019500e+02	0.000000e+00
  5098	1.019700e+02	0.000000e+00
  5099	1.019900e+02	0.000000e+00
  5100	1.020100e+02	0.000000e+00
  5101	1.020300e+02	0.000000e+00
  5102	1.020500e+02	0.000000e+00
  5103	1.020700e+02	1.000000e+00
  5104	1.020900e+02	0.000000e+00
  5105	1.021100e+02	0.000000e+00
  5106	1.021300e+02	0.000000e+00
  5107	1.021500e+02	0.000000e+00
  5108	1.021700e+02	0.000000e+00
  5109	1.021900e+02	1.000000e+00
  5110	1.022100e+02	0.000000e+00
  5111	1.022300e+02	1.000000e+00
  5112	1.022500e+02	0.000000e+00
  5113	1.022700e+02	0.000000e+00
  5114	1.022900e+02	0.000000e+00
  5115	1.023100e+02	1.000000e+00
  5116	1.023300e+02	0.000000e+00
  5117	1.023500e+02	1.000000e+00
  5118	1.023700e+02	0.000000e+00
  5119	1.023900e+02	0.000000e+00
  5120	1.024100e+02	0.000000e+00
  5121	1.024300e+02	0.000000e+00
  5122	1.024500e+02	0.000000e+00
  5123	1.024700e+02	0.000000e+00
  5124	1.024900e+02	1.000000e+00
  5125	1.025100e+02	0.000000e+00
  5126	1.025300e+02	0.000000e+00
  5127	1.025500e+02	0.000000e+00
  5128	1.025700e+02	0.000000e+00
  5129	1.025900e+02	1.000000e+00
  5130	1.026100e+02	0.000000e+00
  5131	1.026300e+02	1.000000e+00
  5132	1.026500e+02	0.000000e+00
  5133	1.026700e+02	1.000000e+00
  5134	1.026900e+02	0.000000e+00
  5135	1.027100e+02	0.000000e+00
  5136	1.027300e+02	0.000000e+00
  5137	1.027500e+02	1.000000e+00
  5138	1.027700e+02	0.000000e+00
  5139	1.027900e+02	0.000000e+00
  5140	1.028100e+02	0.000000e+00
  5141	1.028300e+02	0.000000e+00
  5142	1.028500e+02	0.000000e+00
  5143	1.028700e+02	1.000000e+00
  5144	1.028900e+02	0.000000e+00
  5145	1.029100e+02	0.000000e+00
  5146	1.029300e+02	0.000000e+00
  5147	1.029500e+02	0.000000e+00
  5148	1.029700e+02	0.000000e+00
  5149	1.029900e+02	0.000000e+00
  5150	1.030100e+02	0.000000e+00
  5151	1.030300e+02	0.000000e+00
  5152	1.030500e+02	0.000000e+00
  5153	1.030700e+02	0.000000e+00
  5154	1.030900e+02	0.000000e+00
  5155	1.031100e+02	0.000000e+00
  5156	1.031300e+02	0.000000e+00
  5157	1.031500e+02	0.000000e+00
  5158	1.031700e+02	0.000000e+00
  5159	1.031900e+02	0.000000e+00
  5160	1.032100e+02	0.000000e+00
  5161	1.032300e+02	0.000000e+00
  5162	1.032500e+02	0.000000e+00
  5163	1.032700e+02	0.000000e+00
  5164	1.032900e+02	0.000000e+00
  5165	1.033100e+02	1.000000e+00
  5166	1.033300e+02	0.000000e+00
  5167	1.033500e+02	1.000000e+00
  5168	1.033700e+02	0.000000e+00
  5169	1.033900e+02	0.000000e+00
  5170	1.034100e+02	0.000000e+00
  5171	1.034300e+02	1.000000e+00
  5172	1.034500e+02	0.000000e+00
  5173	1.034700e+02	0.000000e+00
  5174	1.034900e+02	0.000000e+00
  5175	1.035100e+02	0.000000e+00
  5176	1.035300e+02	0.000000e+00
  5177	1.035500e+02	0.000000e+00
  5178	1.035700e+02	0.000000e+00
  5179	1.035900e+02	0.000000e+00
  5180	1.036100e+02	0.000000e+00
  5181	1.036300e+02	0.000000e+00
  5182	1.036500e+02	0.000000e+00
  5183	1.036700e+02	0.000000e+00
  5184	1.036900e+02	1.000000e+00
  5185	1.037100e+02	0.000000e+00
  5186	1.037300e+02	0.000000e+00
  5187	1.037500e+02	0.000000e+00
  5188	1.037700e+02	0.000000e+00
  5189	1.037900e+02	0.000000e+00
  5190	1.038100e+02	0.000000e+00
  5191	1.038300e+02	0.000000e+00
  5192	1.038500e+02	0.000000e+00
  5193	1.038700e+02	0.000000e+00
  5194	1.038900e+02	0.000000e+00
  5195	1.039100e+02	0.000000e+00
  5196	1.039300e+02	1.000000e+00
  5197	1.039500e+02	0.000000e+00
  5198	1.039700e+02	0.000000e+00
  5199	1.039900e+02	0.000000e+00
  5200	1.040100e+02	0.000000e+00
  5201	1.040300e+02	0.000000e+00
  5202	1.040500e+02	0.000000e+00
  5203	1.040700e+02	2.000000e+00
  5204	1.040900e+02	1.000000e+00
  5205	1.041100e+02	0.000000e+00
  5206	1.041300e+02	0.000000e+00
  5207	1.041500e+02	0.000000e+00
  5208	1.041700e+02	1.000000e+00
  5209	1.041900e+02	0.000000e+00
  5210	1.042100e+02	0.000000e+00
  5211	1.042300e+02	0.000000e+00
  5212	1.042500e+02	0.000000e+00
  5213	1.042700e+02	0.000000e+00
  5214	1.042900e+02	0.000000e+00
  5215	1.043100e+02	0.000000e+00
  5216	1.043300e+02	0.000000e+00
  5217	1.043500e+02	0.000000e+00
  5218	1.043700e+02	0.000000e+00
  5219	1.043900e+02	0.000000e+00
  5220	1.044100e+02	0.000000e+00
  5221	1.044300e+02	0.000000e+00
  5222	1.044500e+02	1.000000e+00
  5223	1.044700e+02	0.000000e+00
  5224	1.044900e+02	0.000000e+00
  5225	1.045100e+02	0.000000e+00
  5226	1.045300e+02	0.000000e+00
  5227	1.045500e+02	0.000000e+00
  5228	1.045700e+02	0.000000e+00
  5229	1.045900e+02	0.000000e+00
  5230	1.046100e+02	0.000000e+00
  5231	1.046300e+02	0.000000e+00
  5232	1.046500e+02	0.000000e+00
  5233	1.046700e+02	0.000000e+00
  5234	1.046900e+02	0.000000e+00
  5235	1.047100e+02	1.000000e+00
  5236	1.047300e+02	0.000000e+00
  5237	1.047500e+02	1.000000e+00
  5238	1.047700e+02	0.000000e+00
  5239	1.047900e+02	0.000000e+00
  5240	1.048100e+02	0.000000e+00
  5241	1.048300e+02	0.000000e+00
  5242	1.048500e+02	1.000000e+00
  5243	1.048700e+02	0.000000e+00
  5244	1.048900e+02	0.000000e+00
  5245	1.049100e+02	0.000000e+00
  5246	1.049300e+02	0.000000e+00
  5247	1.049500e+02	0.000000e+00
  5248	1.049700e+02	0.000000e+00
  5249	1.049900e+02	0.000000e+00
  5250	1.050100e+02	0.000000e+00
  5251	1.050300e+02	1.000000e+00
  5252	1.050500e+02	0.000000e+00
  5253	1.050700e+02	0.000000e+00
  5254	1.050900e+02	0.000000e+00
  5255	1.051100e+02	0.000000e+00
  5256	1.051300e+02	0.000000e+00
  5257	1.051500e+02	0.000000e+00
  5258	1.051700e+02	0.000000e+00
  5259	1.051900e+02	0.000000e+00
  5260	1.052100e+02	0.000000e+00
  5261	1.052300e+02	0.000000e+00
  5262	1.052500e+02	1.000000e+00
  5263	1.052700e+02	0.000000e+00
  5264	1.052900e+02	0.000000e+00
  5265	1.053100e+02	0.000000e+00
  5266	1.053300e+02	0.000000e+00
  5267	1.053500e+02	0.000000e+00
  5268	1.053700e+02	0.000000e+00
  5269	1.053900e+02	0.000000e+00
  5270	1.054100e+02	0.000000e+00
  5271	1.054300e+02	0.000000e+00
  5272	1.054500e+02	0.000000e+00
  5273	1.054700e+02	0.000000e+00
  5274	1.054900e+02	0.000000e+00
  5275	1.055100e+02	0.000000e+00
  5276	1.055300e+02	0.000000e+00
  5277	1.055500e+02	0.000000e+00
  5278	1.055700e+02	0.000000e+00
  5279	1.055900e+02	0.000000e+00
  5280	1.056100e+02	0.000000e+00
  5281	1.056300e+02	0.000000e+00
  5282	1.056500e+02	0.000000e+00
  5283	1.056700e+02	0.000000e+00
  5284	1.056900e+02	0.000000e+00
  5285	1.057100e+02	0.000000e+00
  5286	1.057300e+02	0.000000e+00
  5287	1.057500e+02	0.000000e+00
  5288	1.057700e+02	0.000000e+00
  5289	1.057900e+02	0.000000e+00
  5290	1.058100e+02	0.000000e+00
  5291	1.058300e+02	0.000000e+00
  5292	1.058500e+02	0.000000e+00
  5293	1.058700e+02	0.000000e+00
  5294	1.058900e+02	0.000000e+00
  5295	1.059100e+02	0.000000e+00
  5296	1.059300e+02	0.000000e+00
  5297	1.059500e+02	0.000000e+00
  5298	1.059700e+02	0.000000e+00
  5299	1.059900e+02	0.000000e+00
  5300	1.060100e+02	1.000000e+00
  5301	1.060300e+02	0.000000e+00
  5302	1.060500e+02	0.000000e+00
  5303	1.060700e+02	0.000000e+00
  5304	1.060900e+02	0.000000e+00
  5305	1.061100e+02	0.000000e+00
  5306	1.061300e+02	0.000000e+00
  5307	1.061500e+02	0.000000e+00
  5308	1.061700e+02	0.000000e+00
  5309	1.061900e+02	0.000000e+00
  5310	1.062100e+02	1.000000e+00
  5311	1.062300e+02	0.000000e+00
  5312	1.062500e+02	0.000000e+00
  5313	1.062700e+02	0.000000e+00
  5314	1.062900e+02	0.000000e+00
  5315	1.063100e+02	0.000000e+00
  5316	1.063300e+02	0.000000e+00
  5317	1.063500e+02	0.000000e+00
  5318	1.063700e+02	0.000000e+00
  5319	1.063900e+02	0.000000e+00
  5320	1.064100e+02	0.000000e+00
  5321	1.064300e+02	0.000000e+00
  5322	1.064500e+02	0.000000e+00
  5323	1.064700e+02	0.000000e+00
  5324	1.064900e+02	0.000000e+00
  5325	1.065100e+02	0.000000e+00
  5326	1.065300e+02	0.000000e+00
  5327	1.065500e+02	0.000000e+00
  5328	1.065700e+02	0.000000e+00
  5329	1.065900e+02	0.000000e+00
  5330	1.066100e+02	0.000000e+00
  5331	1.066300e+02	0.000000e+00
  5332	1.066500e+02	0.000000e+00
  5333	1.066700e+02	0.000000e+00
  5334	1.066900e+02	0.000000e+00
  5335	1.067100e+02	0.000000e+00
  5336	1.067300e+02	0.000000e+00
  5337	1.067500e+02	0.000000e+00
  5338	1.067700e+02	0.000000e+00
  5339	1.067900e+02	0.000000e+00
  5340	1.068100e+02	0.000000e+00
  5341	1.068300e+02	0.000000e+00
  5342	1.068500e+02	0.000000e+00
  5343	1.068700e+02	0.000000e+00
  5344	1.068900e+02	0.000000e+00
  5345	1.069100e+02	0.000000e+00
  5346	1.069300e+02	0.000000e+00
  5347	1.069500e+02	0.000000e+00
  5348	1.069700e+02	0.000000e+00
  5349	1.069900e+02	0.000000e+00
  5350	1.070100e+02	0.000000e+00
  5351	1.070300e+02	0.000000e+00
  5352	1.070500e+02	1.000000e+00
  5353	1.070700e+02	0.000000e+00
  5354	1.070900e+02	0.000000e+00
  5355	1.071100e+02	0.000000e+00
  5356	1.071300e+02	1.000000e+00
  5357	1.071500e+02	0.000000e+00
  5358	1.071700e+02	0.000000e+00
  5359	1.071900e+02	0.000000e+00
  5360	1.072100e+02	0.000000e+00
  5361	1.072300e+02	0.000000e+00
  5362	1.072500e+02	0.000000e+00
  5363	1.072700e+02	0.000000e+00
  5364	1.072900e+02	0.000000e+00
  5365	1.073100e+02	0.000000e+00
  5366	1.073300e+02	0.000000e+00
  5367	1.073500e+02	0.000000e+00
  5368	1.073700e+02	0.000000e+00
  5369	1.073900e+02	0.000000e+00
  5370	1.074100e+02	0.000000e+00
  5371	1.074300e+02	0.000000e+00
  5372	1.074500e+02	0.000000e+00
  5373	1.074700e+02	1.000000e+00
  5374	1.074900e+02	0.000000e+00
  5375	1.075100e+02	0.000000e+00
  5376	1.075300e+02	0.000000e+00
  5377	1.075500e+02	0.000000e+00
  5378	1.075700e+02	0.000000e+00
  5379	1.075900e+02	0.000000e+00
  5380	1.076100e+02	0.000000e+00
  5381	1.076300e+02	0.000000e+00
  5382	1.076500e+02	0.000000e+00
  5383	1.076700e+02	0.000000e+00
  5384	1.076900e+02	0.000000e+00
  5385	1.077100e+02	0.000000e+00
  5386	1.077300e+02	0.000000e+00
  5387	1.077500e+02	1.000000e+00
  5388	1.077700e+02	0.000000e+00
  5389	1.077900e+02	0.000000e+00
  5390	1.078100e+02	0.000000e+00
  5391	1.078300e+02	0.000000e+00
  5392	1.078500e+02	0.000000e+00
  5393	1.078700e+02	0.000000e+00
  5394	1.078900e+02	1.000000e+00
  5395	1.079100e+02	0.000000e+00
  5396	1.079300e+02	0.000000e+00
  5397	1.079500e+02	0.000000e+00
  5398	1.079700e+02	0.000000e+00
  5399	1.079900e+02	0.000000e+00
  5400	1.080100e+02	0.000000e+00
  5401	1.080300e+02	0.000000e+00
  5402	1.080500e+02	0.000000e+00
  5403	1.080700e+02	0.000000e+00
  5404	1.080900e+02	0.000000e+00
  5405	1.081100e+02	0.000000e+00
  5406	1.081300e+02	0.000000e+00
  5407	1.081500e+02	0.000000e+00
  5408	1.081700e+02	0.000000e+00
  5409	1.081900e+02	0.000000e+00
  5410	1.082100e+02	0.000000e+00
  5411	1.082300e+02	0.000000e+00
  5412	1.082500e+02	0.000000e+00
  5413	1.082700e+02	0.000000e+00
  5414	1.082900e+02	0.000000e+00
  5415	1.083100e+02	0.000000e+00
  5416	1.083300e+02	0.000000e+00
  5417	1.083500e+02	0.000000e+00
  5418	1.083700e+02	0.000000e+00
  5419	1.083900e+02	0.000000e+00
  5420	1.084100e+02	0.000000e+00
  5421	1.084300e+02	0.000000e+00
  5422	1.084500e+02	0.000000e+00
  5423	1.084700e+02	0.000000e+00
  5424	1.084900e+02	0.000000e+00
  5425	1.085100e+02	0.000000e+00
  5426	1.085300e+02	0.000000e+00
  5427	1.085500e+02	0.000000e+00
  5428	1.085700e+02	0.000000e+00
  5429	1.085900e+02	0.000000e+00
  5430	1.086100e+02	1.000000e+00
  5431	1.086300e+02	0.000000e+00
  5432	1.086500e+02	0.000000e+00
  5433	1.086700e+02	0.000000e+00
  5434	1.086900e+02	1.000000e+00
  5435	1.087100e+02	0.000000e+00
  5436	1.087300e+02	0.000000e+00
  5437	1.087500e+02	0.000000e+00
  5438	1.087700e+02	0.000000e+00
  5439	1.087900e+02	0.000000e+00
  5440	1.088100e+02	0.000000e+00
  5441	1.088300e+02	0.000000e+00
  5442	1.088500e+02	0.000000e+00
  5443	1.088700e+02	0.000000e+00
  5444	1.088900e+02	0.000000e+00
  5445	1.089100e+02	0.000000e+00
  5446	1.089300e+02	0.000000e+00
  5447	1.089500e+02	0.000000e+00
  5448	1.089700e+02	0.000000e+00
  5449	1.089900e+02	0.000000e+00
  5450	1.090100e+02	0.000000e+00
  5451	1.090300e+02	0.000000e+00
  5452	1.090500e+02	0.000000e+00
  5453	1.090700e+02	1.000000e+00
  5454	1.090900e+02	0.000000e+00
  5455	1.091100e+02	0.000000e+00
  5456	1.091300e+02	0.000000e+00
  5457	1.091500e+02	1.000000e+00
  5458	1.091700e+02	0.000000e+00
  5459	1.091900e+02	0.000000e+00
  5460	1.092100e+02	0.000000e+00
  5461	1.092300e+02	0.000000e+00
  5462	1.092500e+02	0.000000e+00
  5463	1.092700e+02	0.000000e+00
  5464	1.092900e+02	0.000000e+00
  5465	1.093100e+02	0.000000e+00
  5466	1.093300e+02	0.000000e+00
  5467	1.093500e+02	0.000000e+00
  5468	1.093700e+02	0.000000e+00
  5469	1.093900e+02	0.000000e+00
  5470	1.094100e+02	0.000000e+00
  5471	1.094300e+02	0.000000e+00
  5472	1.094500e+02	0.000000e+00
  5473	1.094700e+02	0.000000e+00
  5474	1.094900e+02	0.000000e+00
  5475	1.095100e+02	0.000000e+00
  5476	1.095300e+02	0.000000e+00
  5477	1.095500e+02	0.000000e+00
  5478	1.095700e+02	0.000000e+00
  5479	1.095900e+02	0.000000e+00
  5480	1.096100e+02	0.000000e+00
  5481	1.096300e+02	0.000000e+00
  5482	1.096500e+02	0.000000e+00
  5483	1.096700e+02	0.000000e+00
  5484	1.096900e+02	0.000000e+00
  5485	1.097100e+02	0.000000e+00
  5486	1.097300e+02	0.000000e+00
  5487	1.097500e+02	0.000000e+00
  5488	1.097700e+02	0.000000e+00
  5489	1.097900e+02	0.000000e+00
  5490	1.098100e+02	0.000000e+00
  5491	1.098300e+02	0.000000e+00
  5492	1.098500e+02	0.000000e+00
  5493	1.098700e+02	0.000000e+00
  5494	1.098900e+02	0.000000e+00
  5495	1.099100e+02	0.000000e+00
  5496	1.099300e+02	0.000000e+00
  5497	1.099500e+02	0.000000e+00
  5498	1.099700e+02	0.000000e+00
  5499	1.099900e+02	0.000000e+00
  5500	1.100100e+02	0.000000e+00
  5501	1.100300e+02	0.000000e+00
  5502	1.100500e+02	1.000000e+00
  5503	1.100700e+02	0.000000e+00
  5504	1.100900e+02	0.000000e+00
  5505	1.101100e+02	0.000000e+00
  5506	1.101300e+02	0.000000e+00
  5507	1.101500e+02	0.000000e+00
  5508	1.101700e+02	0.000000e+00
  5509	1.101900e+02	0.000000e+00
  5510	1.102100e+02	0.000000e+00
  5511	1.102300e+02	0.000000e+00
  5512	1.102500e+02	0.000000e+00
  5513	1.102700e+02	0.000000e+00
  5514	1.102900e+02	0.000000e+00
  5515	1.103100e+02	0.000000e+00
  5516	1.103300e+02	0.000000e+00
  5517	1.103500e+02	0.000000e+00
  5518	1.103700e+02	0.000000e+00
  5519	1.103900e+02	0.000000e+00
  5520	1.104100e+02	0.000000e+00
  5521	1.104300e+02	0.000000e+00
  5522	1.104500e+02	0.000000e+00
  5523	1.104700e+02	0.000000e+00
  5524	1.104900e+02	0.000000e+00
  5525	1.105100e+02	0.000000e+00
  5526	1.105300e+02	0.000000e+00
  5527	1.105500e+02	1.000000e+00
  5528	1.105700e+02	0.000000e+00
  5529	1.105900e+02	0.000000e+00
  5530	1.106100e+02	0.000000e+00
  5531	1.106300e+02	0.000000e+00
  5532	1.106500e+02	0.000000e+00
  5533	1.106700e+02	0.000000e+00
  5534	1.106900e+02	2.000000e+00
  5535	1.107100e+02	0.000000e+00
  5536	1.107300e+02	0.000000e+00
  5537	1.107500e+02	0.000000e+00
  5538	1.107700e+02	0.000000e+00
  5539	1.107900e+02	0.000000e+00
  5540	1.108100e+02	0.000000e+00
  5541	1.108300e+02	0.000000e+00
  5542	1.108500e+02	0.000000e+00
  5543	1.108700e+02	0.000000e+00
  5544	1.108900e+02	0.000000e+00
  5545	1.109100e+02	0.000000e+00
  5546	1.109300e+02	1.000000e+00
  5547	1.109500e+02	0.000000e+00
  5548	1.109700e+02	0.000000e+00
  5549	1.109900e+02	0.000000e+00
  5550	1.110100e+02	1.000000e+00
  5551	1.110300e+02	0.000000e+00
  5552	1.110500e+02	0.000000e+00
  5553	1.110700e+02	0.000000e+00
  5554	1.110900e+02	0.000000e+00
  5555	1.111100e+02	0.000000e+00
  5556	1.111300e+02	0.000000e+00
  5557	1.111500e+02	0.000000e+00
  5558	1.111700e+02	0.000000e+00
  5559	1.111900e+02	0.000000e+00
  5560	1.112100e+02	0.000000e+00
  5561	1.112300e+02	0.000000e+00
  5562	1.112500e+02	0.000000e+00
  5563	1.112700e+02	0.000000e+00
  5564	1.112900e+02	0.000000e+00
  5565	1.113100e+02	0.000000e+00
  5566	1.113300e+02	0.000000e+00
  5567	1.113500e+02	0.000000e+00
  5568	1.113700e+02	0.000000e+00
  5569	1.113900e+02	0.000000e+00
  5570	1.114100e+02	0.000000e+00
  5571	1.114300e+02	0.000000e+00
  5572	1.114500e+02	0.000000e+00
  5573	1.114700e+02	0.000000e+00
  5574	1.114900e+02	0.000000e+00
  5575	1.115100e+02	0.000000e+00
  5576	1.115300e+02	0.000000e+00
  5577	1.115500e+02	0.000000e+00
  5578	1.115700e+02	0.000000e+00
  5579	1.115900e+02	0.000000e+00
  5580	1.116100e+02	0.000000e+00
  5581	1.116300e+02	0.000000e+00
  5582	1.116500e+02	0.000000e+00
  5583	1.116700e+02	0.000000e+00
  5584	1.116900e+02	0.000000e+00
  5585	1.117100e+02	0.000000e+00
  5586	1.117300e+02	0.000000e+00
  5587	1.117500e+02	0.000000e+00
  5588	1.117700e+02	0.000000e+00
  5589	1.117900e+02	0.000000e+00
  5590	1.118100e+02	0.000000e+00
  5591	1.118300e+02	0.000000e+00
  5592	1.118500e+02	0.000000e+00
  5593	1.118700e+02	0.000000e+00
  5594	1.118900e+02	0.000000e+00
  5595	1.119100e+02	0.000000e+00
  5596	1.119300e+02	0.000000e+00
  5597	1.119500e+02	0.000000e+00
  5598	1.119700e+02	1.000000e+00
  5599	1.119900e+02	0.000000e+00
  5600	1.120100e+02	0.000000e+00
  5601	1.120300e+02	0.000000e+00
  5602	1.120500e+02	0.000000e+00
  5603	1.120700e+02	0.000000e+00
  5604	1.120900e+02	0.000000e+00
  5605	1.121100e+02	0.000000e+00
  5606	1.121300e+02	0.000000e+00
  5607	1.121500e+02	0.000000e+00
  5608	1.121700e+02	0.000000e+00
  5609	1.121900e+02	0.000000e+00
  5610	1.122100e+02	0.000000e+00
  5611	1.122300e+02	0.000000e+00
  5612	1.122500e+02	0.000000e+00
  5613	1.122700e+02	0.000000e+00
  5614	1.122900e+02	0.000000e+00
  5615	1.123100e+02	0.000000e+00
  5616	1.123300e+02	0.000000e+00
  5617	1.123500e+02	0.000000e+00
  5618	1.123700e+02	0.000000e+00
  5619	1.123900e+02	0.000000e+00
  5620	1.124100e+02	0.000000e+00
  5621	1.124300e+02	0.000000e+00
  5622	1.124500e+02	0.000000e+00
  5623	1.124700e+02	0.000000e+00
  5624	1.124900e+02	0.000000e+00
  5625	1.125100e+02	0.000000e+00
  5626	1.125300e+02	0.000000e+00
  5627	1.125500e+02	0.000000e+00
  5628	1.125700e+02	0.000000e+00
  5629	1.125900e+02	0.000000e+00
  5630	1.126100e+02	0.000000e+00
  5631	1.126300e+02	0.000000e+00
  5632	1.126500e+02	0.000000e+00
  5633	1.126700e+02	0.000000e+00
  5634	1.126900e+02	0.000000e+00
  5635	1.127100e+02	0.000000e+00
  5636	1.127300e+02	0.000000e+00
  5637	1.127500e+02	0.000000e+00
  5638	1.127700e+02	0.000000e+00
  5639	1.127900e+02	0.000000e+00
  5640	1.128100e+02	0.000000e+00
  5641	1.128300e+02	0.000000e+00
  5642	1.128500e+02	0.000000e+00
  5643	1.128700e+02	0.000000e+00
  5644	1.128900e+02	0.000000e+00
  5645	1.129100e+02	0.000000e+00
  5646	1.129300e+02	0.000000e+00
  5647	1.129500e+02	0.000000e+00
  5648	1.129700e+02	0.000000e+00
  5649	1.129900e+02	0.000000e+00
  5650	1.130100e+02	0.000000e+00
  5651	1.130300e+02	0.000000e+00
  5652	1.130500e+02	0.000000e+00
  5653	1.130700e+02	0.000000e+00
  5654	1.130900e+02	0.000000e+00
  5655	1.131100e+02	0.000000e+00
  5656	1.131300e+02	0.000000e+00
  5657	1.131500e+02	0.000000e+00
  5658	1.131700e+02	0.000000e+00
  5659	1.131900e+02	0.000000e+00
  5660	1.132100e+02	0.000000e+00
  5661	1.132300e+02	1.000000e+00
  5662	1.132500e+02	0.000000e+00
  5663	1.132700e+02	0.000000e+00
  5664	1.132900e+02	0.000000e+00
  5665	1.133100e+02	0.000000e+00
  5666	1.133300e+02	0.000000e+00
  5667	1.133500e+02	0.000000e+00
  5668	1.133700e+02	0.000000e+00
  5669	1.133900e+02	0.000000e+00
  5670	1.134100e+02	0.000000e+00
  5671	1.134300e+02	0.000000e+00
  5672	1.134500e+02	0.000000e+00
  5673	1.134700e+02	0.000000e+00
  5674	1.134900e+02	0.000000e+00
  5675	1.135100e+02	0.000000e+00
  5676	1.135300e+02	0.000000e+00
  5677	1.135500e+02	0.000000e+00
  5678	1.135700e+02	0.000000e+00
  5679	1.135900e+02	1.000000e+00
  5680	1.136100e+02	0.000000e+00
  5681	1.136300e+02	0.000000e+00
  5682	1.136500e+02	0.000000e+00
  5683	1.136700e+02	0.000000e+00
  5684	1.136900e+02	0.000000e+00
  5685	1.137100e+02	0.000000e+00
  5686	1.137300e+02	0.000000e+00
  5687	1.137500e+02	1.000000e+00
  5688	1.137700e+02	0.000000e+00
  5689	1.137900e+02	0.000000e+00
  5690	1.138100e+02	0.000000e+00
  5691	1.138300e+02	0.000000e+00
  5692	1.138500e+02	0.000000e+00
  5693	1.138700e+02	0.000000e+00
  5694	1.138900e+02	0.000000e+00
  5695	1.139100e+02	0.000000e+00
  5696	1.139300e+02	0.000000e+00
  5697	1.139500e+02	0.000000e+00
  5698	1.139700e+02	0.000000e+00
  5699	1.139900e+02	0.000000e+00
  5700	1.140100e+02	0.000000e+00
  5701	1.140300e+02	0.000000e+00
  5702	1.140500e+02	0.000000e+00
  5703	1.140700e+02	0.000000e+00
  5704	1.140900e+02	0.000000e+00
  5705	1.141100e+02	0.000000e+00
  5706	1.141300e+02	0.000000e+00
  5707	1.141500e+02	0.000000e+00
  5708	1.141700e+02	0.000000e+00
  5709	1.141900e+02	0.000000e+00
  5710	1.142100e+02	0.000000e+00
  5711	1.142300e+02	0.000000e+00
  5712	1.142500e+02	0.000000e+00
  5713	1.142700e+02	0.000000e+00
  5714	1.142900e+02	0.000000e+00
  5715	1.143100e+02	0.000000e+00
  5716	1.143300e+02	0.000000e+00
  5717	1.143500e+02	0.000000e+00
  5718	1.143700e+02	0.000000e+00
  5719	1.143900e+02	0.000000e+00
  5720	1.144100e+02	0.000000e+00
  5721	1.144300e+02	1.000000e+00
  5722	1.144500e+02	0.000000e+00
  5723	1.144700e+02	0.000000e+00
  5724	1.144900e+02	0.000000e+00
  5725	1.145100e+02	0.000000e+00
  5726	1.145300e+02	0.000000e+00
  5727	1.145500e+02	0.000000e+00
  5728	1.145700e+02	0.000000e+00
  5729	1.145900e+02	0.000000e+00
  5730	1.146100e+02	0.000000e+00
  5731	1.146300e+02	0.000000e+00
  5732	1.146500e+02	0.000000e+00
  5733	1.146700e+02	0.000000e+00
  5734	1.146900e+02	0.000000e+00
  5735	1.147100e+02	0.000000e+00
  5736	1.147300e+02	0.000000e+00
  5737	1.147500e+02	0.000000e+00
  5738	1.147700e+02	0.000000e+00
  5739	1.147900e+02	0.000000e+00
  5740	1.148100e+02	0.000000e+00
  5741	1.148300e+02	0.000000e+00
  5742	1.148500e+02	0.000000e+00
  5743	1.148700e+02	0.000000e+00
  5744	1.148900e+02	0.000000e+00
  5745	1.149100e+02	0.000000e+00
  5746	1.149300e+02	0.000000e+00
  5747	1.149500e+02	0.000000e+00
  5748	1.149700e+02	0.000000e+00
  5749	1.149900e+02	0.000000e+00
  5750	1.150100e+02	0.000000e+00
  5751	1.150300e+02	0.000000e+00
  5752	1.150500e+02	0.000000e+00
  5753	1.150700e+02	0.000000e+00
  5754	1.150900e+02	0.000000e+00
  5755	1.151100e+02	0.000000e+00
  5756	1.151300e+02	0.000000e+00
  5757	1.151500e+02	0.000000e+00
  5758	1.151700e+02	0.000000e+00
  5759	1.151900e+02	0.000000e+00
  5760	1.152100e+02	0.000000e+00
  5761	1.152300e+02	0.000000e+00
  5762	1.152500e+02	0.000000e+00
  5763	1.152700e+02	0.000000e+00
  5764	1.152900e+02	0.000000e+00
  5765	1.153100e+02	0.000000e+00
  5766	1.153300e+02	0.000000e+00
  5767	1.153500e+02	0.000000e+00
  5768	1.153700e+02	0.000000e+00
  5769	1.153900e+02	0.000000e+00
  5770	1.154100e+02	0.000000e+00
  5771	1.154300e+02	0.000000e+00
  5772	1.154500e+02	0.000000e+00
  5773	1.154700e+02	1.000000e+00
  5774	1.154900e+02	0.000000e+00
  5775	1.155100e+02	0.000000e+00
  5776	1.155300e+02	0.000000e+00
  5777	1.155500e+02	0.000000e+00
  5778	1.155700e+02	0.000000e+00
  5779	1.155900e+02	0.000000e+00
  5780	1.156100e+02	0.000000e+00
  5781	1.156300e+02	0.000000e+00
  5782	1.156500e+02	0.000000e+00
  5783	1.156700e+02	0.000000e+00
  5784	1.156900e+02	0.000000e+00
  5785	1.157100e+02	0.000000e+00
  5786	1.157300e+02	0.000000e+00
  5787	1.157500e+02	0.000000e+00
  5788	1.157700e+02	0.000000e+00
  5789	1.157900e+02	0.000000e+00
  5790	1.158100e+02	0.000000e+00
  5791	1.158300e+02	0.000000e+00
  5792	1.158500e+02	0.000000e+00
  5793	1.158700e+02	0.000000e+00
  5794	1.158900e+02	0.000000e+00
  5795	1.159100e+02	0.000000e+00
  5796	1.159300e+02	0.000000e+00
  5797	1.159500e+02	0.000000e+00
  5798	1.159700e+02	0.000000e+00
  5799	1.159900e+02	0.000000e+00
  5800	1.160100e+02	0.000000e+00
  5801	1.160300e+02	0.000000e+00
  5802	1.160500e+02	1.000000e+00
  5803	1.160700e+02	0.000000e+00
  5804	1.160900e+02	0.000000e+00
  5805	1.161100e+02	0.000000e+00
  5806	1.161300e+02	0.000000e+00
  5807	1.161500e+02	0.000000e+00
  5808	1.161700e+02	0.000000e+00
  5809	1.161900e+02	0.000000e+00
  5810	1.162100e+02	0.000000e+00
  5811	1.162300e+02	0.000000e+00
  5812	1.162500e+02	0.000000e+00
  5813	1.162700e+02	0.000000e+00
  5814	1.162900e+02	0.000000e+00
  5815	1.163100e+02	0.000000e+00
  5816	1.163300e+02	0.000000e+00
  5817	1.163500e+02	0.000000e+00
  5818	1.163700e+02	0.000000e+00
  5819	1.163900e+02	0.000000e+00
  5820	1.164100e+02	0.000000e+00
  5821	1.164300e+02	0.000000e+00
  5822	1.164500e+02	0.000000e+00
  5823	1.164700e+02	0.000000e+00
  5824	1.164900e+02	0.000000e+00
  5825	1.165100e+02	0.000000e+00
  5826	1.165300e+02	0.000000e+00
  5827	1.165500e+02	0.000000e+00
  5828	1.165700e+02	0.000000e+00
  5829	1.165900e+02	0.000000e+00
  5830	1.166100e+02	0.000000e+00
  5831	1.166300e+02	0.000000e+00
  5832	1.166500e+02	0.000000e+00
  5833	1.166700e+02	0.000000e+00
  5834	1.166900e+02	0.000000e+00
  5835	1.167100e+02	0.000000e+00
  5836	1.167300e+02	0.000000e+00
  5837	1.167500e+02	0.000000e+00
  5838	1.167700e+02	0.000000e+00
  5839	1.167900e+02	0.000000e+00
  5840	1.168100e+02	0.000000e+00
  5841	1.168300e+02	0.000000e+00
  5842	1.168500e+02	0.000000e+00
  5843	1.168700e+02	0.000000e+00
  5844	1.168900e+02	0.000000e+00
  5845	1.169100e+02	0.000000e+00
  5846	1.169300e+02	0.000000e+00
  5847	1.169500e+02	0.000000e+00
  5848	1.169700e+02	0.000000e+00
  5849	1.169900e+02	0.000000e+00
  5850	1.170100e+02	0.000000e+00
  5851	1.170300e+02	0.000000e+00
  5852	1.170500e+02	1.000000e+00
  5853	1.170700e+02	0.000000e+00
  5854	1.170900e+02	0.000000e+00
  5855	1.171100e+02	0.000000e+00
  5856	1.171300e+02	0.000000e+00
  5857	1.171500e+02	0.000000e+00
  5858	1.171700e+02	0.000000e+00
  5859	1.171900e+02	0.000000e+00
  5860	1.172100e+02	0.000000e+00
  5861	1.172300e+02	0.000000e+00
  5862	1.172500e+02	0.000000e+00
  5863	1.172700e+02	0.000000e+00
  5864	1.172900e+02	0.000000e+00
  5865	1.173100e+02	0.000000e+00
  5866	1.173300e+02	0.000000e+00
  5867	1.173500e+02	0.000000e+00
  5868	1.173700e+02	0.000000e+00
  5869	1.173900e+02	0.000000e+00
  5870	1.174100e+02	0.000000e+00
  5871	1.174300e+02	0.000000e+00
  5872	1.174500e+02	0.000000e+00
  5873	1.174700e+02	0.000000e+00
  5874	1.174900e+02	0.000000e+00
  5875	1.175100e+02	0.000000e+00
  5876	1.175300e+02	0.000000e+00
  5877	1.175500e+02	0.000000e+00
  5878	1.175700e+02	0.000000e+00
  5879	1.175900e+02	0.000000e+00
  5880	1.176100e+02	0.000000e+00
  5881	1.176300e+02	0.000000e+00
  5882	1.176500e+02	0.000000e+00
  5883	1.176700e+02	0.000000e+00
  5884	1.176900e+02	0.000000e+00
  5885	1.177100e+02	0.000000e+00
  5886	1.177300e+02	0.000000e+00
  5887	1.177500e+02	0.000000e+00
  5888	1.177700e+02	0.000000e+00
  5889	1.177900e+02	0.000000e+00
  5890	1.178100e+02	0.000000e+00
  5891	1.178300e+02	0.000000e+00
  5892	1.178500e+02	0.000000e+00
  5893	1.178700e+02	0.000000e+00
  5894	1.178900e+02	0.000000e+00
  5895	1.179100e+02	0.000000e+00
  5896	1.179300e+02	0.000000e+00
  5897	1.179500e+02	0.000000e+00
  5898	1.179700e+02	0.000000e+00
  5899	1.179900e+02	0.000000e+00
  5900	1.180100e+02	0.000000e+00
  5901	1.180300e+02	0.000000e+00
  5902	1.180500e+02	0.000000e+00
  5903	1.180700e+02	0.000000e+00
  5904	1.180900e+02	0.000000e+00
  5905	1.181100e+02	0.000000e+00
  5906	1.181300e+02	0.000000e+00
  5907	1.181500e+02	0.000000e+00
  5908	1.181700e+02	0.000000e+00
  5909	1.181900e+02	0.000000e+00
  5910	1.182100e+02	0.000000e+00
  5911	1.182300e+02	0.000000e+00
  5912	1.182500e+02	0.000000e+00
  5913	1.182700e+02	0.000000e+00
  5914	1.182900e+02	0.000000e+00
  5915	1.183100e+02	0.000000e+00
  5916	1.183300e+02	0.000000e+00
  5917	1.183500e+02	0.000000e+00
  5918	1.183700e+02	0.000000e+00
  5919	1.183900e+02	0.000000e+00
  5920	1.184100e+02	0.000000e+00
  5921	1.184300e+02	0.000000e+00
  5922	1.184500e+02	0.000000e+00
  5923	1.184700e+02	0.000000e+00
  5924	1.184900e+02	0.000000e+00
  5925	1.185100e+02	0.000000e+00
  5926	1.185300e+02	0.000000e+00
  5927	1.185500e+02	1.000000e+00
  5928	1.185700e+02	0.000000e+00
  5929	1.185900e+02	0.000000e+00
  5930	1.186100e+02	0.000000e+00
  5931	1.186300e+02	0.000000e+00
  5932	1.186500e+02	0.000000e+00
  5933	1.186700e+02	0.000000e+00
  5934	1.186900e+02	0.000000e+00
  5935	1.187100e+02	0.000000e+00
  5936	1.187300e+02	0.000000e+00
  5937	1.187500e+02	0.000000e+00
  5938	1.187700e+02	0.000000e+00
  5939	1.187900e+02	0.000000e+00
  5940	1.188100e+02	0.000000e+00
  5941	1.188300e+02	0.000000e+00
  5942	1.188500e+02	0.000000e+00
  5943	1.188700e+02	0.000000e+00
  5944	1.188900e+02	0.000000e+00
  5945	1.189100e+02	0.000000e+00
  5946	1.189300e+02	0.000000e+00
  5947	1.189500e+02	0.000000e+00
  5948	1.189700e+02	0.000000e+00
  5949	1.189900e+02	0.000000e+00
  5950	1.190100e+02	0.000000e+00
  5951	1.190300e+02	0.000000e+00
  5952	1.190500e+02	0.000000e+00
  5953	1.190700e+02	0.000000e+00
  5954	1.190900e+02	0.000000e+00
  5955	1.191100e+02	0.000000e+00
  5956	1.191300e+02	0.000000e+00
  5957	1.191500e+02	0.000000e+00
  5958	1.191700e+02	0.000000e+00
  5959	1.191900e+02	0.000000e+00
  5960	1.192100e+02	0.000000e+00
  5961	1.192300e+02	0.000000e+00
  5962	1.192500e+02	0.000000e+00
  5963	1.192700e+02	0.000000e+00
  5964	1.192900e+02	0.000000e+00
  5965	1.193100e+02	0.000000e+00
  5966	1.193300e+02	0.000000e+00
  5967	1.193500e+02	0.000000e+00
  5968	1.193700e+02	0.000000e+00
  5969	1.193900e+02	0.000000e+00
  5970	1.194100e+02	0.000000e+00
  5971	1.194300e+02	0.000000e+00
  5972	1.194500e+02	0.000000e+00
  5973	1.194700e+02	0.000000e+00
  5974	1.194900e+02	0.000000e+00
  5975	1.195100e+02	0.000000e+00
  5976	1.195300e+02	0.000000e+00
  5977	1.195500e+02	0.000000e+00
  5978	1.195700e+02	0.000000e+00
  5979	1.195900e+02	0.000000e+00
  5980	1.196100e+02	0.000000e+00
  5981	1.196300e+02	0.000000e+00
  5982	1.196500e+02	0.000000e+00
  5983	1.196700e+02	0.000000e+00
  5984	1.196900e+02	0.000000e+00
  5985	1.197100e+02	0.000000e+00
  5986	1.197300e+02	0.000000e+00
  5987	1.197500e+02	0.000000e+00
  5988	1.197700e+02	0.000000e+00
  5989	1.197900e+02	0.000000e+00
  5990	1.198100e+02	0.000000e+00
  5991	1.198300e+02	0.000000e+00
  5992	1.198500e+02	0.000000e+00
  5993	1.198700e+02	0.000000e+00
  5994	1.198900e+02	0.000000e+00
  5995	1.199100e+02	0.000000e+00
  5996	1.199300e+02	0.000000e+00
  5997	1.199500e+02	0.000000e+00
  5998	1.199700e+02	0.000000e+00
  5999	1.199900e+02	0.000000e+00
  6000	1.200100e+02	0.000000e+00
  6001	1.200300e+02	0.000000e+00
  6002	1.200500e+02	0.000000e+00
  6003	1.200700e+02	0.000000e+00
  6004	1.200900e+02	0.000000e+00
  6005	1.201100e+02	0.000000e+00
  6006	1.201300e+02	0.000000e+00
  6007	1.201500e+02	0.000000e+00
  6008	1.201700e+02	0.000000e+00
  6009	1.201900e+02	0.000000e+00
  6010	1.202100e+02	0.000000e+00
  6011	1.202300e+02	0.000000e+00
  6012	1.202500e+02	0.000000e+00
  6013	1.202700e+02	0.000000e+00
  6014	1.202900e+02	0.000000e+00
  6015	1.203100e+02	0.000000e+00
  6016	1.203300e+02	0.000000e+00
  6017	1.203500e+02	0.000000e+00
  6018	1.203700e+02	0.000000e+00
  6019	1.203900e+02	0.000000e+00
  6020	1.204100e+02	0.000000e+00
  6021	1.204300e+02	0.000000e+00
  6022	1.204500e+02	0.000000e+00
  6023	1.204700e+02	0.000000e+00
  6024	1.204900e+02	0.000000e+00
  6025	1.205100e+02	0.000000e+00
  6026	1.205300e+02	0.000000e+00
  6027	1.205500e+02	0.000000e+00
  6028	1.205700e+02	0.000000e+00
  6029	1.205900e+02	0.000000e+00
  6030	1.206100e+02	0.000000e+00
  6031	1.206300e+02	0.000000e+00
  6032	1.206500e+02	0.000000e+00
  6033	1.206700e+02	0.000000e+00
  6034	1.206900e+02	0.000000e+00
  6035	1.207100e+02	0.000000e+00
  6036	1.207300e+02	0.000000e+00
  6037	1.207500e+02	0.000000e+00
  6038	1.207700e+02	0.000000e+00
  6039	1.207900e+02	0.000000e+00
  6040	1.208100e+02	0.000000e+00
  6041	1.208300e+02	0.000000e+00
  6042	1.208500e+02	0.000000e+00
  6043	1.208700e+02	0.000000e+00
  6044	1.208900e+02	0.000000e+00
  6045	1.209100e+02	0.000000e+00
  6046	1.209300e+02	0.000000e+00
  6047	1.209500e+02	0.000000e+00
  6048	1.209700e+02	0.000000e+00
  6049	1.209900e+02	0.000000e+00
  6050	1.210100e+02	0.000000e+00
  6051	1.210300e+02	0.000000e+00
  6052	1.210500e+02	0.000000e+00
  6053	1.210700e+02	0.000000e+00
  6054	1.210900e+02	0.000000e+00
  6055	1.211100e+02	0.000000e+00
  6056	1.211300e+02	0.000000e+00
  6057	1.211500e+02	0.000000e+00
  6058	1.211700e+02	0.000000e+00
  6059	1.211900e+02	0.000000e+00
  6060	1.212100e+02	0.000000e+00
  6061	1.212300e+02	0.000000e+00
  6062	1.212500e+02	0.000000e+00
  6063	1.212700e+02	0.000000e+00
  6064	1.212900e+02	0.000000e+00
  6065	1.213100e+02	0.000000e+00
  6066	1.213300e+02	0.000000e+00
  6067	1.213500e+02	0.000000e+00
  6068	1.213700e+02	0.000000e+00
  6069	1.213900e+02	0.000000e+00
  6070	1.214100e+02	0.000000e+00
  6071	1.214300e+02	0.000000e+00
  6072	1.214500e+02	0.000000e+00
  6073	1.214700e+02	0.000000e+00
  6074	1.214900e+02	0.000000e+00
  6075	1.215100e+02	0.000000e+00
  6076	1.215300e+02	0.000000e+00
  6077	1.215500e+02	0.000000e+00
  6078	1.215700e+02	0.000000e+00
  6079	1.215900e+02	0.000000e+00
  6080	1.216100e+02	0.000000e+00
  6081	1.216300e+02	0.000000e+00
  6082	1.216500e+02	0.000000e+00
  6083	1.216700e+02	0.000000e+00
  6084	1.216900e+02	0.000000e+00
  6085	1.217100e+02	0.000000e+00
  6086	1.217300e+02	0.000000e+00
  6087	1.217500e+02	0.000000e+00
  6088	1.217700e+02	0.000000e+00
  6089	1.217900e+02	0.000000e+00
  6090	1.218100e+02	0.000000e+00
  6091	1.218300e+02	0.000000e+00
  6092	1.218500e+02	0.000000e+00
  6093	1.218700e+02	0.000000e+00
  6094	1.218900e+02	0.000000e+00
  6095	1.219100e+02	0.000000e+00
  6096	1.219300e+02	0.000000e+00
  6097	1.219500e+02	0.000000e+00
  6098	1.219700e+02	0.000000e+00
  6099	1.219900e+02	0.000000e+00
  6100	1.220100e+02	0.000000e+00
  6101	1.220300e+02	0.000000e+00
  6102	1.220500e+02	0.000000e+00
  6103	1.220700e+02	0.000000e+00
  6104	1.220900e+02	0.000000e+00
  6105	1.221100e+02	0.000000e+00
  6106	1.221300e+02	0.000000e+00
  6107	1.221500e+02	0.000000e+00
  6108	1.221700e+02	0.000000e+00
  6109	1.221900e+02	0.000000e+00
  6110	1.222100e+02	0.000000e+00
  6111	1.222300e+02	0.000000e+00
  6112	1.222500e+02	0.000000e+00
  6113	1.222700e+02	0.000000e+00
  6114	1.222900e+02	0.000000e+00
  6115	1.223100e+02	0.000000e+00
  6116	1.223300e+02	0.000000e+00
  6117	1.223500e+02	0.000000e+00
  6118	1.223700e+02	0.000000e+00
  6119	1.223900e+02	0.000000e+00
  6120	1.224100e+02	0.000000e+00
  6121	1.224300e+02	0.000000e+00
  6122	1.224500e+02	0.000000e+00
  6123	1.224700e+02	0.000000e+00
  6124	1.224900e+02	0.000000e+00
  6125	1.225100e+02	0.000000e+00
  6126	1.225300e+02	0.000000e+00
  6127	1.225500e+02	0.000000e+00
  6128	1.225700e+02	0.000000e+00
  6129	1.225900e+02	0.000000e+00
  6130	1.226100e+02	0.000000e+00
  6131	1.226300e+02	0.000000e+00
  6132	1.226500e+02	0.000000e+00
  6133	1.226700e+02	0.000000e+00
  6134	1.226900e+02	0.000000e+00
  6135	1.227100e+02	0.000000e+00
  6136	1.227300e+02	0.000000e+00
  6137	1.227500e+02	0.000000e+00
  6138	1.227700e+02	0.000000e+00
  6139	1.227900e+02	0.000000e+00
  6140	1.228100e+02	0.000000e+00
  6141	1.228300e+02	0.000000e+00
  6142	1.228500e+02	0.000000e+00
  6143	1.228700e+02	0.000000e+00
  6144	1.228900e+02	0.000000e+00
  6145	1.229100e+02	0.000000e+00
  6146	1.229300e+02	0.000000e+00
  6147	1.229500e+02	0.000000e+00
  6148	1.229700e+02	0.000000e+00
  6149	1.229900e+02	0.000000e+00
  6150	1.230100e+02	0.000000e+00
  6151	1.230300e+02	0.000000e+00
  6152	1.230500e+02	0.000000e+00
  6153	1.230700e+02	0.000000e+00
  6154	1.230900e+02	0.000000e+00
  6155	1.231100e+02	0.000000e+00
  6156	1.231300e+02	0.000000e+00
  6157	1.231500e+02	0.000000e+00
  6158	1.231700e+02	0.000000e+00
  6159	1.231900e+02	0.000000e+00
  6160	1.232100e+02	0.000000e+00
  6161	1.232300e+02	0.000000e+00
  6162	1.232500e+02	0.000000e+00
  6163	1.232700e+02	0.000000e+00
  6164	1.232900e+02	0.000000e+00
  6165	1.233100e+02	0.000000e+00
  6166	1.233300e+02	0.000000e+00
  6167	1.233500e+02	0.000000e+00
  6168	1.233700e+02	0.000000e+00
  6169	1.233900e+02	0.000000e+00
  6170	1.234100e+02	0.000000e+00
  6171	1.234300e+02	0.000000e+00
  6172	1.234500e+02	0.000000e+00
  6173	1.234700e+02	0.000000e+00
  6174	1.234900e+02	0.000000e+00
  6175	1.235100e+02	0.000000e+00
  6176	1.235300e+02	0.000000e+00
  6177	1.235500e+02	0.000000e+00
  6178	1.235700e+02	0.000000e+00
  6179	1.235900e+02	0.000000e+00
  6180	1.236100e+02	0.000000e+00
  6181	1.236300e+02	0.000000e+00
  6182	1.236500e+02	0.000000e+00
  6183	1.236700e+02	0.000000e+00
  6184	1.236900e+02	0.000000e+00
  6185	1.237100e+02	0.000000e+00
  6186	1.237300e+02	0.000000e+00
  6187	1.237500e+02	0.000000e+00
  6188	1.237700e+02	0.000000e+00
  6189	1.237900e+02	0.000000e+00
  6190	1.238100e+02	0.000000e+00
  6191	1.238300e+02	0.000000e+00
  6192	1.238500e+02	0.000000e+00
  6193	1.238700e+02	0.000000e+00
  6194	1.238900e+02	0.000000e+00
  6195	1.239100e+02	0.000000e+00
  6196	1.239300e+02	0.000000e+00
  6197	1.239500e+02	0.000000e+00
  6198	1.239700e+02	0.000000e+00
  6199	1.239900e+02	0.000000e+00
  6200	1.240100e+02	0.000000e+00
  6201	1.240300e+02	0.000000e+00
  6202	1.240500e+02	0.000000e+00
  6203	1.240700e+02	0.000000e+00
  6204	1.240900e+02	0.000000e+00
  6205	1.241100e+02	0.000000e+00
  6206	1.241300e+02	0.000000e+00
  6207	1.241500e+02	0.000000e+00
  6208	1.241700e+02	0.000000e+00
  6209	1.241900e+02	0.000000e+00
  6210	1.242100e+02	0.000000e+00
  6211	1.242300e+02	0.000000e+00
  6212	1.242500e+02	0.000000e+00
  6213	1.242700e+02	0.000000e+00
  6214	1.242900e+02	0.000000e+00
  6215	1.243100e+02	0.000000e+00
  6216	1.243300e+02	0.000000e+00
  6217	1.243500e+02	0.000000e+00
  6218	1.243700e+02	0.000000e+00
  6219	1.243900e+02	0.000000e+00
  6220	1.244100e+02	0.000000e+00
  6221	1.244300e+02	0.000000e+00
  6222	1.244500e+02	0.000000e+00
  6223	1.244700e+02	0.000000e+00
  6224	1.244900e+02	0.000000e+00
  6225	1.245100e+02	0.000000e+00
  6226	1.245300e+02	0.000000e+00
  6227	1.245500e+02	0.000000e+00
  6228	1.245700e+02	0.000000e+00
  6229	1.245900e+02	0.000000e+00
  6230	1.246100e+02	0.000000e+00
  6231	1.246300e+02	0.000000e+00
  6232	1.246500e+02	0.000000e+00
  6233	1.246700e+02	0.000000e+00
  6234	1.246900e+02	0.000000e+00
  6235	1.247100e+02	0.000000e+00
  6236	1.247300e+02	0.000000e+00
  6237	1.247500e+02	0.000000e+00
  6238	1.247700e+02	0.000000e+00
  6239	1.247900e+02	0.000000e+00
  6240	1.248100e+02	0.000000e+00
  6241	1.248300e+02	0.000000e+00
  6242	1.248500e+02	0.000000e+00
  6243	1.248700e+02	0.000000e+00
  6244	1.248900e+02	0.000000e+00
  6245	1.249100e+02	0.000000e+00
  6246	1.249300e+02	0.000000e+00
  6247	1.249500e+02	0.000000e+00
  6248	1.249700e+02	0.000000e+00
  6249	1.249900e+02	1.000000e+00
  6250	1.250100e+02	0.000000e+00
  6251	1.250300e+02	0.000000e+00
  6252	1.250500e+02	0.000000e+00
  6253	1.250700e+02	0.000000e+00
  6254	1.250900e+02	0.000000e+00
  6255	1.251100e+02	0.000000e+00
  6256	1.251300e+02	0.000000e+00
  6257	1.251500e+02	0.000000e+00
  6258	1.251700e+02	0.000000e+00
  6259	1.251900e+02	0.000000e+00
  6260	1.252100e+02	0.000000e+00
  6261	1.252300e+02	0.000000e+00
  6262	1.252500e+02	0.000000e+00
  6263	1.252700e+02	0.000000e+00
  6264	1.252900e+02	0.000000e+00
  6265	1.253100e+02	0.000000e+00
  6266	1.253300e+02	0.000000e+00
  6267	1.253500e+02	0.000000e+00
  6268	1.253700e+02	0.000000e+00
  6269	1.253900e+02	0.000000e+00
  6270	1.254100e+02	0.000000e+00
  6271	1.254300e+02	0.000000e+00
  6272	1.254500e+02	0.000000e+00
  6273	1.254700e+02	0.000000e+00
  6274	1.254900e+02	0.000000e+00
  6275	1.255100e+02	0.000000e+00
  6276	1.255300e+02	0.000000e+00
  6277	1.255500e+02	0.000000e+00
  6278	1.255700e+02	0.000000e+00
  6279	1.255900e+02	0.000000e+00
  6280	1.256100e+02	0.000000e+00
  6281	1.256300e+02	0.000000e+00
  6282	1.256500e+02	0.000000e+00
  6283	1.256700e+02	0.000000e+00
  6284	1.256900e+02	0.000000e+00
  6285	1.257100e+02	0.000000e+00
  6286	1.257300e+02	0.000000e+00
  6287	1.257500e+02	0.000000e+00
  6288	1.257700e+02	0.000000e+00
  6289	1.257900e+02	0.000000e+00
  6290	1.258100e+02	0.000000e+00
  6291	1.258300e+02	0.000000e+00
  6292	1.258500e+02	0.000000e+00
  6293	1.258700e+02	0.000000e+00
  6294	1.258900e+02	0.000000e+00
  6295	1.259100e+02	0.000000e+00
  6296	1.259300e+02	0.000000e+00
  6297	1.259500e+02	0.000000e+00
  6298	1.259700e+02	0.000000e+00
  6299	1.259900e+02	0.000000e+00
  6300	1.260100e+02	0.000000e+00
  6301	1.260300e+02	0.000000e+00
  6302	1.260500e+02	0.000000e+00
  6303	1.260700e+02	0.000000e+00
  6304	1.260900e+02	0.000000e+00
  6305	1.261100e+02	0.000000e+00
  6306	1.261300e+02	0.000000e+00
  6307	1.261500e+02	0.000000e+00
  6308	1.261700e+02	0.000000e+00
  6309	1.261900e+02	0.000000e+00
  6310	1.262100e+02	0.000000e+00
  6311	1.262300e+02	0.000000e+00
  6312	1.262500e+02	0.000000e+00
  6313	1.262700e+02	0.000000e+00
  6314	1.262900e+02	0.000000e+00
  6315	1.263100e+02	0.000000e+00
  6316	1.263300e+02	0.000000e+00
  6317	1.263500e+02	0.000000e+00
  6318	1.263700e+02	0.000000e+00
  6319	1.263900e+02	0.000000e+00
  6320	1.264100e+02	0.000000e+00
  6321	1.264300e+02	0.000000e+00
  6322	1.264500e+02	0.000000e+00
  6323	1.264700e+02	0.000000e+00
  6324	1.264900e+02	0.000000e+00
  6325	1.265100e+02	0.000000e+00
  6326	1.265300e+02	0.000000e+00
  6327	1.265500e+02	0.000000e+00
  6328	1.265700e+02	0.000000e+00
  6329	1.265900e+02	0.000000e+00
  6330	1.266100e+02	0.000000e+00
  6331	1.266300e+02	0.000000e+00
  6332	1.266500e+02	0.000000e+00
  6333	1.266700e+02	0.000000e+00
  6334	1.266900e+02	0.000000e+00
  6335	1.267100e+02	0.000000e+00
  6336	1.267300e+02	0.000000e+00
  6337	1.267500e+02	0.000000e+00
  6338	1.267700e+02	0.000000e+00
  6339	1.267900e+02	0.000000e+00
  6340	1.268100e+02	0.000000e+00
  6341	1.268300e+02	0.000000e+00
  6342	1.268500e+02	0.000000e+00
  6343	1.268700e+02	0.000000e+00
  6344	1.268900e+02	0.000000e+00
  6345	1.269100e+02	0.000000e+00
  6346	1.269300e+02	0.000000e+00
  6347	1.269500e+02	0.000000e+00
  6348	1.269700e+02	0.000000e+00
  6349	1.269900e+02	0.000000e+00
  6350	1.270100e+02	0.000000e+00
  6351	1.270300e+02	0.000000e+00
  6352	1.270500e+02	0.000000e+00
  6353	1.270700e+02	0.000000e+00
  6354	1.270900e+02	0.000000e+00
  6355	1.271100e+02	0.000000e+00
  6356	1.271300e+02	0.000000e+00
  6357	1.271500e+02	0.000000e+00
  6358	1.271700e+02	0.000000e+00
  6359	1.271900e+02	0.000000e+00
  6360	1.272100e+02	1.000000e+00
  6361	1.272300e+02	0.000000e+00
  6362	1.272500e+02	0.000000e+00
  6363	1.272700e+02	0.000000e+00
  6364	1.272900e+02	0.000000e+00
  6365	1.273100e+02	0.000000e+00
  6366	1.273300e+02	0.000000e+00
  6367	1.273500e+02	0.000000e+00
  6368	1.273700e+02	0.000000e+00
  6369	1.273900e+02	0.000000e+00
  6370	1.274100e+02	0.000000e+00
  6371	1.274300e+02	0.000000e+00
  6372	1.274500e+02	0.000000e+00
  6373	1.274700e+02	0.000000e+00
  6374	1.274900e+02	0.000000e+00
  6375	1.275100e+02	0.000000e+00
  6376	1.275300e+02	0.000000e+00
  6377	1.275500e+02	0.000000e+00
  6378	1.275700e+02	1.000000e+00
  6379	1.275900e+02	0.000000e+00
  6380	1.276100e+02	0.000000e+00
  6381	1.276300e+02	0.000000e+00
  6382	1.276500e+02	0.000000e+00
  6383	1.276700e+02	0.000000e+00
  6384	1.276900e+02	0.000000e+00
  6385	1.277100e+02	0.000000e+00
  6386	1.277300e+02	0.000000e+00
  6387	1.277500e+02	0.000000e+00
  6388	1.277700e+02	0.000000e+00
  6389	1.277900e+02	0.000000e+00
  6390	1.278100e+02	0.000000e+00
  6391	1.278300e+02	0.000000e+00
  6392	1.278500e+02	0.000000e+00
  6393	1.278700e+02	0.000000e+00
  6394	1.278900e+02	0.000000e+00
  6395	1.279100e+02	0.000000e+00
  6396	1.279300e+02	0.000000e+00
  6397	1.279500e+02	0.000000e+00
  6398	1.279700e+02	0.000000e+00
  6399	1.279900e+02	0.000000e+00
  6400	1.280100e+02	0.000000e+00
  6401	1.280300e+02	0.000000e+00
  6402	1.280500e+02	0.000000e+00
  6403	1.280700e+02	0.000000e+00
  6404	1.280900e+02	0.000000e+00
  6405	1.281100e+02	0.000000e+00
  6406	1.281300e+02	0.000000e+00
  6407	1.281500e+02	0.000000e+00
  6408	1.281700e+02	0.000000e+00
  6409	1.281900e+02	0.000000e+00
  6410	1.282100e+02	0.000000e+00
  6411	1.282300e+02	0.000000e+00
  6412	1.282500e+02	0.000000e+00
  6413	1.282700e+02	0.000000e+00
  6414	1.282900e+02	0.000000e+00
  6415	1.283100e+02	0.000000e+00
  6416	1.283300e+02	0.000000e+00
  6417	1.283500e+02	0.000000e+00
  6418	1.283700e+02	0.000000e+00
  6419	1.283900e+02	0.000000e+00
  6420	1.284100e+02	0.000000e+00
  6421	1.284300e+02	0.000000e+00
  6422	1.284500e+02	0.000000e+00
  6423	1.284700e+02	0.000000e+00
  6424	1.284900e+02	0.000000e+00
  6425	1.285100e+02	0.000000e+00
  6426	1.285300e+02	0.000000e+00
  6427	1.285500e+02	0.000000e+00
  6428	1.285700e+02	0.000000e+00
  6429	1.285900e+02	0.000000e+00
  6430	1.286100e+02	0.000000e+00
  6431	1.286300e+02	0.000000e+00
  6432	1.286500e+02	0.000000e+00
  6433	1.286700e+02	0.000000e+00
  6434	1.286900e+02	0.000000e+00
  6435	1.287100e+02	0.000000e+00
  6436	1.287300e+02	0.000000e+00
  6437	1.287500e+02	0.000000e+00
  6438	1.287700e+02	0.000000e+00
  6439	1.287900e+02	0.000000e+00
  6440	1.288100e+02	0.000000e+00
  6441	1.288300e+02	0.000000e+00
  6442	1.288500e+02	0.000000e+00
  6443	1.288700e+02	0.000000e+00
  6444	1.288900e+02	0.000000e+00
  6445	1.289100e+02	0.000000e+00
  6446	1.289300e+02	0.000000e+00
  6447	1.289500e+02	0.000000e+00
  6448	1.289700e+02	0.000000e+00
  6449	1.289900e+02	0.000000e+00
  6450	1.290100e+02	0.000000e+00
  6451	1.290300e+02	0.000000e+00
  6452	1.290500e+02	0.000000e+00
  6453	1.290700e+02	0.000000e+00
  6454	1.290900e+02	0.000000e+00
  6455	1.291100e+02	0.000000e+00
  6456	1.291300e+02	0.000000e+00
  6457	1.291500e+02	0.000000e+00
  6458	1.291700e+02	0.000000e+00
  6459	1.291900e+02	0.000000e+00
  6460	1.292100e+02	0.000000e+00
  6461	1.292300e+02	0.000000e+00
  6462	1.292500e+02	0.000000e+00
  6463	1.292700e+02	0.000000e+00
  6464	1.292900e+02	0.000000e+00
  6465	1.293100e+02	0.000000e+00
  6466	1.293300e+02	0.000000e+00
  6467	1.293500e+02	0.000000e+00
  6468	1.293700e+02	0.000000e+00
  6469	1.293900e+02	0.000000e+00
  6470	1.294100e+02	0.000000e+00
  6471	1.294300e+02	0.000000e+00
  6472	1.294500e+02	0.000000e+00
  6473	1.294700e+02	0.000000e+00
  6474	1.294900e+02	0.000000e+00
  6475	1.295100e+02	0.000000e+00
  6476	1.295300e+02	0.000000e+00
  6477	1.295500e+02	0.000000e+00
  6478	1.295700e+02	0.000000e+00
  6479	1.295900e+02	0.000000e+00
  6480	1.296100e+02	0.000000e+00
  6481	1.296300e+02	0.000000e+00
  6482	1.296500e+02	0.000000e+00
  6483	1.296700e+02	0.000000e+00
  6484	1.296900e+02	0.000000e+00
  6485	1.297100e+02	0.000000e+00
  6486	1.297300e+02	0.000000e+00
  6487	1.297500e+02	0.000000e+00
  6488	1.297700e+02	0.000000e+00
  6489	1.297900e+02	0.000000e+00
  6490	1.298100e+02	0.000000e+00
  6491	1.298300e+02	0.000000e+00
  6492	1.298500e+02	0.000000e+00
  6493	1.298700e+02	0.000000e+00
  6494	1.298900e+02	0.000000e+00
  6495	1.299100e+02	0.000000e+00
  6496	1.299300e+02	0.000000e+00
  6497	1.299500e+02	0.000000e+00
  6498	1.299700e+02	0.000000e+00
  6499	1.299900e+02	0.000000e+00
  6500	1.300100e+02	0.000000e+00
  6501	1.300300e+02	0.000000e+00
  6502	1.300500e+02	0.000000e+00
  6503	1.300700e+02	0.000000e+00
  6504	1.300900e+02	0.000000e+00
  6505	1.301100e+02	0.000000e+00
  6506	1.301300e+02	0.000000e+00
  6507	1.301500e+02	0.000000e+00
  6508	1.301700e+02	0.000000e+00
  6509	1.301900e+02	0.000000e+00
  6510	1.302100e+02	0.000000e+00
  6511	1.302300e+02	0.000000e+00
  6512	1.302500e+02	0.000000e+00
  6513	1.302700e+02	0.000000e+00
  6514	1.302900e+02	0.000000e+00
  6515	1.303100e+02	0.000000e+00
  6516	1.303300e+02	0.000000e+00
  6517	1.303500e+02	0.000000e+00
  6518	1.303700e+02	0.000000e+00
  6519	1.303900e+02	0.000000e+00
  6520	1.304100e+02	0.000000e+00
  6521	1.304300e+02	0.000000e+00
  6522	1.304500e+02	0.000000e+00
  6523	1.304700e+02	0.000000e+00
  6524	1.304900e+02	0.000000e+00
  6525	1.305100e+02	0.000000e+00
  6526	1.305300e+02	0.000000e+00
  6527	1.305500e+02	0.000000e+00
  6528	1.305700e+02	0.000000e+00
  6529	1.305900e+02	0.000000e+00
  6530	1.306100e+02	0.000000e+00
  6531	1.306300e+02	0.000000e+00
  6532	1.306500e+02	0.000000e+00
  6533	1.306700e+02	0.000000e+00
  6534	1.306900e+02	0.000000e+00
  6535	1.307100e+02	0.000000e+00
  6536	1.307300e+02	0.000000e+00
  6537	1.307500e+02	0.000000e+00
  6538	1.307700e+02	0.000000e+00
  6539	1.307900e+02	0.000000e+00
  6540	1.308100e+02	0.000000e+00
  6541	1.308300e+02	0.000000e+00
  6542	1.308500e+02	0.000000e+00
  6543	1.308700e+02	0.000000e+00
  6544	1.308900e+02	0.000000e+00
  6545	1.309100e+02	0.000000e+00
  6546	1.309300e+02	0.000000e+00
  6547	1.309500e+02	0.000000e+00
  6548	1.309700e+02	0.000000e+00
  6549	1.309900e+02	0.000000e+00
  6550	1.310100e+02	0.000000e+00
  6551	1.310300e+02	0.000000e+00
  6552	1.310500e+02	0.000000e+00
  6553	1.310700e+02	0.000000e+00
  6554	1.310900e+02	0.000000e+00
  6555	1.311100e+02	0.000000e+00
  6556	1.311300e+02	0.000000e+00
  6557	1.311500e+02	0.000000e+00
  6558	1.311700e+02	0.000000e+00
  6559	1.311900e+02	0.000000e+00
  6560	1.312100e+02	0.000000e+00
  6561	1.312300e+02	0.000000e+00
  6562	1.312500e+02	0.000000e+00
  6563	1.312700e+02	0.000000e+00
  6564	1.312900e+02	0.000000e+00
  6565	1.313100e+02	0.000000e+00
  6566	1.313300e+02	0.000000e+00
  6567	1.313500e+02	0.000000e+00
  6568	1.313700e+02	0.000000e+00
  6569	1.313900e+02	0.000000e+00
  6570	1.314100e+02	0.000000e+00
  6571	1.314300e+02	0.000000e+00
  6572	1.314500e+02	0.000000e+00
  6573	1.314700e+02	0.000000e+00
  6574	1.314900e+02	0.000000e+00
  6575	1.315100e+02	0.000000e+00
  6576	1.315300e+02	0.000000e+00
  6577	1.315500e+02	0.000000e+00
  6578	1.315700e+02	0.000000e+00
  6579	1.315900e+02	0.000000e+00
  6580	1.316100e+02	0.000000e+00
  6581	1.316300e+02	0.000000e+00
  6582	1.316500e+02	0.000000e+00
  6583	1.316700e+02	0.000000e+00
  6584	1.316900e+02	0.000000e+00
  6585	1.317100e+02	0.000000e+00
  6586	1.317300e+02	0.000000e+00
  6587	1.317500e+02	0.000000e+00
  6588	1.317700e+02	0.000000e+00
  6589	1.317900e+02	0.000000e+00
  6590	1.318100e+02	0.000000e+00
  6591	1.318300e+02	0.000000e+00
  6592	1.318500e+02	0.000000e+00
  6593	1.318700e+02	0.000000e+00
  6594	1.318900e+02	0.000000e+00
  6595	1.319100e+02	0.000000e+00
  6596	1.319300e+02	0.000000e+00
  6597	1.319500e+02	0.000000e+00
  6598	1.319700e+02	0.000000e+00
  6599	1.319900e+02	0.000000e+00
  6600	1.320100e+02	0.000000e+00
  6601	1.320300e+02	0.000000e+00
  6602	1.320500e+02	0.000000e+00
  6603	1.320700e+02	0.000000e+00
  6604	1.320900e+02	0.000000e+00
  6605	1.321100e+02	0.000000e+00
  6606	1.321300e+02	0.000000e+00
  6607	1.321500e+02	0.000000e+00
  6608	1.321700e+02	0.000000e+00
  6609	1.321900e+02	0.000000e+00
  6610	1.322100e+02	0.000000e+00
  6611	1.322300e+02	0.000000e+00
  6612	1.322500e+02	0.000000e+00
  6613	1.322700e+02	0.000000e+00
  6614	1.322900e+02	0.000000e+00
  6615	1.323100e+02	0.000000e+00
  6616	1.323300e+02	0.000000e+00
  6617	1.323500e+02	0.000000e+00
  6618	1.323700e+02	0.000000e+00
  6619	1.323900e+02	0.000000e+00
  6620	1.324100e+02	0.000000e+00
  6621	1.324300e+02	0.000000e+00
  6622	1.324500e+02	0.000000e+00
  6623	1.324700e+02	0.000000e+00
  6624	1.324900e+02	0.000000e+00
  6625	1.325100e+02	0.000000e+00
  6626	1.325300e+02	0.000000e+00
  6627	1.325500e+02	0.000000e+00
  6628	1.325700e+02	0.000000e+00
  6629	1.325900e+02	0.000000e+00
  6630	1.326100e+02	0.000000e+00
  6631	1.326300e+02	0.000000e+00
  6632	1.326500e+02	0.000000e+00
  6633	1.326700e+02	0.000000e+00
  6634	1.326900e+02	0.000000e+00
  6635	1.327100e+02	0.000000e+00
  6636	1.327300e+02	0.000000e+00
  6637	1.327500e+02	0.000000e+00
  6638	1.327700e+02	0.000000e+00
  6639	1.327900e+02	0.000000e+00
  6640	1.328100e+02	0.000000e+00
  6641	1.328300e+02	0.000000e+00
  6642	1.328500e+02	0.000000e+00
  6643	1.328700e+02	0.000000e+00
  6644	1.328900e+02	0.000000e+00
  6645	1.329100e+02	0.000000e+00
  6646	1.329300e+02	0.000000e+00
  6647	1.329500e+02	0.000000e+00
  6648	1.329700e+02	0.000000e+00
  6649	1.329900e+02	0.000000e+00
  6650	1.330100e+02	0.000000e+00
  6651	1.330300e+02	0.000000e+00
  6652	1.330500e+02	0.000000e+00
  6653	1.330700e+02	0.000000e+00
  6654	1.330900e+02	0.000000e+00
  6655	1.331100e+02	0.000000e+00
  6656	1.331300e+02	0.000000e+00
  6657	1.331500e+02	0.000000e+00
  6658	1.331700e+02	0.000000e+00
  6659	1.331900e+02	0.000000e+00
  6660	1.332100e+02	0.000000e+00
  6661	1.332300e+02	0.000000e+00
  6662	1.332500e+02	0.000000e+00
  6663	1.332700e+02	0.000000e+00
  6664	1.332900e+02	0.000000e+00
  6665	1.333100e+02	0.000000e+00
  6666	1.333300e+02	0.000000e+00
  6667	1.333500e+02	0.000000e+00
  6668	1.333700e+02	0.000000e+00
  6669	1.333900e+02	0.000000e+00
  6670	1.334100e+02	0.000000e+00
  6671	1.334300e+02	0.000000e+00
  6672	1.334500e+02	0.000000e+00
  6673	1.334700e+02	0.000000e+00
  6674	1.334900e+02	0.000000e+00
  6675	1.335100e+02	0.000000e+00
  6676	1.335300e+02	0.000000e+00
  6677	1.335500e+02	0.000000e+00
  6678	1.335700e+02	0.000000e+00
  6679	1.335900e+02	0.000000e+00
  6680	1.336100e+02	0.000000e+00
  6681	1.336300e+02	0.000000e+00
  6682	1.336500e+02	0.000000e+00
  6683	1.336700e+02	0.000000e+00
  6684	1.336900e+02	0.000000e+00
  6685	1.337100e+02	0.000000e+00
  6686	1.337300e+02	0.000000e+00
  6687	1.337500e+02	0.000000e+00
  6688	1.337700e+02	0.000000e+00
  6689	1.337900e+02	0.000000e+00
  6690	1.338100e+02	0.000000e+00
  6691	1.338300e+02	0.000000e+00
  6692	1.338500e+02	0.000000e+00
  6693	1.338700e+02	0.000000e+00
  6694	1.338900e+02	0.000000e+00
  6695	1.339100e+02	0.000000e+00
  6696	1.339300e+02	0.000000e+00
  6697	1.339500e+02	0.000000e+00
  6698	1.339700e+02	0.000000e+00
  6699	1.339900e+02	0.000000e+00
  6700	1.340100e+02	0.000000e+00
  6701	1.340300e+02	0.000000e+00
  6702	1.340500e+02	0.000000e+00
  6703	1.340700e+02	0.000000e+00
  6704	1.340900e+02	0.000000e+00
  6705	1.341100e+02	0.000000e+00
  6706	1.341300e+02	0.000000e+00
  6707	1.341500e+02	0.000000e+00
  6708	1.341700e+02	0.000000e+00
  6709	1.341900e+02	0.000000e+00
  6710	1.342100e+02	0.000000e+00
  6711	1.342300e+02	0.000000e+00
  6712	1.342500e+02	0.000000e+00
  6713	1.342700e+02	0.000000e+00
  6714	1.342900e+02	0.000000e+00
  6715	1.343100e+02	0.000000e+00
  6716	1.343300e+02	0.000000e+00
  6717	1.343500e+02	0.000000e+00
  6718	1.343700e+02	0.000000e+00
  6719	1.343900e+02	0.000000e+00
  6720	1.344100e+02	0.000000e+00
  6721	1.344300e+02	0.000000e+00
  6722	1.344500e+02	0.000000e+00
  6723	1.344700e+02	0.000000e+00
  6724	1.344900e+02	0.000000e+00
  6725	1.345100e+02	0.000000e+00
  6726	1.345300e+02	0.000000e+00
  6727	1.345500e+02	0.000000e+00
  6728	1.345700e+02	0.000000e+00
  6729	1.345900e+02	0.000000e+00
  6730	1.346100e+02	0.000000e+00
  6731	1.346300e+02	0.000000e+00
  6732	1.346500e+02	0.000000e+00
  6733	1.346700e+02	0.000000e+00
  6734	1.346900e+02	0.000000e+00
  6735	1.347100e+02	0.000000e+00
  6736	1.347300e+02	0.000000e+00
  6737	1.347500e+02	0.000000e+00
  6738	1.347700e+02	0.000000e+00
  6739	1.347900e+02	0.000000e+00
  6740	1.348100e+02	0.000000e+00
  6741	1.348300e+02	0.000000e+00
  6742	1.348500e+02	0.000000e+00
  6743	1.348700e+02	0.000000e+00
  6744	1.348900e+02	0.000000e+00
  6745	1.349100e+02	0.000000e+00
  6746	1.349300e+02	0.000000e+00
  6747	1.349500e+02	0.000000e+00
  6748	1.349700e+02	0.000000e+00
  6749	1.349900e+02	0.000000e+00
  6750	1.350100e+02	0.000000e+00
  6751	1.350300e+02	0.000000e+00
  6752	1.350500e+02	0.000000e+00
  6753	1.350700e+02	0.000000e+00
  6754	1.350900e+02	0.000000e+00
  6755	1.351100e+02	0.000000e+00
  6756	1.351300e+02	0.000000e+00
  6757	1.351500e+02	0.000000e+00
  6758	1.351700e+02	0.000000e+00
  6759	1.351900e+02	0.000000e+00
  6760	1.352100e+02	1.000000e+00
  6761	1.352300e+02	0.000000e+00
  6762	1.352500e+02	0.000000e+00
  6763	1.352700e+02	0.000000e+00
  6764	1.352900e+02	0.000000e+00
  6765	1.353100e+02	0.000000e+00
  6766	1.353300e+02	0.000000e+00
  6767	1.353500e+02	0.000000e+00
  6768	1.353700e+02	0.000000e+00
  6769	1.353900e+02	0.000000e+00
  6770	1.354100e+02	0.000000e+00
  6771	1.354300e+02	0.000000e+00
  6772	1.354500e+02	0.000000e+00
  6773	1.354700e+02	0.000000e+00
  6774	1.354900e+02	0.000000e+00
  6775	1.355100e+02	0.000000e+00
  6776	1.355300e+02	0.000000e+00
  6777	1.355500e+02	0.000000e+00
  6778	1.355700e+02	0.000000e+00
  6779	1.355900e+02	0.000000e+00
  6780	1.356100e+02	0.000000e+00
  6781	1.356300e+02	0.000000e+00
  6782	1.356500e+02	0.000000e+00
  6783	1.356700e+02	0.000000e+00
  6784	1.356900e+02	0.000000e+00
  6785	1.357100e+02	0.000000e+00
  6786	1.357300e+02	0.000000e+00
  6787	1.357500e+02	0.000000e+00
  6788	1.357700e+02	0.000000e+00
  6789	1.357900e+02	0.000000e+00
  6790	1.358100e+02	0.000000e+00
  6791	1.358300e+02	0.000000e+00
  6792	1.358500e+02	0.000000e+00
  6793	1.358700e+02	0.000000e+00
  6794	1.358900e+02	0.000000e+00
  6795	1.359100e+02	0.000000e+00
  6796	1.359300e+02	0.000000e+00
  6797	1.359500e+02	0.000000e+00
  6798	1.359700e+02	0.000000e+00
  6799	1.359900e+02	0.000000e+00
  6800	1.360100e+02	0.000000e+00
  6801	1.360300e+02	0.000000e+00
  6802	1.360500e+02	0.000000e+00
  6803	1.360700e+02	0.000000e+00
  6804	1.360900e+02	0.000000e+00
  6805	1.361100e+02	0.000000e+00
  6806	1.361300e+02	0.000000e+00
  6807	1.361500e+02	0.000000e+00
  6808	1.361700e+02	0.000000e+00
  6809	1.361900e+02	0.000000e+00
  6810	1.362100e+02	0.000000e+00
  6811	1.362300e+02	0.000000e+00
  6812	1.362500e+02	0.000000e+00
  6813	1.362700e+02	0.000000e+00
  6814	1.362900e+02	0.000000e+00
  6815	1.363100e+02	0.000000e+00
  6816	1.363300e+02	0.000000e+00
  6817	1.363500e+02	0.000000e+00
  6818	1.363700e+02	0.000000e+00
  6819	1.363900e+02	0.000000e+00
  6820	1.364100e+02	0.000000e+00
  6821	1.364300e+02	0.000000e+00
  6822	1.364500e+02	0.000000e+00
  6823	1.364700e+02	0.000000e+00
  6824	1.364900e+02	0.000000e+00
  6825	1.365100e+02	0.000000e+00
  6826	1.365300e+02	0.000000e+00
  6827	1.365500e+02	0.000000e+00
  6828	1.365700e+02	0.000000e+00
  6829	1.365900e+02	0.000000e+00
  6830	1.366100e+02	0.000000e+00
  6831	1.366300e+02	0.000000e+00
  6832	1.366500e+02	0.000000e+00
  6833	1.366700e+02	0.000000e+00
  6834	1.366900e+02	0.000000e+00
  6835	1.367100e+02	0.000000e+00
  6836	1.367300e+02	0.000000e+00
  6837	1.367500e+02	0.000000e+00
  6838	1.367700e+02	0.000000e+00
  6839	1.367900e+02	0.000000e+00
  6840	1.368100e+02	0.000000e+00
  6841	1.368300e+02	0.000000e+00
  6842	1.368500e+02	0.000000e+00
  6843	1.368700e+02	0.000000e+00
  6844	1.368900e+02	0.000000e+00
  6845	1.369100e+02	0.000000e+00
  6846	1.369300e+02	0.000000e+00
  6847	1.369500e+02	0.000000e+00
  6848	1.369700e+02	0.000000e+00
  6849	1.369900e+02	0.000000e+00
  6850	1.370100e+02	0.000000e+00
  6851	1.370300e+02	0.000000e+00
  6852	1.370500e+02	0.000000e+00
  6853	1.370700e+02	0.000000e+00
  6854	1.370900e+02	0.000000e+00
  6855	1.371100e+02	0.000000e+00
  6856	1.371300e+02	0.000000e+00
  6857	1.371500e+02	0.000000e+00
  6858	1.371700e+02	0.000000e+00
  6859	1.371900e+02	0.000000e+00
  6860	1.372100e+02	0.000000e+00
  6861	1.372300e+02	0.000000e+00
  6862	1.372500e+02	0.000000e+00
  6863	1.372700e+02	0.000000e+00
  6864	1.372900e+02	0.000000e+00
  6865	1.373100e+02	0.000000e+00
  6866	1.373300e+02	0.000000e+00
  6867	1.373500e+02	0.000000e+00
  6868	1.373700e+02	0.000000e+00
  6869	1.373900e+02	0.000000e+00
  6870	1.374100e+02	0.000000e+00
  6871	1.374300e+02	0.000000e+00
  6872	1.374500e+02	0.000000e+00
  6873	1.374700e+02	0.000000e+00
  6874	1.374900e+02	0.000000e+00
  6875	1.375100e+02	0.000000e+00
  6876	1.375300e+02	0.000000e+00
  6877	1.375500e+02	0.000000e+00
  6878	1.375700e+02	0.000000e+00
  6879	1.375900e+02	0.000000e+00
  6880	1.376100e+02	0.000000e+00
  6881	1.376300e+02	0.000000e+00
  6882	1.376500e+02	0.000000e+00
  6883	1.376700e+02	0.000000e+00
  6884	1.376900e+02	0.000000e+00
  6885	1.377100e+02	0.000000e+00
  6886	1.377300e+02	0.000000e+00
  6887	1.377500e+02	0.000000e+00
  6888	1.377700e+02	0.000000e+00
  6889	1.377900e+02	0.000000e+00
  6890	1.378100e+02	0.000000e+00
  6891	1.378300e+02	0.000000e+00
  6892	1.378500e+02	0.000000e+00
  6893	1.378700e+02	0.000000e+00
  6894	1.378900e+02	0.000000e+00
  6895	1.379100e+02	0.000000e+00
  6896	1.379300e+02	0.000000e+00
  6897	1.379500e+02	0.000000e+00
  6898	1.379700e+02	0.000000e+00
  6899	1.379900e+02	0.000000e+00
  6900	1.380100e+02	0.000000e+00
  6901	1.380300e+02	0.000000e+00
  6902	1.380500e+02	0.000000e+00
  6903	1.380700e+02	0.000000e+00
  6904	1.380900e+02	0.000000e+00
  6905	1.381100e+02	0.000000e+00
  6906	1.381300e+02	0.000000e+00
  6907	1.381500e+02	0.000000e+00
  6908	1.381700e+02	0.000000e+00
  6909	1.381900e+02	0.000000e+00
  6910	1.382100e+02	0.000000e+00
  6911	1.382300e+02	0.000000e+00
  6912	1.382500e+02	0.000000e+00
  6913	1.382700e+02	0.000000e+00
  6914	1.382900e+02	0.000000e+00
  6915	1.383100e+02	0.000000e+00
  6916	1.383300e+02	0.000000e+00
  6917	1.383500e+02	0.000000e+00
  6918	1.383700e+02	0.000000e+00
  6919	1.383900e+02	0.000000e+00
  6920	1.384100e+02	0.000000e+00
  6921	1.384300e+02	0.000000e+00
  6922	1.384500e+02	0.000000e+00
  6923	1.384700e+02	0.000000e+00
  6924	1.384900e+02	0.000000e+00
  6925	1.385100e+02	0.000000e+00
  6926	1.385300e+02	0.000000e+00
  6927	1.385500e+02	0.000000e+00
  6928	1.385700e+02	0.000000e+00
  6929	1.385900e+02	0.000000e+00
  6930	1.386100e+02	0.000000e+00
  6931	1.386300e+02	0.000000e+00
  6932	1.386500e+02	0.000000e+00
  6933	1.386700e+02	0.000000e+00
  6934	1.386900e+02	0.000000e+00
  6935	1.387100e+02	0.000000e+00
  6936	1.387300e+02	0.000000e+00
  6937	1.387500e+02	0.000000e+00
  6938	1.387700e+02	0.000000e+00
  6939	1.387900e+02	0.000000e+00
  6940	1.388100e+02	0.000000e+00
  6941	1.388300e+02	0.000000e+00
  6942	1.388500e+02	0.000000e+00
  6943	1.388700e+02	0.000000e+00
  6944	1.388900e+02	0.000000e+00
  6945	1.389100e+02	0.000000e+00
  6946	1.389300e+02	0.000000e+00
  6947	1.389500e+02	0.000000e+00
  6948	1.389700e+02	0.000000e+00
  6949	1.389900e+02	0.000000e+00
  6950	1.390100e+02	0.000000e+00
  6951	1.390300e+02	0.000000e+00
  6952	1.390500e+02	0.000000e+00
  6953	1.390700e+02	0.000000e+00
  6954	1.390900e+02	0.000000e+00
  6955	1.391100e+02	0.000000e+00
  6956	1.391300e+02	0.000000e+00
  6957	1.391500e+02	0.000000e+00
  6958	1.391700e+02	0.000000e+00
  6959	1.391900e+02	0.000000e+00
  6960	1.392100e+02	0.000000e+00
  6961	1.392300e+02	0.000000e+00
  6962	1.392500e+02	0.000000e+00
  6963	1.392700e+02	0.000000e+00
  6964	1.392900e+02	0.000000e+00
  6965	1.393100e+02	0.000000e+00
  6966	1.393300e+02	0.000000e+00
  6967	1.393500e+02	0.000000e+00
  6968	1.393700e+02	0.000000e+00
  6969	1.393900e+02	0.000000e+00
  6970	1.394100e+02	0.000000e+00
  6971	1.394300e+02	0.000000e+00
  6972	1.394500e+02	0.000000e+00
  6973	1.394700e+02	0.000000e+00
  6974	1.394900e+02	0.000000e+00
  6975	1.395100e+02	0.000000e+00
  6976	1.395300e+02	0.000000e+00
  6977	1.395500e+02	0.000000e+00
  6978	1.395700e+02	0.000000e+00
  6979	1.395900e+02	0.000000e+00
  6980	1.396100e+02	0.000000e+00
  6981	1.396300e+02	0.000000e+00
  6982	1.396500e+02	0.000000e+00
  6983	1.396700e+02	0.000000e+00
  6984	1.396900e+02	0.000000e+00
  6985	1.397100e+02	0.000000e+00
  6986	1.397300e+02	0.000000e+00
  6987	1.397500e+02	0.000000e+00
  6988	1.397700e+02	0.000000e+00
  6989	1.397900e+02	0.000000e+00
  6990	1.398100e+02	0.000000e+00
  6991	1.398300e+02	0.000000e+00
  6992	1.398500e+02	0.000000e+00
  6993	1.398700e+02	0.000000e+00
  6994	1.398900e+02	0.000000e+00
  6995	1.399100e+02	0.000000e+00
  6996	1.399300e+02	0.000000e+00
  6997	1.399500e+02	0.000000e+00
  6998	1.399700e+02	0.000000e+00
  6999	1.399900e+02	0.000000e+00
  7000	1.400100e+02	0.000000e+00
  7001	1.400300e+02	0.000000e+00
  7002	1.400500e+02	0.000000e+00
  7003	1.400700e+02	0.000000e+00
  7004	1.400900e+02	0.000000e+00
  7005	1.401100e+02	0.000000e+00
  7006	1.401300e+02	0.000000e+00
  7007	1.401500e+02	0.000000e+00
  7008	1.401700e+02	0.000000e+00
  7009	1.401900e+02	0.000000e+00
  7010	1.402100e+02	0.000000e+00
  7011	1.402300e+02	0.000000e+00
  7012	1.402500e+02	0.000000e+00
  7013	1.402700e+02	0.000000e+00
  7014	1.402900e+02	0.000000e+00
  7015	1.403100e+02	0.000000e+00
  7016	1.403300e+02	0.000000e+00
  7017	1.403500e+02	0.000000e+00
  7018	1.403700e+02	0.000000e+00
  7019	1.403900e+02	0.000000e+00
  7020	1.404100e+02	0.000000e+00
  7021	1.404300e+02	0.000000e+00
  7022	1.404500e+02	0.000000e+00
  7023	1.404700e+02	0.000000e+00
  7024	1.404900e+02	0.000000e+00
  7025	1.405100e+02	0.000000e+00
  7026	1.405300e+02	0.000000e+00
  7027	1.405500e+02	0.000000e+00
  7028	1.405700e+02	0.000000e+00
  7029	1.405900e+02	0.000000e+00
  7030	1.406100e+02	0.000000e+00
  7031	1.406300e+02	0.000000e+00
  7032	1.406500e+02	0.000000e+00
  7033	1.406700e+02	0.000000e+00
  7034	1.406900e+02	0.000000e+00
  7035	1.407100e+02	0.000000e+00
  7036	1.407300e+02	0.000000e+00
  7037	1.407500e+02	0.000000e+00
  7038	1.407700e+02	0.000000e+00
  7039	1.407900e+02	0.000000e+00
  7040	1.408100e+02	0.000000e+00
  7041	1.408300e+02	0.000000e+00
  7042	1.408500e+02	0.000000e+00
  7043	1.408700e+02	0.000000e+00
  7044	1.408900e+02	0.000000e+00
  7045	1.409100e+02	0.000000e+00
  7046	1.409300e+02	0.000000e+00
  7047	1.409500e+02	0.000000e+00
  7048	1.409700e+02	0.000000e+00
  7049	1.409900e+02	0.000000e+00
  7050	1.410100e+02	0.000000e+00
  7051	1.410300e+02	0.000000e+00
  7052	1.410500e+02	0.000000e+00
  7053	1.410700e+02	0.000000e+00
  7054	1.410900e+02	0.000000e+00
  7055	1.411100e+02	0.000000e+00
  7056	1.411300e+02	0.000000e+00
  7057	1.411500e+02	0.000000e+00
  7058	1.411700e+02	0.000000e+00
  7059	1.411900e+02	0.000000e+00
  7060	1.412100e+02	0.000000e+00
  7061	1.412300e+02	0.000000e+00
  7062	1.412500e+02	0.000000e+00
  7063	1.412700e+02	0.000000e+00
  7064	1.412900e+02	0.000000e+00
  7065	1.413100e+02	0.000000e+00
  7066	1.413300e+02	0.000000e+00
  7067	1.413500e+02	0.000000e+00
  7068	1.413700e+02	0.000000e+00
  7069	1.413900e+02	0.000000e+00
  7070	1.414100e+02	0.000000e+00
  7071	1.414300e+02	0.000000e+00
  7072	1.414500e+02	0.000000e+00
  7073	1.414700e+02	0.000000e+00
  7074	1.414900e+02	0.000000e+00
  7075	1.415100e+02	0.000000e+00
  7076	1.415300e+02	0.000000e+00
  7077	1.415500e+02	0.000000e+00
  7078	1.415700e+02	0.000000e+00
  7079	1.415900e+02	0.000000e+00
  7080	1.416100e+02	0.000000e+00
  7081	1.416300e+02	0.000000e+00
  7082	1.416500e+02	0.000000e+00
  7083	1.416700e+02	0.000000e+00
  7084	1.416900e+02	0.000000e+00
  7085	1.417100e+02	0.000000e+00
  7086	1.417300e+02	0.000000e+00
  7087	1.417500e+02	0.000000e+00
  7088	1.417700e+02	0.000000e+00
  7089	1.417900e+02	0.000000e+00
  7090	1.418100e+02	0.000000e+00
  7091	1.418300e+02	0.000000e+00
  7092	1.418500e+02	0.000000e+00
  7093	1.418700e+02	0.000000e+00
  7094	1.418900e+02	0.000000e+00
  7095	1.419100e+02	0.000000e+00
  7096	1.419300e+02	0.000000e+00
  7097	1.419500e+02	0.000000e+00
  7098	1.419700e+02	0.000000e+00
  7099	1.419900e+02	0.000000e+00
  7100	1.420100e+02	0.000000e+00
  7101	1.420300e+02	0.000000e+00
  7102	1.420500e+02	0.000000e+00
  7103	1.420700e+02	0.000000e+00
  7104	1.420900e+02	0.000000e+00
  7105	1.421100e+02	0.000000e+00
  7106	1.421300e+02	0.000000e+00
  7107	1.421500e+02	0.000000e+00
  7108	1.421700e+02	0.000000e+00
  7109	1.421900e+02	0.000000e+00
  7110	1.422100e+02	0.000000e+00
  7111	1.422300e+02	0.000000e+00
  7112	1.422500e+02	0.000000e+00
  7113	1.422700e+02	0.000000e+00
  7114	1.422900e+02	0.000000e+00
  7115	1.423100e+02	0.000000e+00
  7116	1.423300e+02	0.000000e+00
  7117	1.423500e+02	0.000000e+00
  7118	1.423700e+02	0.000000e+00
  7119	1.423900e+02	0.000000e+00
  7120	1.424100e+02	0.000000e+00
  7121	1.424300e+02	0.000000e+00
  7122	1.424500e+02	0.000000e+00
  7123	1.424700e+02	0.000000e+00
  7124	1.424900e+02	0.000000e+00
  7125	1.425100e+02	0.000000e+00
  7126	1.425300e+02	0.000000e+00
  7127	1.425500e+02	0.000000e+00
  7128	1.425700e+02	0.000000e+00
  7129	1.425900e+02	0.000000e+00
  7130	1.426100e+02	0.000000e+00
  7131	1.426300e+02	0.000000e+00
  7132	1.426500e+02	0.000000e+00
  7133	1.426700e+02	0.000000e+00
  7134	1.426900e+02	0.000000e+00
  7135	1.427100e+02	0.000000e+00
  7136	1.427300e+02	0.000000e+00
  7137	1.427500e+02	0.000000e+00
  7138	1.427700e+02	0.000000e+00
  7139	1.427900e+02	0.000000e+00
  7140	1.428100e+02	0.000000e+00
  7141	1.428300e+02	0.000000e+00
  7142	1.428500e+02	0.000000e+00
  7143	1.428700e+02	0.000000e+00
  7144	1.428900e+02	0.000000e+00
  7145	1.429100e+02	0.000000e+00
  7146	1.429300e+02	0.000000e+00
  7147	1.429500e+02	0.000000e+00
  7148	1.429700e+02	0.000000e+00
  7149	1.429900e+02	0.000000e+00
  7150	1.430100e+02	0.000000e+00
  7151	1.430300e+02	0.000000e+00
  7152	1.430500e+02	0.000000e+00
  7153	1.430700e+02	0.000000e+00
  7154	1.430900e+02	0.000000e+00
  7155	1.431100e+02	0.000000e+00
  7156	1.431300e+02	0.000000e+00
  7157	1.431500e+02	0.000000e+00
  7158	1.431700e+02	0.000000e+00
  7159	1.431900e+02	0.000000e+00
  7160	1.432100e+02	0.000000e+00
  7161	1.432300e+02	0.000000e+00
  7162	1.432500e+02	0.000000e+00
  7163	1.432700e+02	0.000000e+00
  7164	1.432900e+02	0.000000e+00
  7165	1.433100e+02	0.000000e+00
  7166	1.433300e+02	0.000000e+00
  7167	1.433500e+02	0.000000e+00
  7168	1.433700e+02	0.000000e+00
  7169	1.433900e+02	0.000000e+00
  7170	1.434100e+02	0.000000e+00
  7171	1.434300e+02	0.000000e+00
  7172	1.434500e+02	0.000000e+00
  7173	1.434700e+02	0.000000e+00
  7174	1.434900e+02	0.000000e+00
  7175	1.435100e+02	0.000000e+00
  7176	1.435300e+02	0.000000e+00
  7177	1.435500e+02	0.000000e+00
  7178	1.435700e+02	0.000000e+00
  7179	1.435900e+02	0.000000e+00
  7180	1.436100e+02	0.000000e+00
  7181	1.436300e+02	0.000000e+00
  7182	1.436500e+02	0.000000e+00
  7183	1.436700e+02	0.000000e+00
  7184	1.436900e+02	0.000000e+00
  7185	1.437100e+02	0.000000e+00
  7186	1.437300e+02	0.000000e+00
  7187	1.437500e+02	0.000000e+00
  7188	1.437700e+02	0.000000e+00
  7189	1.437900e+02	0.000000e+00
  7190	1.438100e+02	0.000000e+00
  7191	1.438300e+02	0.000000e+00
  7192	1.438500e+02	0.000000e+00
  7193	1.438700e+02	0.000000e+00
  7194	1.438900e+02	0.000000e+00
  7195	1.439100e+02	0.000000e+00
  7196	1.439300e+02	0.000000e+00
  7197	1.439500e+02	0.000000e+00
  7198	1.439700e+02	0.000000e+00
  7199	1.439900e+02	0.000000e+00
  7200	1.440100e+02	0.000000e+00
  7201	1.440300e+02	0.000000e+00
  7202	1.440500e+02	0.000000e+00
  7203	1.440700e+02	0.000000e+00
  7204	1.440900e+02	0.000000e+00
  7205	1.441100e+02	0.000000e+00
  7206	1.441300e+02	0.000000e+00
  7207	1.441500e+02	0.000000e+00
  7208	1.441700e+02	0.000000e+00
  7209	1.441900e+02	0.000000e+00
  7210	1.442100e+02	0.000000e+00
  7211	1.442300e+02	0.000000e+00
  7212	1.442500e+02	0.000000e+00
  7213	1.442700e+02	0.000000e+00
  7214	1.442900e+02	0.000000e+00
  7215	1.443100e+02	0.000000e+00
  7216	1.443300e+02	0.000000e+00
  7217	1.443500e+02	0.000000e+00
  7218	1.443700e+02	0.000000e+00
  7219	1.443900e+02	0.000000e+00
  7220	1.444100e+02	0.000000e+00
  7221	1.444300e+02	0.000000e+00
  7222	1.444500e+02	0.000000e+00
  7223	1.444700e+02	0.000000e+00
  7224	1.444900e+02	0.000000e+00
  7225	1.445100e+02	0.000000e+00
  7226	1.445300e+02	0.000000e+00
  7227	1.445500e+02	0.000000e+00
  7228	1.445700e+02	0.000000e+00
  7229	1.445900e+02	0.000000e+00
  7230	1.446100e+02	0.000000e+00
  7231	1.446300e+02	0.000000e+00
  7232	1.446500e+02	0.000000e+00
  7233	1.446700e+02	0.000000e+00
  7234	1.446900e+02	0.000000e+00
  7235	1.447100e+02	0.000000e+00
  7236	1.447300e+02	0.000000e+00
  7237	1.447500e+02	0.000000e+00
  7238	1.447700e+02	0.000000e+00
  7239	1.447900e+02	0.000000e+00
  7240	1.448100e+02	0.000000e+00
  7241	1.448300e+02	0.000000e+00
  7242	1.448500e+02	0.000000e+00
  7243	1.448700e+02	0.000000e+00
  7244	1.448900e+02	0.000000e+00
  7245	1.449100e+02	0.000000e+00
  7246	1.449300e+02	0.000000e+00
  7247	1.449500e+02	0.000000e+00
  7248	1.449700e+02	0.000000e+00
  7249	1.449900e+02	0.000000e+00
  7250	1.450100e+02	0.000000e+00
  7251	1.450300e+02	0.000000e+00
  7252	1.450500e+02	0.000000e+00
  7253	1.450700e+02	0.000000e+00
  7254	1.450900e+02	0.000000e+00
  7255	1.451100e+02	0.000000e+00
  7256	1.451300e+02	0.000000e+00
  7257	1.451500e+02	0.000000e+00
  7258	1.451700e+02	0.000000e+00
  7259	1.451900e+02	0.000000e+00
  7260	1.452100e+02	0.000000e+00
  7261	1.452300e+02	0.000000e+00
  7262	1.452500e+02	0.000000e+00
  7263	1.452700e+02	0.000000e+00
  7264	1.452900e+02	0.000000e+00
  7265	1.453100e+02	0.000000e+00
  7266	1.453300e+02	0.000000e+00
  7267	1.453500e+02	0.000000e+00
  7268	1.453700e+02	0.000000e+00
  7269	1.453900e+02	0.000000e+00
  7270	1.454100e+02	0.000000e+00
  7271	1.454300e+02	0.000000e+00
  7272	1.454500e+02	0.000000e+00
  7273	1.454700e+02	0.000000e+00
  7274	1.454900e+02	0.000000e+00
  7275	1.455100e+02	0.000000e+00
  7276	1.455300e+02	0.000000e+00
  7277	1.455500e+02	0.000000e+00
  7278	1.455700e+02	0.000000e+00
  7279	1.455900e+02	0.000000e+00
  7280	1.456100e+02	0.000000e+00
  7281	1.456300e+02	0.000000e+00
  7282	1.456500e+02	0.000000e+00
  7283	1.456700e+02	0.000000e+00
  7284	1.456900e+02	0.000000e+00
  7285	1.457100e+02	0.000000e+00
  7286	1.457300e+02	0.000000e+00
  7287	1.457500e+02	0.000000e+00
  7288	1.457700e+02	0.000000e+00
  7289	1.457900e+02	0.000000e+00
  7290	1.458100e+02	0.000000e+00
  7291	1.458300e+02	0.000000e+00
  7292	1.458500e+02	0.000000e+00
  7293	1.458700e+02	0.000000e+00
  7294	1.458900e+02	0.000000e+00
  7295	1.459100e+02	0.000000e+00
  7296	1.459300e+02	0.000000e+00
  7297	1.459500e+02	0.000000e+00
  7298	1.459700e+02	0.000000e+00
  7299	1.459900e+02	0.000000e+00
  7300	1.460100e+02	0.000000e+00
  7301	1.460300e+02	0.000000e+00
  7302	1.460500e+02	0.000000e+00
  7303	1.460700e+02	0.000000e+00
  7304	1.460900e+02	0.000000e+00
  7305	1.461100e+02	0.000000e+00
  7306	1.461300e+02	0.000000e+00
  7307	1.461500e+02	0.000000e+00
  7308	1.461700e+02	0.000000e+00
  7309	1.461900e+02	0.000000e+00
  7310	1.462100e+02	0.000000e+00
  7311	1.462300e+02	0.000000e+00
  7312	1.462500e+02	0.000000e+00
  7313	1.462700e+02	0.000000e+00
  7314	1.462900e+02	0.000000e+00
  7315	1.463100e+02	0.000000e+00
  7316	1.463300e+02	0.000000e+00
  7317	1.463500e+02	0.000000e+00
  7318	1.463700e+02	0.000000e+00
  7319	1.463900e+02	0.000000e+00
  7320	1.464100e+02	0.000000e+00
  7321	1.464300e+02	0.000000e+00
  7322	1.464500e+02	0.000000e+00
  7323	1.464700e+02	0.000000e+00
  7324	1.464900e+02	0.000000e+00
  7325	1.465100e+02	0.000000e+00
  7326	1.465300e+02	0.000000e+00
  7327	1.465500e+02	0.000000e+00
  7328	1.465700e+02	0.000000e+00
  7329	1.465900e+02	0.000000e+00
  7330	1.466100e+02	0.000000e+00
  7331	1.466300e+02	0.000000e+00
  7332	1.466500e+02	0.000000e+00
  7333	1.466700e+02	0.000000e+00
  7334	1.466900e+02	0.000000e+00
  7335	1.467100e+02	0.000000e+00
  7336	1.467300e+02	0.000000e+00
  7337	1.467500e+02	0.000000e+00
  7338	1.467700e+02	0.000000e+00
  7339	1.467900e+02	0.000000e+00
  7340	1.468100e+02	0.000000e+00
  7341	1.468300e+02	0.000000e+00
  7342	1.468500e+02	0.000000e+00
  7343	1.468700e+02	0.000000e+00
  7344	1.468900e+02	0.000000e+00
  7345	1.469100e+02	0.000000e+00
  7346	1.469300e+02	0.000000e+00
  7347	1.469500e+02	0.000000e+00
  7348	1.469700e+02	0.000000e+00
  7349	1.469900e+02	0.000000e+00
  7350	1.470100e+02	0.000000e+00
  7351	1.470300e+02	0.000000e+00
  7352	1.470500e+02	0.000000e+00
  7353	1.470700e+02	0.000000e+00
  7354	1.470900e+02	0.000000e+00
  7355	1.471100e+02	0.000000e+00
  7356	1.471300e+02	0.000000e+00
  7357	1.471500e+02	0.000000e+00
  7358	1.471700e+02	0.000000e+00
  7359	1.471900e+02	0.000000e+00
  7360	1.472100e+02	0.000000e+00
  7361	1.472300e+02	0.000000e+00
  7362	1.472500e+02	0.000000e+00
  7363	1.472700e+02	0.000000e+00
  7364	1.472900e+02	0.000000e+00
  7365	1.473100e+02	0.000000e+00
  7366	1.473300e+02	0.000000e+00
  7367	1.473500e+02	0.000000e+00
  7368	1.473700e+02	0.000000e+00
  7369	1.473900e+02	0.000000e+00
  7370	1.474100e+02	0.000000e+00
  7371	1.474300e+02	0.000000e+00
  7372	1.474500e+02	0.000000e+00
  7373	1.474700e+02	0.000000e+00
  7374	1.474900e+02	0.000000e+00
  7375	1.475100e+02	0.000000e+00
  7376	1.475300e+02	0.000000e+00
  7377	1.475500e+02	0.000000e+00
  7378	1.475700e+02	0.000000e+00
  7379	1.475900e+02	0.000000e+00
  7380	1.476100e+02	0.000000e+00
  7381	1.476300e+02	0.000000e+00
  7382	1.476500e+02	0.000000e+00
  7383	1.476700e+02	0.000000e+00
  7384	1.476900e+02	0.000000e+00
  7385	1.477100e+02	0.000000e+00
  7386	1.477300e+02	0.000000e+00
  7387	1.477500e+02	0.000000e+00
  7388	1.477700e+02	0.000000e+00
  7389	1.477900e+02	0.000000e+00
  7390	1.478100e+02	0.000000e+00
  7391	1.478300e+02	0.000000e+00
  7392	1.478500e+02	0.000000e+00
  7393	1.478700e+02	0.000000e+00
  7394	1.478900e+02	0.000000e+00
  7395	1.479100e+02	0.000000e+00
  7396	1.479300e+02	0.000000e+00
  7397	1.479500e+02	0.000000e+00
  7398	1.479700e+02	0.000000e+00
  7399	1.479900e+02	0.000000e+00
  7400	1.480100e+02	0.000000e+00
  7401	1.480300e+02	0.000000e+00
  7402	1.480500e+02	0.000000e+00
  7403	1.480700e+02	0.000000e+00
  7404	1.480900e+02	0.000000e+00
  7405	1.481100e+02	0.000000e+00
  7406	1.481300e+02	0.000000e+00
  7407	1.481500e+02	0.000000e+00
  7408	1.481700e+02	0.000000e+00
  7409	1.481900e+02	0.000000e+00
  7410	1.482100e+02	0.000000e+00
  7411	1.482300e+02	0.000000e+00
  7412	1.482500e+02	0.000000e+00
  7413	1.482700e+02	0.000000e+00
  7414	1.482900e+02	0.000000e+00
  7415	1.483100e+02	0.000000e+00
  7416	1.483300e+02	0.000000e+00
  7417	1.483500e+02	0.000000e+00
  7418	1.483700e+02	0.000000e+00
  7419	1.483900e+02	0.000000e+00
  7420	1.484100e+02	0.000000e+00
  7421	1.484300e+02	0.000000e+00
  7422	1.484500e+02	0.000000e+00
  7423	1.484700e+02	0.000000e+00
  7424	1.484900e+02	0.000000e+00
  7425	1.485100e+02	0.000000e+00
  7426	1.485300e+02	0.000000e+00
  7427	1.485500e+02	0.000000e+00
  7428	1.485700e+02	0.000000e+00
  7429	1.485900e+02	0.000000e+00
  7430	1.486100e+02	0.000000e+00
  7431	1.486300e+02	0.000000e+00
  7432	1.486500e+02	0.000000e+00
  7433	1.486700e+02	0.000000e+00
  7434	1.486900e+02	0.000000e+00
  7435	1.487100e+02	0.000000e+00
  7436	1.487300e+02	0.000000e+00
  7437	1.487500e+02	0.000000e+00
  7438	1.487700e+02	0.000000e+00
  7439	1.487900e+02	0.000000e+00
  7440	1.488100e+02	0.000000e+00
  7441	1.488300e+02	0.000000e+00
  7442	1.488500e+02	0.000000e+00
  7443	1.488700e+02	0.000000e+00
  7444	1.488900e+02	0.000000e+00
  7445	1.489100e+02	0.000000e+00
  7446	1.489300e+02	0.000000e+00
  7447	1.489500e+02	0.000000e+00
  7448	1.489700e+02	0.000000e+00
  7449	1.489900e+02	0.000000e+00
  7450	1.490100e+02	0.000000e+00
  7451	1.490300e+02	0.000000e+00
  7452	1.490500e+02	0.000000e+00
  7453	1.490700e+02	0.000000e+00
  7454	1.490900e+02	0.000000e+00
  7455	1.491100e+02	0.000000e+00
  7456	1.491300e+02	0.000000e+00
  7457	1.491500e+02	0.000000e+00
  7458	1.491700e+02	0.000000e+00
  7459	1.491900e+02	0.000000e+00
  7460	1.492100e+02	0.000000e+00
  7461	1.492300e+02	0.000000e+00
  7462	1.492500e+02	0.000000e+00
  7463	1.492700e+02	0.000000e+00
  7464	1.492900e+02	0.000000e+00
  7465	1.493100e+02	0.000000e+00
  7466	1.493300e+02	0.000000e+00
  7467	1.493500e+02	0.000000e+00
  7468	1.493700e+02	0.000000e+00
  7469	1.493900e+02	0.000000e+00
  7470	1.494100e+02	0.000000e+00
  7471	1.494300e+02	0.000000e+00
  7472	1.494500e+02	0.000000e+00
  7473	1.494700e+02	0.000000e+00
  7474	1.494900e+02	0.000000e+00
  7475	1.495100e+02	0.000000e+00
  7476	1.495300e+02	0.000000e+00
  7477	1.495500e+02	0.000000e+00
  7478	1.495700e+02	0.000000e+00
  7479	1.495900e+02	0.000000e+00
  7480	1.496100e+02	0.000000e+00
  7481	1.496300e+02	0.000000e+00
  7482	1.496500e+02	0.000000e+00
  7483	1.496700e+02	0.000000e+00
  7484	1.496900e+02	0.000000e+00
  7485	1.497100e+02	0.000000e+00
  7486	1.497300e+02	0.000000e+00
  7487	1.497500e+02	0.000000e+00
  7488	1.497700e+02	0.000000e+00
  7489	1.497900e+02	0.000000e+00
  7490	1.498100e+02	0.000000e+00
  7491	1.498300e+02	0.000000e+00
  7492	1.498500e+02	0.000000e+00
  7493	1.498700e+02	0.000000e+00
  7494	1.498900e+02	0.000000e+00
  7495	1.499100e+02	0.000000e+00
  7496	1.499300e+02	0.000000e+00
  7497	1.499500e+02	0.000000e+00
  7498	1.499700e+02	0.000000e+00
  7499	1.499900e+02	0.000000e+00
  7500	1.500100e+02	0.000000e+00
  7501	1.500300e+02	0.000000e+00
  7502	1.500500e+02	0.000000e+00
  7503	1.500700e+02	0.000000e+00
  7504	1.500900e+02	0.000000e+00
  7505	1.501100e+02	0.000000e+00
  7506	1.501300e+02	0.000000e+00
  7507	1.501500e+02	0.000000e+00
  7508	1.501700e+02	0.000000e+00
  7509	1.501900e+02	0.000000e+00
  7510	1.502100e+02	0.000000e+00
  7511	1.502300e+02	0.000000e+00
  7512	1.502500e+02	0.000000e+00
  7513	1.502700e+02	0.000000e+00
  7514	1.502900e+02	0.000000e+00
  7515	1.503100e+02	0.000000e+00
  7516	1.503300e+02	0.000000e+00
  7517	1.503500e+02	0.000000e+00
  7518	1.503700e+02	0.000000e+00
  7519	1.503900e+02	0.000000e+00
  7520	1.504100e+02	0.000000e+00
  7521	1.504300e+02	0.000000e+00
  7522	1.504500e+02	0.000000e+00
  7523	1.504700e+02	0.000000e+00
  7524	1.504900e+02	0.000000e+00
  7525	1.505100e+02	0.000000e+00
  7526	1.505300e+02	0.000000e+00
  7527	1.505500e+02	0.000000e+00
  7528	1.505700e+02	0.000000e+00
  7529	1.505900e+02	0.000000e+00
  7530	1.506100e+02	0.000000e+00
  7531	1.506300e+02	0.000000e+00
  7532	1.506500e+02	0.000000e+00
  7533	1.506700e+02	0.000000e+00
  7534	1.506900e+02	0.000000e+00
  7535	1.507100e+02	0.000000e+00
  7536	1.507300e+02	0.000000e+00
  7537	1.507500e+02	0.000000e+00
  7538	1.507700e+02	0.000000e+00
  7539	1.507900e+02	0.000000e+00
  7540	1.508100e+02	0.000000e+00
  7541	1.508300e+02	0.000000e+00
  7542	1.508500e+02	0.000000e+00
  7543	1.508700e+02	0.000000e+00
  7544	1.508900e+02	0.000000e+00
  7545	1.509100e+02	0.000000e+00
  7546	1.509300e+02	0.000000e+00
  7547	1.509500e+02	0.000000e+00
  7548	1.509700e+02	0.000000e+00
  7549	1.509900e+02	0.000000e+00
  7550	1.510100e+02	0.000000e+00
  7551	1.510300e+02	0.000000e+00
  7552	1.510500e+02	0.000000e+00
  7553	1.510700e+02	0.000000e+00
  7554	1.510900e+02	0.000000e+00
  7555	1.511100e+02	0.000000e+00
  7556	1.511300e+02	0.000000e+00
  7557	1.511500e+02	0.000000e+00
  7558	1.511700e+02	0.000000e+00
  7559	1.511900e+02	0.000000e+00
  7560	1.512100e+02	0.000000e+00
  7561	1.512300e+02	0.000000e+00
  7562	1.512500e+02	0.000000e+00
  7563	1.512700e+02	0.000000e+00
  7564	1.512900e+02	0.000000e+00
  7565	1.513100e+02	0.000000e+00
  7566	1.513300e+02	0.000000e+00
  7567	1.513500e+02	0.000000e+00
  7568	1.513700e+02	0.000000e+00
  7569	1.513900e+02	0.000000e+00
  7570	1.514100e+02	0.000000e+00
  7571	1.514300e+02	0.000000e+00
  7572	1.514500e+02	0.000000e+00
  7573	1.514700e+02	0.000000e+00
  7574	1.514900e+02	0.000000e+00
  7575	1.515100e+02	0.000000e+00
  7576	1.515300e+02	0.000000e+00
  7577	1.515500e+02	0.000000e+00
  7578	1.515700e+02	0.000000e+00
  7579	1.515900e+02	0.000000e+00
  7580	1.516100e+02	0.000000e+00
  7581	1.516300e+02	0.000000e+00
  7582	1.516500e+02	0.000000e+00
  7583	1.516700e+02	0.000000e+00
  7584	1.516900e+02	0.000000e+00
  7585	1.517100e+02	0.000000e+00
  7586	1.517300e+02	0.000000e+00
  7587	1.517500e+02	0.000000e+00
  7588	1.517700e+02	0.000000e+00
  7589	1.517900e+02	0.000000e+00
  7590	1.518100e+02	0.000000e+00
  7591	1.518300e+02	0.000000e+00
  7592	1.518500e+02	0.000000e+00
  7593	1.518700e+02	0.000000e+00
  7594	1.518900e+02	0.000000e+00
  7595	1.519100e+02	0.000000e+00
  7596	1.519300e+02	0.000000e+00
  7597	1.519500e+02	0.000000e+00
  7598	1.519700e+02	0.000000e+00
  7599	1.519900e+02	0.000000e+00
  7600	1.520100e+02	0.000000e+00
  7601	1.520300e+02	0.000000e+00
  7602	1.520500e+02	0.000000e+00
  7603	1.520700e+02	0.000000e+00
  7604	1.520900e+02	0.000000e+00
  7605	1.521100e+02	0.000000e+00
  7606	1.521300e+02	0.000000e+00
  7607	1.521500e+02	0.000000e+00
  7608	1.521700e+02	0.000000e+00
  7609	1.521900e+02	0.000000e+00
  7610	1.522100e+02	0.000000e+00
  7611	1.522300e+02	0.000000e+00
  7612	1.522500e+02	0.000000e+00
  7613	1.522700e+02	0.000000e+00
  7614	1.522900e+02	0.000000e+00
  7615	1.523100e+02	0.000000e+00
  7616	1.523300e+02	0.000000e+00
  7617	1.523500e+02	0.000000e+00
  7618	1.523700e+02	0.000000e+00
  7619	1.523900e+02	0.000000e+00
  7620	1.524100e+02	0.000000e+00
  7621	1.524300e+02	0.000000e+00
  7622	1.524500e+02	0.000000e+00
  7623	1.524700e+02	0.000000e+00
  7624	1.524900e+02	0.000000e+00
  7625	1.525100e+02	0.000000e+00
  7626	1.525300e+02	0.000000e+00
  7627	1.525500e+02	0.000000e+00
  7628	1.525700e+02	0.000000e+00
  7629	1.525900e+02	0.000000e+00
  7630	1.526100e+02	0.000000e+00
  7631	1.526300e+02	0.000000e+00
  7632	1.526500e+02	0.000000e+00
  7633	1.526700e+02	0.000000e+00
  7634	1.526900e+02	0.000000e+00
  7635	1.527100e+02	0.000000e+00
  7636	1.527300e+02	0.000000e+00
  7637	1.527500e+02	0.000000e+00
  7638	1.527700e+02	0.000000e+00
  7639	1.527900e+02	0.000000e+00
  7640	1.528100e+02	0.000000e+00
  7641	1.528300e+02	0.000000e+00
  7642	1.528500e+02	0.000000e+00
  7643	1.528700e+02	0.000000e+00
  7644	1.528900e+02	0.000000e+00
  7645	1.529100e+02	0.000000e+00
  7646	1.529300e+02	0.000000e+00
  7647	1.529500e+02	0.000000e+00
  7648	1.529700e+02	0.000000e+00
  7649	1.529900e+02	0.000000e+00
  7650	1.530100e+02	0.000000e+00
  7651	1.530300e+02	0.000000e+00
  7652	1.530500e+02	0.000000e+00
  7653	1.530700e+02	0.000000e+00
  7654	1.530900e+02	0.000000e+00
  7655	1.531100e+02	0.000000e+00
  7656	1.531300e+02	0.000000e+00
  7657	1.531500e+02	0.000000e+00
  7658	1.531700e+02	0.000000e+00
  7659	1.531900e+02	0.000000e+00
  7660	1.532100e+02	0.000000e+00
  7661	1.532300e+02	0.000000e+00
  7662	1.532500e+02	0.000000e+00
  7663	1.532700e+02	0.000000e+00
  7664	1.532900e+02	0.000000e+00
  7665	1.533100e+02	0.000000e+00
  7666	1.533300e+02	0.000000e+00
  7667	1.533500e+02	0.000000e+00
  7668	1.533700e+02	0.000000e+00
  7669	1.533900e+02	0.000000e+00
  7670	1.534100e+02	0.000000e+00
  7671	1.534300e+02	0.000000e+00
  7672	1.534500e+02	0.000000e+00
  7673	1.534700e+02	0.000000e+00
  7674	1.534900e+02	0.000000e+00
  7675	1.535100e+02	0.000000e+00
  7676	1.535300e+02	0.000000e+00
  7677	1.535500e+02	0.000000e+00
  7678	1.535700e+02	0.000000e+00
  7679	1.535900e+02	0.000000e+00
  7680	1.536100e+02	0.000000e+00
  7681	1.536300e+02	0.000000e+00
  7682	1.536500e+02	0.000000e+00
  7683	1.536700e+02	0.000000e+00
  7684	1.536900e+02	0.000000e+00
  7685	1.537100e+02	0.000000e+00
  7686	1.537300e+02	0.000000e+00
  7687	1.537500e+02	0.000000e+00
  7688	1.537700e+02	0.000000e+00
  7689	1.537900e+02	0.000000e+00
  7690	1.538100e+02	0.000000e+00
  7691	1.538300e+02	0.000000e+00
  7692	1.538500e+02	0.000000e+00
  7693	1.538700e+02	0.000000e+00
  7694	1.538900e+02	0.000000e+00
  7695	1.539100e+02	0.000000e+00
  7696	1.539300e+02	0.000000e+00
  7697	1.539500e+02	0.000000e+00
  7698	1.539700e+02	0.000000e+00
  7699	1.539900e+02	0.000000e+00
  7700	1.540100e+02	0.000000e+00
  7701	1.540300e+02	0.000000e+00
  7702	1.540500e+02	0.000000e+00
  7703	1.540700e+02	0.000000e+00
  7704	1.540900e+02	0.000000e+00
  7705	1.541100e+02	0.000000e+00
  7706	1.541300e+02	0.000000e+00
  7707	1.541500e+02	0.000000e+00
  7708	1.541700e+02	0.000000e+00
  7709	1.541900e+02	0.000000e+00
  7710	1.542100e+02	0.000000e+00
  7711	1.542300e+02	0.000000e+00
  7712	1.542500e+02	0.000000e+00
  7713	1.542700e+02	0.000000e+00
  7714	1.542900e+02	0.000000e+00
  7715	1.543100e+02	0.000000e+00
  7716	1.543300e+02	0.000000e+00
  7717	1.543500e+02	0.000000e+00
  7718	1.543700e+02	0.000000e+00
  7719	1.543900e+02	0.000000e+00
  7720	1.544100e+02	0.000000e+00
  7721	1.544300e+02	0.000000e+00
  7722	1.544500e+02	0.000000e+00
  7723	1.544700e+02	0.000000e+00
  7724	1.544900e+02	0.000000e+00
  7725	1.545100e+02	0.000000e+00
  7726	1.545300e+02	0.000000e+00
  7727	1.545500e+02	0.000000e+00
  7728	1.545700e+02	0.000000e+00
  7729	1.545900e+02	0.000000e+00
  7730	1.546100e+02	0.000000e+00
  7731	1.546300e+02	0.000000e+00
  7732	1.546500e+02	0.000000e+00
  7733	1.546700e+02	0.000000e+00
  7734	1.546900e+02	0.000000e+00
  7735	1.547100e+02	0.000000e+00
  7736	1.547300e+02	0.000000e+00
  7737	1.547500e+02	0.000000e+00
  7738	1.547700e+02	0.000000e+00
  7739	1.547900e+02	0.000000e+00
  7740	1.548100e+02	0.000000e+00
  7741	1.548300e+02	0.000000e+00
  7742	1.548500e+02	0.000000e+00
  7743	1.548700e+02	0.000000e+00
  7744	1.548900e+02	0.000000e+00
  7745	1.549100e+02	0.000000e+00
  7746	1.549300e+02	0.000000e+00
  7747	1.549500e+02	0.000000e+00
  7748	1.549700e+02	0.000000e+00
  7749	1.549900e+02	0.000000e+00
  7750	1.550100e+02	0.000000e+00
  7751	1.550300e+02	0.000000e+00
  7752	1.550500e+02	0.000000e+00
  7753	1.550700e+02	0.000000e+00
  7754	1.550900e+02	0.000000e+00
  7755	1.551100e+02	0.000000e+00
  7756	1.551300e+02	0.000000e+00
  7757	1.551500e+02	0.000000e+00
  7758	1.551700e+02	0.000000e+00
  7759	1.551900e+02	0.000000e+00
  7760	1.552100e+02	0.000000e+00
  7761	1.552300e+02	0.000000e+00
  7762	1.552500e+02	0.000000e+00
  7763	1.552700e+02	0.000000e+00
  7764	1.552900e+02	0.000000e+00
  7765	1.553100e+02	0.000000e+00
  7766	1.553300e+02	0.000000e+00
  7767	1.553500e+02	0.000000e+00
  7768	1.553700e+02	0.000000e+00
  7769	1.553900e+02	0.000000e+00
  7770	1.554100e+02	0.000000e+00
  7771	1.554300e+02	0.000000e+00
  7772	1.554500e+02	0.000000e+00
  7773	1.554700e+02	0.000000e+00
  7774	1.554900e+02	0.000000e+00
  7775	1.555100e+02	0.000000e+00
  7776	1.555300e+02	0.000000e+00
  7777	1.555500e+02	0.000000e+00
  7778	1.555700e+02	0.000000e+00
  7779	1.555900e+02	0.000000e+00
  7780	1.556100e+02	0.000000e+00
  7781	1.556300e+02	0.000000e+00
  7782	1.556500e+02	0.000000e+00
  7783	1.556700e+02	0.000000e+00
  7784	1.556900e+02	0.000000e+00
  7785	1.557100e+02	0.000000e+00
  7786	1.557300e+02	0.000000e+00
  7787	1.557500e+02	0.000000e+00
  7788	1.557700e+02	0.000000e+00
  7789	1.557900e+02	0.000000e+00
  7790	1.558100e+02	0.000000e+00
  7791	1.558300e+02	0.000000e+00
  7792	1.558500e+02	0.000000e+00
  7793	1.558700e+02	0.000000e+00
  7794	1.558900e+02	0.000000e+00
  7795	1.559100e+02	0.000000e+00
  7796	1.559300e+02	0.000000e+00
  7797	1.559500e+02	0.000000e+00
  7798	1.559700e+02	0.000000e+00
  7799	1.559900e+02	0.000000e+00
  7800	1.560100e+02	0.000000e+00
  7801	1.560300e+02	0.000000e+00
  7802	1.560500e+02	0.000000e+00
  7803	1.560700e+02	0.000000e+00
  7804	1.560900e+02	0.000000e+00
  7805	1.561100e+02	0.000000e+00
  7806	1.561300e+02	0.000000e+00
  7807	1.561500e+02	0.000000e+00
  7808	1.561700e+02	0.000000e+00
  7809	1.561900e+02	0.000000e+00
  7810	1.562100e+02	0.000000e+00
  7811	1.562300e+02	0.000000e+00
  7812	1.562500e+02	0.000000e+00
  7813	1.562700e+02	0.000000e+00
  7814	1.562900e+02	0.000000e+00
  7815	1.563100e+02	0.000000e+00
  7816	1.563300e+02	0.000000e+00
  7817	1.563500e+02	0.000000e+00
  7818	1.563700e+02	0.000000e+00
  7819	1.563900e+02	0.000000e+00
  7820	1.564100e+02	0.000000e+00
  7821	1.564300e+02	0.000000e+00
  7822	1.564500e+02	0.000000e+00
  7823	1.564700e+02	0.000000e+00
  7824	1.564900e+02	0.000000e+00
  7825	1.565100e+02	0.000000e+00
  7826	1.565300e+02	0.000000e+00
  7827	1.565500e+02	0.000000e+00
  7828	1.565700e+02	0.000000e+00
  7829	1.565900e+02	0.000000e+00
  7830	1.566100e+02	0.000000e+00
  7831	1.566300e+02	0.000000e+00
  7832	1.566500e+02	0.000000e+00
  7833	1.566700e+02	0.000000e+00
  7834	1.566900e+02	0.000000e+00
  7835	1.567100e+02	0.000000e+00
  7836	1.567300e+02	0.000000e+00
  7837	1.567500e+02	0.000000e+00
  7838	1.567700e+02	0.000000e+00
  7839	1.567900e+02	0.000000e+00
  7840	1.568100e+02	0.000000e+00
  7841	1.568300e+02	0.000000e+00
  7842	1.568500e+02	0.000000e+00
  7843	1.568700e+02	0.000000e+00
  7844	1.568900e+02	0.000000e+00
  7845	1.569100e+02	0.000000e+00
  7846	1.569300e+02	0.000000e+00
  7847	1.569500e+02	0.000000e+00
  7848	1.569700e+02	0.000000e+00
  7849	1.569900e+02	0.000000e+00
  7850	1.570100e+02	0.000000e+00
  7851	1.570300e+02	0.000000e+00
  7852	1.570500e+02	0.000000e+00
  7853	1.570700e+02	0.000000e+00
  7854	1.570900e+02	0.000000e+00
  7855	1.571100e+02	0.000000e+00
  7856	1.571300e+02	0.000000e+00
  7857	1.571500e+02	0.000000e+00
  7858	1.571700e+02	0.000000e+00
  7859	1.571900e+02	0.000000e+00
  7860	1.572100e+02	0.000000e+00
  7861	1.572300e+02	0.000000e+00
  7862	1.572500e+02	0.000000e+00
  7863	1.572700e+02	0.000000e+00
  7864	1.572900e+02	0.000000e+00
  7865	1.573100e+02	0.000000e+00
  7866	1.573300e+02	0.000000e+00
  7867	1.573500e+02	0.000000e+00
  7868	1.573700e+02	0.000000e+00
  7869	1.573900e+02	0.000000e+00
  7870	1.574100e+02	0.000000e+00
  7871	1.574300e+02	0.000000e+00
  7872	1.574500e+02	0.000000e+00
  7873	1.574700e+02	0.000000e+00
  7874	1.574900e+02	0.000000e+00
  7875	1.575100e+02	0.000000e+00
  7876	1.575300e+02	0.000000e+00
  7877	1.575500e+02	0.000000e+00
  7878	1.575700e+02	0.000000e+00
  7879	1.575900e+02	0.000000e+00
  7880	1.576100e+02	0.000000e+00
  7881	1.576300e+02	0.000000e+00
  7882	1.576500e+02	0.000000e+00
  7883	1.576700e+02	0.000000e+00
  7884	1.576900e+02	0.000000e+00
  7885	1.577100e+02	0.000000e+00
  7886	1.577300e+02	0.000000e+00
  7887	1.577500e+02	0.000000e+00
  7888	1.577700e+02	0.000000e+00
  7889	1.577900e+02	0.000000e+00
  7890	1.578100e+02	0.000000e+00
  7891	1.578300e+02	0.000000e+00
  7892	1.578500e+02	0.000000e+00
  7893	1.578700e+02	0.000000e+00
  7894	1.578900e+02	0.000000e+00
  7895	1.579100e+02	0.000000e+00
  7896	1.579300e+02	0.000000e+00
  7897	1.579500e+02	0.000000e+00
  7898	1.579700e+02	0.000000e+00
  7899	1.579900e+02	0.000000e+00
  7900	1.580100e+02	0.000000e+00
  7901	1.580300e+02	0.000000e+00
  7902	1.580500e+02	0.000000e+00
  7903	1.580700e+02	0.000000e+00
  7904	1.580900e+02	0.000000e+00
  7905	1.581100e+02	0.000000e+00
  7906	1.581300e+02	0.000000e+00
  7907	1.581500e+02	0.000000e+00
  7908	1.581700e+02	0.000000e+00
  7909	1.581900e+02	0.000000e+00
  7910	1.582100e+02	0.000000e+00
  7911	1.582300e+02	0.000000e+00
  7912	1.582500e+02	0.000000e+00
  7913	1.582700e+02	0.000000e+00
  7914	1.582900e+02	0.000000e+00
  7915	1.583100e+02	0.000000e+00
  7916	1.583300e+02	0.000000e+00
  7917	1.583500e+02	0.000000e+00
  7918	1.583700e+02	0.000000e+00
  7919	1.583900e+02	0.000000e+00
  7920	1.584100e+02	0.000000e+00
  7921	1.584300e+02	0.000000e+00
  7922	1.584500e+02	0.000000e+00
  7923	1.584700e+02	0.000000e+00
  7924	1.584900e+02	0.000000e+00
  7925	1.585100e+02	0.000000e+00
  7926	1.585300e+02	0.000000e+00
  7927	1.585500e+02	0.000000e+00
  7928	1.585700e+02	0.000000e+00
  7929	1.585900e+02	0.000000e+00
  7930	1.586100e+02	0.000000e+00
  7931	1.586300e+02	0.000000e+00
  7932	1.586500e+02	0.000000e+00
  7933	1.586700e+02	0.000000e+00
  7934	1.586900e+02	0.000000e+00
  7935	1.587100e+02	0.000000e+00
  7936	1.587300e+02	0.000000e+00
  7937	1.587500e+02	0.000000e+00
  7938	1.587700e+02	0.000000e+00
  7939	1.587900e+02	0.000000e+00
  7940	1.588100e+02	0.000000e+00
  7941	1.588300e+02	0.000000e+00
  7942	1.588500e+02	0.000000e+00
  7943	1.588700e+02	0.000000e+00
  7944	1.588900e+02	0.000000e+00
  7945	1.589100e+02	0.000000e+00
  7946	1.589300e+02	0.000000e+00
  7947	1.589500e+02	0.000000e+00
  7948	1.589700e+02	0.000000e+00
  7949	1.589900e+02	0.000000e+00
  7950	1.590100e+02	0.000000e+00
  7951	1.590300e+02	0.000000e+00
  7952	1.590500e+02	0.000000e+00
  7953	1.590700e+02	0.000000e+00
  7954	1.590900e+02	0.000000e+00
  7955	1.591100e+02	0.000000e+00
  7956	1.591300e+02	0.000000e+00
  7957	1.591500e+02	0.000000e+00
  7958	1.591700e+02	0.000000e+00
  7959	1.591900e+02	0.000000e+00
  7960	1.592100e+02	0.000000e+00
  7961	1.592300e+02	0.000000e+00
  7962	1.592500e+02	0.000000e+00
  7963	1.592700e+02	0.000000e+00
  7964	1.592900e+02	0.000000e+00
  7965	1.593100e+02	0.000000e+00
  7966	1.593300e+02	0.000000e+00
  7967	1.593500e+02	0.000000e+00
  7968	1.593700e+02	0.000000e+00
  7969	1.593900e+02	0.000000e+00
  7970	1.594100e+02	0.000000e+00
  7971	1.594300e+02	0.000000e+00
  7972	1.594500e+02	0.000000e+00
  7973	1.594700e+02	0.000000e+00
  7974	1.594900e+02	0.000000e+00
  7975	1.595100e+02	0.000000e+00
  7976	1.595300e+02	0.000000e+00
  7977	1.595500e+02	0.000000e+00
  7978	1.595700e+02	0.000000e+00
  7979	1.595900e+02	0.000000e+00
  7980	1.596100e+02	0.000000e+00
  7981	1.596300e+02	0.000000e+00
  7982	1.596500e+02	0.000000e+00
  7983	1.596700e+02	0.000000e+00
  7984	1.596900e+02	0.000000e+00
  7985	1.597100e+02	0.000000e+00
  7986	1.597300e+02	0.000000e+00
  7987	1.597500e+02	0.000000e+00
  7988	1.597700e+02	0.000000e+00
  7989	1.597900e+02	0.000000e+00
  7990	1.598100e+02	0.000000e+00
  7991	1.598300e+02	0.000000e+00
  7992	1.598500e+02	0.000000e+00
  7993	1.598700e+02	0.000000e+00
  7994	1.598900e+02	0.000000e+00
  7995	1.599100e+02	0.000000e+00
  7996	1.599300e+02	0.000000e+00
  7997	1.599500e+02	0.000000e+00
  7998	1.599700e+02	0.000000e+00
  7999	1.599900e+02	0.000000e+00
  8000	1.600100e+02	0.000000e+00
  8001	1.600300e+02	0.000000e+00
  8002	1.600500e+02	0.000000e+00
  8003	1.600700e+02	0.000000e+00
  8004	1.600900e+02	0.000000e+00
  8005	1.601100e+02	0.000000e+00
  8006	1.601300e+02	0.000000e+00
  8007	1.601500e+02	0.000000e+00
  8008	1.601700e+02	0.000000e+00
  8009	1.601900e+02	0.000000e+00
  8010	1.602100e+02	0.000000e+00
  8011	1.602300e+02	0.000000e+00
  8012	1.602500e+02	0.000000e+00
  8013	1.602700e+02	0.000000e+00
  8014	1.602900e+02	0.000000e+00
  8015	1.603100e+02	0.000000e+00
  8016	1.603300e+02	0.000000e+00
  8017	1.603500e+02	0.000000e+00
  8018	1.603700e+02	0.000000e+00
  8019	1.603900e+02	0.000000e+00
  8020	1.604100e+02	0.000000e+00
  8021	1.604300e+02	0.000000e+00
  8022	1.604500e+02	0.000000e+00
  8023	1.604700e+02	0.000000e+00
  8024	1.604900e+02	0.000000e+00
  8025	1.605100e+02	0.000000e+00
  8026	1.605300e+02	0.000000e+00
  8027	1.605500e+02	0.000000e+00
  8028	1.605700e+02	0.000000e+00
  8029	1.605900e+02	0.000000e+00
  8030	1.606100e+02	0.000000e+00
  8031	1.606300e+02	0.000000e+00
  8032	1.606500e+02	0.000000e+00
  8033	1.606700e+02	0.000000e+00
  8034	1.606900e+02	0.000000e+00
  8035	1.607100e+02	0.000000e+00
  8036	1.607300e+02	0.000000e+00
  8037	1.607500e+02	0.000000e+00
  8038	1.607700e+02	0.000000e+00
  8039	1.607900e+02	0.000000e+00
  8040	1.608100e+02	0.000000e+00
  8041	1.608300e+02	0.000000e+00
  8042	1.608500e+02	0.000000e+00
  8043	1.608700e+02	0.000000e+00
  8044	1.608900e+02	0.000000e+00
  8045	1.609100e+02	0.000000e+00
  8046	1.609300e+02	0.000000e+00
  8047	1.609500e+02	0.000000e+00
  8048	1.609700e+02	0.000000e+00
  8049	1.609900e+02	0.000000e+00
  8050	1.610100e+02	0.000000e+00
  8051	1.610300e+02	0.000000e+00
  8052	1.610500e+02	0.000000e+00
  8053	1.610700e+02	0.000000e+00
  8054	1.610900e+02	0.000000e+00
  8055	1.611100e+02	0.000000e+00
  8056	1.611300e+02	0.000000e+00
  8057	1.611500e+02	0.000000e+00
  8058	1.611700e+02	0.000000e+00
  8059	1.611900e+02	0.000000e+00
  8060	1.612100e+02	0.000000e+00
  8061	1.612300e+02	0.000000e+00
  8062	1.612500e+02	0.000000e+00
  8063	1.612700e+02	0.000000e+00
  8064	1.612900e+02	0.000000e+00
  8065	1.613100e+02	0.000000e+00
  8066	1.613300e+02	0.000000e+00
  8067	1.613500e+02	0.000000e+00
  8068	1.613700e+02	0.000000e+00
  8069	1.613900e+02	0.000000e+00
  8070	1.614100e+02	0.000000e+00
  8071	1.614300e+02	0.000000e+00
  8072	1.614500e+02	0.000000e+00
  8073	1.614700e+02	0.000000e+00
  8074	1.614900e+02	0.000000e+00
  8075	1.615100e+02	0.000000e+00
  8076	1.615300e+02	0.000000e+00
  8077	1.615500e+02	0.000000e+00
  8078	1.615700e+02	0.000000e+00
  8079	1.615900e+02	0.000000e+00
  8080	1.616100e+02	0.000000e+00
  8081	1.616300e+02	0.000000e+00
  8082	1.616500e+02	0.000000e+00
  8083	1.616700e+02	0.000000e+00
  8084	1.616900e+02	0.000000e+00
  8085	1.617100e+02	0.000000e+00
  8086	1.617300e+02	0.000000e+00
  8087	1.617500e+02	0.000000e+00
  8088	1.617700e+02	0.000000e+00
  8089	1.617900e+02	0.000000e+00
  8090	1.618100e+02	0.000000e+00
  8091	1.618300e+02	0.000000e+00
  8092	1.618500e+02	0.000000e+00
  8093	1.618700e+02	0.000000e+00
  8094	1.618900e+02	0.000000e+00
  8095	1.619100e+02	0.000000e+00
  8096	1.619300e+02	0.000000e+00
  8097	1.619500e+02	0.000000e+00
  8098	1.619700e+02	0.000000e+00
  8099	1.619900e+02	0.000000e+00
  8100	1.620100e+02	0.000000e+00
  8101	1.620300e+02	0.000000e+00
  8102	1.620500e+02	0.000000e+00
  8103	1.620700e+02	0.000000e+00
  8104	1.620900e+02	0.000000e+00
  8105	1.621100e+02	0.000000e+00
  8106	1.621300e+02	0.000000e+00
  8107	1.621500e+02	0.000000e+00
  8108	1.621700e+02	0.000000e+00
  8109	1.621900e+02	0.000000e+00
  8110	1.622100e+02	0.000000e+00
  8111	1.622300e+02	0.000000e+00
  8112	1.622500e+02	0.000000e+00
  8113	1.622700e+02	0.000000e+00
  8114	1.622900e+02	0.000000e+00
  8115	1.623100e+02	0.000000e+00
  8116	1.623300e+02	0.000000e+00
  8117	1.623500e+02	0.000000e+00
  8118	1.623700e+02	0.000000e+00
  8119	1.623900e+02	0.000000e+00
  8120	1.624100e+02	0.000000e+00
  8121	1.624300e+02	0.000000e+00
  8122	1.624500e+02	0.000000e+00
  8123	1.624700e+02	0.000000e+00
  8124	1.624900e+02	0.000000e+00
  8125	1.625100e+02	0.000000e+00
  8126	1.625300e+02	0.000000e+00
  8127	1.625500e+02	0.000000e+00
  8128	1.625700e+02	0.000000e+00
  8129	1.625900e+02	0.000000e+00
  8130	1.626100e+02	0.000000e+00
  8131	1.626300e+02	0.000000e+00
  8132	1.626500e+02	0.000000e+00
  8133	1.626700e+02	0.000000e+00
  8134	1.626900e+02	0.000000e+00
  8135	1.627100e+02	0.000000e+00
  8136	1.627300e+02	0.000000e+00
  8137	1.627500e+02	0.000000e+00
  8138	1.627700e+02	0.000000e+00
  8139	1.627900e+02	0.000000e+00
  8140	1.628100e+02	0.000000e+00
  8141	1.628300e+02	0.000000e+00
  8142	1.628500e+02	0.000000e+00
  8143	1.628700e+02	0.000000e+00
  8144	1.628900e+02	0.000000e+00
  8145	1.629100e+02	0.000000e+00
  8146	1.629300e+02	0.000000e+00
  8147	1.629500e+02	0.000000e+00
  8148	1.629700e+02	0.000000e+00
  8149	1.629900e+02	0.000000e+00
  8150	1.630100e+02	0.000000e+00
  8151	1.630300e+02	0.000000e+00
  8152	1.630500e+02	0.000000e+00
  8153	1.630700e+02	0.000000e+00
  8154	1.630900e+02	0.000000e+00
  8155	1.631100e+02	0.000000e+00
  8156	1.631300e+02	0.000000e+00
  8157	1.631500e+02	0.000000e+00
  8158	1.631700e+02	0.000000e+00
  8159	1.631900e+02	0.000000e+00
  8160	1.632100e+02	0.000000e+00
  8161	1.632300e+02	0.000000e+00
  8162	1.632500e+02	0.000000e+00
  8163	1.632700e+02	0.000000e+00
  8164	1.632900e+02	0.000000e+00
  8165	1.633100e+02	0.000000e+00
  8166	1.633300e+02	0.000000e+00
  8167	1.633500e+02	0.000000e+00
  8168	1.633700e+02	0.000000e+00
  8169	1.633900e+02	0.000000e+00
  8170	1.634100e+02	0.000000e+00
  8171	1.634300e+02	0.000000e+00
  8172	1.634500e+02	0.000000e+00
  8173	1.634700e+02	0.000000e+00
  8174	1.634900e+02	0.000000e+00
  8175	1.635100e+02	0.000000e+00
  8176	1.635300e+02	0.000000e+00
  8177	1.635500e+02	0.000000e+00
  8178	1.635700e+02	0.000000e+00
  8179	1.635900e+02	0.000000e+00
  8180	1.636100e+02	0.000000e+00
  8181	1.636300e+02	0.000000e+00
  8182	1.636500e+02	0.000000e+00
  8183	1.636700e+02	0.000000e+00
  8184	1.636900e+02	0.000000e+00
  8185	1.637100e+02	0.000000e+00
  8186	1.637300e+02	0.000000e+00
  8187	1.637500e+02	0.000000e+00
  8188	1.637700e+02	0.000000e+00
  8189	1.637900e+02	0.000000e+00
  8190	1.638100e+02	0.000000e+00
  8191	1.638300e+02	0.000000e+00
  8192	1.638500e+02	0.000000e+00
  8193	1.638700e+02	0.000000e+00
  8194	1.638900e+02	0.000000e+00
  8195	1.639100e+02	0.000000e+00
  8196	1.639300e+02	0.000000e+00
  8197	1.639500e+02	0.000000e+00
  8198	1.639700e+02	0.000000e+00
  8199	1.639900e+02	0.000000e+00
  8200	1.640100e+02	0.000000e+00
  8201	1.640300e+02	0.000000e+00
  8202	1.640500e+02	0.000000e+00
  8203	1.640700e+02	0.000000e+00
  8204	1.640900e+02	0.000000e+00
  8205	1.641100e+02	0.000000e+00
  8206	1.641300e+02	0.000000e+00
  8207	1.641500e+02	0.000000e+00
  8208	1.641700e+02	0.000000e+00
  8209	1.641900e+02	0.000000e+00
  8210	1.642100e+02	0.000000e+00
  8211	1.642300e+02	0.000000e+00
  8212	1.642500e+02	0.000000e+00
  8213	1.642700e+02	0.000000e+00
  8214	1.642900e+02	0.000000e+00
  8215	1.643100e+02	0.000000e+00
  8216	1.643300e+02	0.000000e+00
  8217	1.643500e+02	0.000000e+00
  8218	1.643700e+02	0.000000e+00
  8219	1.643900e+02	0.000000e+00
  8220	1.644100e+02	0.000000e+00
  8221	1.644300e+02	0.000000e+00
  8222	1.644500e+02	0.000000e+00
  8223	1.644700e+02	0.000000e+00
  8224	1.644900e+02	0.000000e+00
  8225	1.645100e+02	0.000000e+00
  8226	1.645300e+02	0.000000e+00
  8227	1.645500e+02	0.000000e+00
  8228	1.645700e+02	0.000000e+00
  8229	1.645900e+02	0.000000e+00
  8230	1.646100e+02	0.000000e+00
  8231	1.646300e+02	0.000000e+00
  8232	1.646500e+02	0.000000e+00
  8233	1.646700e+02	0.000000e+00
  8234	1.646900e+02	0.000000e+00
  8235	1.647100e+02	0.000000e+00
  8236	1.647300e+02	0.000000e+00
  8237	1.647500e+02	0.000000e+00
  8238	1.647700e+02	0.000000e+00
  8239	1.647900e+02	0.000000e+00
  8240	1.648100e+02	0.000000e+00
  8241	1.648300e+02	0.000000e+00
  8242	1.648500e+02	0.000000e+00
  8243	1.648700e+02	0.000000e+00
  8244	1.648900e+02	0.000000e+00
  8245	1.649100e+02	0.000000e+00
  8246	1.649300e+02	0.000000e+00
  8247	1.649500e+02	0.000000e+00
  8248	1.649700e+02	0.000000e+00
  8249	1.649900e+02	0.000000e+00
  8250	1.650100e+02	0.000000e+00
  8251	1.650300e+02	0.000000e+00
  8252	1.650500e+02	0.000000e+00
  8253	1.650700e+02	0.000000e+00
  8254	1.650900e+02	0.000000e+00
  8255	1.651100e+02	0.000000e+00
  8256	1.651300e+02	0.000000e+00
  8257	1.651500e+02	0.000000e+00
  8258	1.651700e+02	0.000000e+00
  8259	1.651900e+02	0.000000e+00
  8260	1.652100e+02	0.000000e+00
  8261	1.652300e+02	0.000000e+00
  8262	1.652500e+02	0.000000e+00
  8263	1.652700e+02	0.000000e+00
  8264	1.652900e+02	0.000000e+00
  8265	1.653100e+02	0.000000e+00
  8266	1.653300e+02	0.000000e+00
  8267	1.653500e+02	0.000000e+00
  8268	1.653700e+02	0.000000e+00
  8269	1.653900e+02	0.000000e+00
  8270	1.654100e+02	0.000000e+00
  8271	1.654300e+02	0.000000e+00
  8272	1.654500e+02	0.000000e+00
  8273	1.654700e+02	0.000000e+00
  8274	1.654900e+02	0.000000e+00
  8275	1.655100e+02	0.000000e+00
  8276	1.655300e+02	0.000000e+00
  8277	1.655500e+02	0.000000e+00
  8278	1.655700e+02	0.000000e+00
  8279	1.655900e+02	0.000000e+00
  8280	1.656100e+02	0.000000e+00
  8281	1.656300e+02	0.000000e+00
  8282	1.656500e+02	0.000000e+00
  8283	1.656700e+02	0.000000e+00
  8284	1.656900e+02	0.000000e+00
  8285	1.657100e+02	0.000000e+00
  8286	1.657300e+02	0.000000e+00
  8287	1.657500e+02	0.000000e+00
  8288	1.657700e+02	0.000000e+00
  8289	1.657900e+02	0.000000e+00
  8290	1.658100e+02	0.000000e+00
  8291	1.658300e+02	0.000000e+00
  8292	1.658500e+02	0.000000e+00
  8293	1.658700e+02	0.000000e+00
  8294	1.658900e+02	0.000000e+00
  8295	1.659100e+02	0.000000e+00
  8296	1.659300e+02	0.000000e+00
  8297	1.659500e+02	0.000000e+00
  8298	1.659700e+02	0.000000e+00
  8299	1.659900e+02	0.000000e+00
  8300	1.660100e+02	0.000000e+00
  8301	1.660300e+02	0.000000e+00
  8302	1.660500e+02	0.000000e+00
  8303	1.660700e+02	0.000000e+00
  8304	1.660900e+02	0.000000e+00
  8305	1.661100e+02	0.000000e+00
  8306	1.661300e+02	0.000000e+00
  8307	1.661500e+02	0.000000e+00
  8308	1.661700e+02	0.000000e+00
  8309	1.661900e+02	0.000000e+00
  8310	1.662100e+02	0.000000e+00
  8311	1.662300e+02	0.000000e+00
  8312	1.662500e+02	0.000000e+00
  8313	1.662700e+02	0.000000e+00
  8314	1.662900e+02	0.000000e+00
  8315	1.663100e+02	0.000000e+00
  8316	1.663300e+02	0.000000e+00
  8317	1.663500e+02	0.000000e+00
  8318	1.663700e+02	0.000000e+00
  8319	1.663900e+02	0.000000e+00
  8320	1.664100e+02	0.000000e+00
  8321	1.664300e+02	0.000000e+00
  8322	1.664500e+02	0.000000e+00
  8323	1.664700e+02	0.000000e+00
  8324	1.664900e+02	0.000000e+00
  8325	1.665100e+02	0.000000e+00
  8326	1.665300e+02	0.000000e+00
  8327	1.665500e+02	0.000000e+00
  8328	1.665700e+02	0.000000e+00
  8329	1.665900e+02	0.000000e+00
  8330	1.666100e+02	0.000000e+00
  8331	1.666300e+02	0.000000e+00
  8332	1.666500e+02	0.000000e+00
  8333	1.666700e+02	0.000000e+00
  8334	1.666900e+02	0.000000e+00
  8335	1.667100e+02	0.000000e+00
  8336	1.667300e+02	0.000000e+00
  8337	1.667500e+02	0.000000e+00
  8338	1.667700e+02	0.000000e+00
  8339	1.667900e+02	0.000000e+00
  8340	1.668100e+02	0.000000e+00
  8341	1.668300e+02	0.000000e+00
  8342	1.668500e+02	0.000000e+00
  8343	1.668700e+02	0.000000e+00
  8344	1.668900e+02	0.000000e+00
  8345	1.669100e+02	0.000000e+00
  8346	1.669300e+02	0.000000e+00
  8347	1.669500e+02	0.000000e+00
  8348	1.669700e+02	0.000000e+00
  8349	1.669900e+02	0.000000e+00
  8350	1.670100e+02	0.000000e+00
  8351	1.670300e+02	0.000000e+00
  8352	1.670500e+02	0.000000e+00
  8353	1.670700e+02	0.000000e+00
  8354	1.670900e+02	0.000000e+00
  8355	1.671100e+02	0.000000e+00
  8356	1.671300e+02	0.000000e+00
  8357	1.671500e+02	0.000000e+00
  8358	1.671700e+02	0.000000e+00
  8359	1.671900e+02	0.000000e+00
  8360	1.672100e+02	0.000000e+00
  8361	1.672300e+02	0.000000e+00
  8362	1.672500e+02	0.000000e+00
  8363	1.672700e+02	0.000000e+00
  8364	1.672900e+02	0.000000e+00
  8365	1.673100e+02	0.000000e+00
  8366	1.673300e+02	0.000000e+00
  8367	1.673500e+02	0.000000e+00
  8368	1.673700e+02	0.000000e+00
  8369	1.673900e+02	0.000000e+00
  8370	1.674100e+02	0.000000e+00
  8371	1.674300e+02	0.000000e+00
  8372	1.674500e+02	0.000000e+00
  8373	1.674700e+02	0.000000e+00
  8374	1.674900e+02	0.000000e+00
  8375	1.675100e+02	0.000000e+00
  8376	1.675300e+02	0.000000e+00
  8377	1.675500e+02	0.000000e+00
  8378	1.675700e+02	0.000000e+00
  8379	1.675900e+02	0.000000e+00
  8380	1.676100e+02	0.000000e+00
  8381	1.676300e+02	0.000000e+00
  8382	1.676500e+02	0.000000e+00
  8383	1.676700e+02	0.000000e+00
  8384	1.676900e+02	0.000000e+00
  8385	1.677100e+02	0.000000e+00
  8386	1.677300e+02	0.000000e+00
  8387	1.677500e+02	0.000000e+00
  8388	1.677700e+02	0.000000e+00
  8389	1.677900e+02	0.000000e+00
  8390	1.678100e+02	0.000000e+00
  8391	1.678300e+02	0.000000e+00
  8392	1.678500e+02	0.000000e+00
  8393	1.678700e+02	0.000000e+00
  8394	1.678900e+02	0.000000e+00
  8395	1.679100e+02	0.000000e+00
  8396	1.679300e+02	0.000000e+00
  8397	1.679500e+02	0.000000e+00
  8398	1.679700e+02	0.000000e+00
  8399	1.679900e+02	0.000000e+00
  8400	1.680100e+02	0.000000e+00
  8401	1.680300e+02	0.000000e+00
  8402	1.680500e+02	0.000000e+00
  8403	1.680700e+02	0.000000e+00
  8404	1.680900e+02	0.000000e+00
  8405	1.681100e+02	0.000000e+00
  8406	1.681300e+02	0.000000e+00
  8407	1.681500e+02	0.000000e+00
  8408	1.681700e+02	0.000000e+00
  8409	1.681900e+02	0.000000e+00
  8410	1.682100e+02	0.000000e+00
  8411	1.682300e+02	0.000000e+00
  8412	1.682500e+02	0.000000e+00
  8413	1.682700e+02	0.000000e+00
  8414	1.682900e+02	0.000000e+00
  8415	1.683100e+02	0.000000e+00
  8416	1.683300e+02	0.000000e+00
  8417	1.683500e+02	0.000000e+00
  8418	1.683700e+02	0.000000e+00
  8419	1.683900e+02	0.000000e+00
  8420	1.684100e+02	0.000000e+00
  8421	1.684300e+02	0.000000e+00
  8422	1.684500e+02	0.000000e+00
  8423	1.684700e+02	0.000000e+00
  8424	1.684900e+02	0.000000e+00
  8425	1.685100e+02	0.000000e+00
  8426	1.685300e+02	0.000000e+00
  8427	1.685500e+02	0.000000e+00
  8428	1.685700e+02	0.000000e+00
  8429	1.685900e+02	0.000000e+00
  8430	1.686100e+02	0.000000e+00
  8431	1.686300e+02	0.000000e+00
  8432	1.686500e+02	0.000000e+00
  8433	1.686700e+02	0.000000e+00
  8434	1.686900e+02	0.000000e+00
  8435	1.687100e+02	0.000000e+00
  8436	1.687300e+02	0.000000e+00
  8437	1.687500e+02	0.000000e+00
  8438	1.687700e+02	0.000000e+00
  8439	1.687900e+02	0.000000e+00
  8440	1.688100e+02	0.000000e+00
  8441	1.688300e+02	0.000000e+00
  8442	1.688500e+02	0.000000e+00
  8443	1.688700e+02	0.000000e+00
  8444	1.688900e+02	0.000000e+00
  8445	1.689100e+02	0.000000e+00
  8446	1.689300e+02	0.000000e+00
  8447	1.689500e+02	0.000000e+00
  8448	1.689700e+02	0.000000e+00
  8449	1.689900e+02	0.000000e+00
  8450	1.690100e+02	0.000000e+00
  8451	1.690300e+02	0.000000e+00
  8452	1.690500e+02	0.000000e+00
  8453	1.690700e+02	0.000000e+00
  8454	1.690900e+02	0.000000e+00
  8455	1.691100e+02	0.000000e+00
  8456	1.691300e+02	0.000000e+00
  8457	1.691500e+02	0.000000e+00
  8458	1.691700e+02	0.000000e+00
  8459	1.691900e+02	0.000000e+00
  8460	1.692100e+02	0.000000e+00
  8461	1.692300e+02	0.000000e+00
  8462	1.692500e+02	0.000000e+00
  8463	1.692700e+02	0.000000e+00
  8464	1.692900e+02	0.000000e+00
  8465	1.693100e+02	0.000000e+00
  8466	1.693300e+02	0.000000e+00
  8467	1.693500e+02	0.000000e+00
  8468	1.693700e+02	0.000000e+00
  8469	1.693900e+02	0.000000e+00
  8470	1.694100e+02	0.000000e+00
  8471	1.694300e+02	0.000000e+00
  8472	1.694500e+02	0.000000e+00
  8473	1.694700e+02	0.000000e+00
  8474	1.694900e+02	0.000000e+00
  8475	1.695100e+02	0.000000e+00
  8476	1.695300e+02	0.000000e+00
  8477	1.695500e+02	0.000000e+00
  8478	1.695700e+02	0.000000e+00
  8479	1.695900e+02	0.000000e+00
  8480	1.696100e+02	0.000000e+00
  8481	1.696300e+02	0.000000e+00
  8482	1.696500e+02	0.000000e+00
  8483	1.696700e+02	0.000000e+00
  8484	1.696900e+02	0.000000e+00
  8485	1.697100e+02	0.000000e+00
  8486	1.697300e+02	0.000000e+00
  8487	1.697500e+02	0.000000e+00
  8488	1.697700e+02	0.000000e+00
  8489	1.697900e+02	0.000000e+00
  8490	1.698100e+02	0.000000e+00
  8491	1.698300e+02	0.000000e+00
  8492	1.698500e+02	0.000000e+00
  8493	1.698700e+02	0.000000e+00
  8494	1.698900e+02	0.000000e+00
  8495	1.699100e+02	0.000000e+00
  8496	1.699300e+02	0.000000e+00
  8497	1.699500e+02	0.000000e+00
  8498	1.699700e+02	0.000000e+00
  8499	1.699900e+02	0.000000e+00
  8500	1.700100e+02	0.000000e+00
  8501	1.700300e+02	0.000000e+00
  8502	1.700500e+02	0.000000e+00
  8503	1.700700e+02	0.000000e+00
  8504	1.700900e+02	0.000000e+00
  8505	1.701100e+02	0.000000e+00
  8506	1.701300e+02	0.000000e+00
  8507	1.701500e+02	0.000000e+00
  8508	1.701700e+02	0.000000e+00
  8509	1.701900e+02	0.000000e+00
  8510	1.702100e+02	0.000000e+00
  8511	1.702300e+02	0.000000e+00
  8512	1.702500e+02	0.000000e+00
  8513	1.702700e+02	0.000000e+00
  8514	1.702900e+02	0.000000e+00
  8515	1.703100e+02	0.000000e+00
  8516	1.703300e+02	0.000000e+00
  8517	1.703500e+02	0.000000e+00
  8518	1.703700e+02	0.000000e+00
  8519	1.703900e+02	0.000000e+00
  8520	1.704100e+02	0.000000e+00
  8521	1.704300e+02	0.000000e+00
  8522	1.704500e+02	0.000000e+00
  8523	1.704700e+02	0.000000e+00
  8524	1.704900e+02	0.000000e+00
  8525	1.705100e+02	0.000000e+00
  8526	1.705300e+02	0.000000e+00
  8527	1.705500e+02	0.000000e+00
  8528	1.705700e+02	0.000000e+00
  8529	1.705900e+02	0.000000e+00
  8530	1.706100e+02	0.000000e+00
  8531	1.706300e+02	0.000000e+00
  8532	1.706500e+02	0.000000e+00
  8533	1.706700e+02	0.000000e+00
  8534	1.706900e+02	0.000000e+00
  8535	1.707100e+02	0.000000e+00
  8536	1.707300e+02	0.000000e+00
  8537	1.707500e+02	0.000000e+00
  8538	1.707700e+02	0.000000e+00
  8539	1.707900e+02	0.000000e+00
  8540	1.708100e+02	0.000000e+00
  8541	1.708300e+02	0.000000e+00
  8542	1.708500e+02	0.000000e+00
  8543	1.708700e+02	0.000000e+00
  8544	1.708900e+02	0.000000e+00
  8545	1.709100e+02	0.000000e+00
  8546	1.709300e+02	0.000000e+00
  8547	1.709500e+02	0.000000e+00
  8548	1.709700e+02	0.000000e+00
  8549	1.709900e+02	0.000000e+00
  8550	1.710100e+02	0.000000e+00
  8551	1.710300e+02	0.000000e+00
  8552	1.710500e+02	0.000000e+00
  8553	1.710700e+02	0.000000e+00
  8554	1.710900e+02	0.000000e+00
  8555	1.711100e+02	0.000000e+00
  8556	1.711300e+02	0.000000e+00
  8557	1.711500e+02	0.000000e+00
  8558	1.711700e+02	0.000000e+00
  8559	1.711900e+02	0.000000e+00
  8560	1.712100e+02	0.000000e+00
  8561	1.712300e+02	0.000000e+00
  8562	1.712500e+02	0.000000e+00
  8563	1.712700e+02	0.000000e+00
  8564	1.712900e+02	0.000000e+00
  8565	1.713100e+02	0.000000e+00
  8566	1.713300e+02	0.000000e+00
  8567	1.713500e+02	0.000000e+00
  8568	1.713700e+02	0.000000e+00
  8569	1.713900e+02	0.000000e+00
  8570	1.714100e+02	0.000000e+00
  8571	1.714300e+02	0.000000e+00
  8572	1.714500e+02	0.000000e+00
  8573	1.714700e+02	0.000000e+00
  8574	1.714900e+02	0.000000e+00
  8575	1.715100e+02	0.000000e+00
  8576	1.715300e+02	0.000000e+00
  8577	1.715500e+02	0.000000e+00
  8578	1.715700e+02	0.000000e+00
  8579	1.715900e+02	0.000000e+00
  8580	1.716100e+02	0.000000e+00
  8581	1.716300e+02	0.000000e+00
  8582	1.716500e+02	0.000000e+00
  8583	1.716700e+02	0.000000e+00
  8584	1.716900e+02	0.000000e+00
  8585	1.717100e+02	0.000000e+00
  8586	1.717300e+02	0.000000e+00
  8587	1.717500e+02	0.000000e+00
  8588	1.717700e+02	0.000000e+00
  8589	1.717900e+02	0.000000e+00
  8590	1.718100e+02	0.000000e+00
  8591	1.718300e+02	0.000000e+00
  8592	1.718500e+02	0.000000e+00
  8593	1.718700e+02	0.000000e+00
  8594	1.718900e+02	0.000000e+00
  8595	1.719100e+02	0.000000e+00
  8596	1.719300e+02	0.000000e+00
  8597	1.719500e+02	0.000000e+00
  8598	1.719700e+02	0.000000e+00
  8599	1.719900e+02	0.000000e+00
  8600	1.720100e+02	0.000000e+00
  8601	1.720300e+02	0.000000e+00
  8602	1.720500e+02	0.000000e+00
  8603	1.720700e+02	0.000000e+00
  8604	1.720900e+02	0.000000e+00
  8605	1.721100e+02	0.000000e+00
  8606	1.721300e+02	0.000000e+00
  8607	1.721500e+02	0.000000e+00
  8608	1.721700e+02	0.000000e+00
  8609	1.721900e+02	0.000000e+00
  8610	1.722100e+02	0.000000e+00
  8611	1.722300e+02	0.000000e+00
  8612	1.722500e+02	0.000000e+00
  8613	1.722700e+02	0.000000e+00
  8614	1.722900e+02	0.000000e+00
  8615	1.723100e+02	0.000000e+00
  8616	1.723300e+02	0.000000e+00
  8617	1.723500e+02	0.000000e+00
  8618	1.723700e+02	0.000000e+00
  8619	1.723900e+02	0.000000e+00
  8620	1.724100e+02	0.000000e+00
  8621	1.724300e+02	0.000000e+00
  8622	1.724500e+02	0.000000e+00
  8623	1.724700e+02	0.000000e+00
  8624	1.724900e+02	0.000000e+00
  8625	1.725100e+02	0.000000e+00
  8626	1.725300e+02	0.000000e+00
  8627	1.725500e+02	0.000000e+00
  8628	1.725700e+02	0.000000e+00
  8629	1.725900e+02	0.000000e+00
  8630	1.726100e+02	0.000000e+00
  8631	1.726300e+02	0.000000e+00
  8632	1.726500e+02	0.000000e+00
  8633	1.726700e+02	0.000000e+00
  8634	1.726900e+02	0.000000e+00
  8635	1.727100e+02	0.000000e+00
  8636	1.727300e+02	0.000000e+00
  8637	1.727500e+02	0.000000e+00
  8638	1.727700e+02	0.000000e+00
  8639	1.727900e+02	0.000000e+00
  8640	1.728100e+02	0.000000e+00
  8641	1.728300e+02	0.000000e+00
  8642	1.728500e+02	0.000000e+00
  8643	1.728700e+02	0.000000e+00
  8644	1.728900e+02	0.000000e+00
  8645	1.729100e+02	0.000000e+00
  8646	1.729300e+02	0.000000e+00
  8647	1.729500e+02	0.000000e+00
  8648	1.729700e+02	0.000000e+00
  8649	1.729900e+02	0.000000e+00
  8650	1.730100e+02	0.000000e+00
  8651	1.730300e+02	0.000000e+00
  8652	1.730500e+02	0.000000e+00
  8653	1.730700e+02	0.000000e+00
  8654	1.730900e+02	0.000000e+00
  8655	1.731100e+02	0.000000e+00
  8656	1.731300e+02	0.000000e+00
  8657	1.731500e+02	0.000000e+00
  8658	1.731700e+02	0.000000e+00
  8659	1.731900e+02	0.000000e+00
  8660	1.732100e+02	0.000000e+00
  8661	1.732300e+02	0.000000e+00
  8662	1.732500e+02	0.000000e+00
  8663	1.732700e+02	0.000000e+00
  8664	1.732900e+02	0.000000e+00
  8665	1.733100e+02	0.000000e+00
  8666	1.733300e+02	0.000000e+00
  8667	1.733500e+02	0.000000e+00
  8668	1.733700e+02	0.000000e+00
  8669	1.733900e+02	0.000000e+00
  8670	1.734100e+02	0.000000e+00
  8671	1.734300e+02	0.000000e+00
  8672	1.734500e+02	0.000000e+00
  8673	1.734700e+02	0.000000e+00
  8674	1.734900e+02	0.000000e+00
  8675	1.735100e+02	0.000000e+00
  8676	1.735300e+02	0.000000e+00
  8677	1.735500e+02	0.000000e+00
  8678	1.735700e+02	0.000000e+00
  8679	1.735900e+02	0.000000e+00
  8680	1.736100e+02	0.000000e+00
  8681	1.736300e+02	0.000000e+00
  8682	1.736500e+02	0.000000e+00
  8683	1.736700e+02	0.000000e+00
  8684	1.736900e+02	0.000000e+00
  8685	1.737100e+02	0.000000e+00
  8686	1.737300e+02	0.000000e+00
  8687	1.737500e+02	0.000000e+00
  8688	1.737700e+02	0.000000e+00
  8689	1.737900e+02	0.000000e+00
  8690	1.738100e+02	0.000000e+00
  8691	1.738300e+02	0.000000e+00
  8692	1.738500e+02	0.000000e+00
  8693	1.738700e+02	0.000000e+00
  8694	1.738900e+02	0.000000e+00
  8695	1.739100e+02	0.000000e+00
  8696	1.739300e+02	0.000000e+00
  8697	1.739500e+02	0.000000e+00
  8698	1.739700e+02	0.000000e+00
  8699	1.739900e+02	0.000000e+00
  8700	1.740100e+02	0.000000e+00
  8701	1.740300e+02	0.000000e+00
  8702	1.740500e+02	0.000000e+00
  8703	1.740700e+02	0.000000e+00
  8704	1.740900e+02	0.000000e+00
  8705	1.741100e+02	0.000000e+00
  8706	1.741300e+02	0.000000e+00
  8707	1.741500e+02	0.000000e+00
  8708	1.741700e+02	0.000000e+00
  8709	1.741900e+02	0.000000e+00
  8710	1.742100e+02	0.000000e+00
  8711	1.742300e+02	0.000000e+00
  8712	1.742500e+02	0.000000e+00
  8713	1.742700e+02	0.000000e+00
  8714	1.742900e+02	0.000000e+00
  8715	1.743100e+02	0.000000e+00
  8716	1.743300e+02	0.000000e+00
  8717	1.743500e+02	0.000000e+00
  8718	1.743700e+02	0.000000e+00
  8719	1.743900e+02	0.000000e+00
  8720	1.744100e+02	0.000000e+00
  8721	1.744300e+02	0.000000e+00
  8722	1.744500e+02	0.000000e+00
  8723	1.744700e+02	0.000000e+00
  8724	1.744900e+02	0.000000e+00
  8725	1.745100e+02	0.000000e+00
  8726	1.745300e+02	0.000000e+00
  8727	1.745500e+02	0.000000e+00
  8728	1.745700e+02	0.000000e+00
  8729	1.745900e+02	0.000000e+00
  8730	1.746100e+02	0.000000e+00
  8731	1.746300e+02	0.000000e+00
  8732	1.746500e+02	0.000000e+00
  8733	1.746700e+02	0.000000e+00
  8734	1.746900e+02	0.000000e+00
  8735	1.747100e+02	0.000000e+00
  8736	1.747300e+02	0.000000e+00
  8737	1.747500e+02	0.000000e+00
  8738	1.747700e+02	0.000000e+00
  8739	1.747900e+02	0.000000e+00
  8740	1.748100e+02	0.000000e+00
  8741	1.748300e+02	0.000000e+00
  8742	1.748500e+02	0.000000e+00
  8743	1.748700e+02	0.000000e+00
  8744	1.748900e+02	0.000000e+00
  8745	1.749100e+02	0.000000e+00
  8746	1.749300e+02	0.000000e+00
  8747	1.749500e+02	0.000000e+00
  8748	1.749700e+02	0.000000e+00
  8749	1.749900e+02	0.000000e+00
  8750	1.750100e+02	0.000000e+00
  8751	1.750300e+02	0.000000e+00
  8752	1.750500e+02	0.000000e+00
  8753	1.750700e+02	0.000000e+00
  8754	1.750900e+02	0.000000e+00
  8755	1.751100e+02	0.000000e+00
  8756	1.751300e+02	0.000000e+00
  8757	1.751500e+02	0.000000e+00
  8758	1.751700e+02	0.000000e+00
  8759	1.751900e+02	0.000000e+00
  8760	1.752100e+02	0.000000e+00
  8761	1.752300e+02	0.000000e+00
  8762	1.752500e+02	0.000000e+00
  8763	1.752700e+02	0.000000e+00
  8764	1.752900e+02	0.000000e+00
  8765	1.753100e+02	0.000000e+00
  8766	1.753300e+02	0.000000e+00
  8767	1.753500e+02	0.000000e+00
  8768	1.753700e+02	0.000000e+00
  8769	1.753900e+02	0.000000e+00
  8770	1.754100e+02	0.000000e+00
  8771	1.754300e+02	0.000000e+00
  8772	1.754500e+02	0.000000e+00
  8773	1.754700e+02	0.000000e+00
  8774	1.754900e+02	0.000000e+00
  8775	1.755100e+02	0.000000e+00
  8776	1.755300e+02	0.000000e+00
  8777	1.755500e+02	0.000000e+00
  8778	1.755700e+02	0.000000e+00
  8779	1.755900e+02	0.000000e+00
  8780	1.756100e+02	0.000000e+00
  8781	1.756300e+02	0.000000e+00
  8782	1.756500e+02	0.000000e+00
  8783	1.756700e+02	0.000000e+00
  8784	1.756900e+02	0.000000e+00
  8785	1.757100e+02	0.000000e+00
  8786	1.757300e+02	0.000000e+00
  8787	1.757500e+02	0.000000e+00
  8788	1.757700e+02	0.000000e+00
  8789	1.757900e+02	0.000000e+00
  8790	1.758100e+02	0.000000e+00
  8791	1.758300e+02	0.000000e+00
  8792	1.758500e+02	0.000000e+00
  8793	1.758700e+02	0.000000e+00
  8794	1.758900e+02	0.000000e+00
  8795	1.759100e+02	0.000000e+00
  8796	1.759300e+02	0.000000e+00
  8797	1.759500e+02	0.000000e+00
  8798	1.759700e+02	0.000000e+00
  8799	1.759900e+02	0.000000e+00
  8800	1.760100e+02	0.000000e+00
  8801	1.760300e+02	0.000000e+00
  8802	1.760500e+02	0.000000e+00
  8803	1.760700e+02	0.000000e+00
  8804	1.760900e+02	0.000000e+00
  8805	1.761100e+02	0.000000e+00
  8806	1.761300e+02	0.000000e+00
  8807	1.761500e+02	0.000000e+00
  8808	1.761700e+02	0.000000e+00
  8809	1.761900e+02	0.000000e+00
  8810	1.762100e+02	0.000000e+00
  8811	1.762300e+02	0.000000e+00
  8812	1.762500e+02	0.000000e+00
  8813	1.762700e+02	0.000000e+00
  8814	1.762900e+02	0.000000e+00
  8815	1.763100e+02	0.000000e+00
  8816	1.763300e+02	0.000000e+00
  8817	1.763500e+02	0.000000e+00
  8818	1.763700e+02	0.000000e+00
  8819	1.763900e+02	0.000000e+00
  8820	1.764100e+02	0.000000e+00
  8821	1.764300e+02	0.000000e+00
  8822	1.764500e+02	0.000000e+00
  8823	1.764700e+02	0.000000e+00
  8824	1.764900e+02	0.000000e+00
  8825	1.765100e+02	0.000000e+00
  8826	1.765300e+02	0.000000e+00
  8827	1.765500e+02	0.000000e+00
  8828	1.765700e+02	0.000000e+00
  8829	1.765900e+02	0.000000e+00
  8830	1.766100e+02	0.000000e+00
  8831	1.766300e+02	0.000000e+00
  8832	1.766500e+02	0.000000e+00
  8833	1.766700e+02	0.000000e+00
  8834	1.766900e+02	0.000000e+00
  8835	1.767100e+02	0.000000e+00
  8836	1.767300e+02	0.000000e+00
  8837	1.767500e+02	0.000000e+00
  8838	1.767700e+02	0.000000e+00
  8839	1.767900e+02	0.000000e+00
  8840	1.768100e+02	0.000000e+00
  8841	1.768300e+02	0.000000e+00
  8842	1.768500e+02	0.000000e+00
  8843	1.768700e+02	0.000000e+00
  8844	1.768900e+02	0.000000e+00
  8845	1.769100e+02	0.000000e+00
  8846	1.769300e+02	0.000000e+00
  8847	1.769500e+02	0.000000e+00
  8848	1.769700e+02	0.000000e+00
  8849	1.769900e+02	0.000000e+00
  8850	1.770100e+02	0.000000e+00
  8851	1.770300e+02	0.000000e+00
  8852	1.770500e+02	0.000000e+00
  8853	1.770700e+02	0.000000e+00
  8854	1.770900e+02	0.000000e+00
  8855	1.771100e+02	0.000000e+00
  8856	1.771300e+02	0.000000e+00
  8857	1.771500e+02	0.000000e+00
  8858	1.771700e+02	0.000000e+00
  8859	1.771900e+02	0.000000e+00
  8860	1.772100e+02	0.000000e+00
  8861	1.772300e+02	0.000000e+00
  8862	1.772500e+02	0.000000e+00
  8863	1.772700e+02	0.000000e+00
  8864	1.772900e+02	0.000000e+00
  8865	1.773100e+02	0.000000e+00
  8866	1.773300e+02	0.000000e+00
  8867	1.773500e+02	0.000000e+00
  8868	1.773700e+02	0.000000e+00
  8869	1.773900e+02	0.000000e+00
  8870	1.774100e+02	0.000000e+00
  8871	1.774300e+02	0.000000e+00
  8872	1.774500e+02	0.000000e+00
  8873	1.774700e+02	0.000000e+00
  8874	1.774900e+02	0.000000e+00
  8875	1.775100e+02	0.000000e+00
  8876	1.775300e+02	0.000000e+00
  8877	1.775500e+02	0.000000e+00
  8878	1.775700e+02	0.000000e+00
  8879	1.775900e+02	0.000000e+00
  8880	1.776100e+02	0.000000e+00
  8881	1.776300e+02	0.000000e+00
  8882	1.776500e+02	0.000000e+00
  8883	1.776700e+02	0.000000e+00
  8884	1.776900e+02	0.000000e+00
  8885	1.777100e+02	0.000000e+00
  8886	1.777300e+02	0.000000e+00
  8887	1.777500e+02	0.000000e+00
  8888	1.777700e+02	0.000000e+00
  8889	1.777900e+02	0.000000e+00
  8890	1.778100e+02	0.000000e+00
  8891	1.778300e+02	0.000000e+00
  8892	1.778500e+02	0.000000e+00
  8893	1.778700e+02	0.000000e+00
  8894	1.778900e+02	0.000000e+00
  8895	1.779100e+02	0.000000e+00
  8896	1.779300e+02	0.000000e+00
  8897	1.779500e+02	0.000000e+00
  8898	1.779700e+02	0.000000e+00
  8899	1.779900e+02	0.000000e+00
  8900	1.780100e+02	0.000000e+00
  8901	1.780300e+02	0.000000e+00
  8902	1.780500e+02	0.000000e+00
  8903	1.780700e+02	0.000000e+00
  8904	1.780900e+02	0.000000e+00
  8905	1.781100e+02	0.000000e+00
  8906	1.781300e+02	0.000000e+00
  8907	1.781500e+02	0.000000e+00
  8908	1.781700e+02	0.000000e+00
  8909	1.781900e+02	0.000000e+00
  8910	1.782100e+02	0.000000e+00
  8911	1.782300e+02	0.000000e+00
  8912	1.782500e+02	0.000000e+00
  8913	1.782700e+02	0.000000e+00
  8914	1.782900e+02	0.000000e+00
  8915	1.783100e+02	0.000000e+00
  8916	1.783300e+02	0.000000e+00
  8917	1.783500e+02	0.000000e+00
  8918	1.783700e+02	0.000000e+00
  8919	1.783900e+02	0.000000e+00
  8920	1.784100e+02	0.000000e+00
  8921	1.784300e+02	0.000000e+00
  8922	1.784500e+02	0.000000e+00
  8923	1.784700e+02	0.000000e+00
  8924	1.784900e+02	0.000000e+00
  8925	1.785100e+02	0.000000e+00
  8926	1.785300e+02	0.000000e+00
  8927	1.785500e+02	0.000000e+00
  8928	1.785700e+02	0.000000e+00
  8929	1.785900e+02	0.000000e+00
  8930	1.786100e+02	0.000000e+00
  8931	1.786300e+02	0.000000e+00
  8932	1.786500e+02	0.000000e+00
  8933	1.786700e+02	0.000000e+00
  8934	1.786900e+02	0.000000e+00
  8935	1.787100e+02	0.000000e+00
  8936	1.787300e+02	0.000000e+00
  8937	1.787500e+02	0.000000e+00
  8938	1.787700e+02	0.000000e+00
  8939	1.787900e+02	0.000000e+00
  8940	1.788100e+02	0.000000e+00
  8941	1.788300e+02	0.000000e+00
  8942	1.788500e+02	0.000000e+00
  8943	1.788700e+02	0.000000e+00
  8944	1.788900e+02	0.000000e+00
  8945	1.789100e+02	0.000000e+00
  8946	1.789300e+02	0.000000e+00
  8947	1.789500e+02	0.000000e+00
  8948	1.789700e+02	0.000000e+00
  8949	1.789900e+02	0.000000e+00
  8950	1.790100e+02	0.000000e+00
  8951	1.790300e+02	0.000000e+00
  8952	1.790500e+02	0.000000e+00
  8953	1.790700e+02	0.000000e+00
  8954	1.790900e+02	0.000000e+00
  8955	1.791100e+02	0.000000e+00
  8956	1.791300e+02	0.000000e+00
  8957	1.791500e+02	0.000000e+00
  8958	1.791700e+02	0.000000e+00
  8959	1.791900e+02	0.000000e+00
  8960	1.792100e+02	0.000000e+00
  8961	1.792300e+02	0.000000e+00
  8962	1.792500e+02	0.000000e+00
  8963	1.792700e+02	0.000000e+00
  8964	1.792900e+02	0.000000e+00
  8965	1.793100e+02	0.000000e+00
  8966	1.793300e+02	0.000000e+00
  8967	1.793500e+02	0.000000e+00
  8968	1.793700e+02	0.000000e+00
  8969	1.793900e+02	0.000000e+00
  8970	1.794100e+02	0.000000e+00
  8971	1.794300e+02	0.000000e+00
  8972	1.794500e+02	0.000000e+00
  8973	1.794700e+02	0.000000e+00
  8974	1.794900e+02	0.000000e+00
  8975	1.795100e+02	0.000000e+00
  8976	1.795300e+02	0.000000e+00
  8977	1.795500e+02	0.000000e+00
  8978	1.795700e+02	0.000000e+00
  8979	1.795900e+02	0.000000e+00
  8980	1.796100e+02	0.000000e+00
  8981	1.796300e+02	0.000000e+00
  8982	1.796500e+02	0.000000e+00
  8983	1.796700e+02	0.000000e+00
  8984	1.796900e+02	0.000000e+00
  8985	1.797100e+02	0.000000e+00
  8986	1.797300e+02	0.000000e+00
  8987	1.797500e+02	0.000000e+00
  8988	1.797700e+02	0.000000e+00
  8989	1.797900e+02	0.000000e+00
  8990	1.798100e+02	0.000000e+00
  8991	1.798300e+02	0.000000e+00
  8992	1.798500e+02	0.000000e+00
  8993	1.798700e+02	0.000000e+00
  8994	1.798900e+02	0.000000e+00
  8995	1.799100e+02	0.000000e+00
  8996	1.799300e+02	0.000000e+00
  8997	1.799500e+02	0.000000e+00
  8998	1.799700e+02	0.000000e+00
  8999	1.799900e+02	0.000000e+00
  9000	1.800100e+02	0.000000e+00
  9001	1.800300e+02	0.000000e+00
  9002	1.800500e+02	0.000000e+00
  9003	1.800700e+02	0.000000e+00
  9004	1.800900e+02	0.000000e+00
  9005	1.801100e+02	0.000000e+00
  9006	1.801300e+02	0.000000e+00
  9007	1.801500e+02	0.000000e+00
  9008	1.801700e+02	0.000000e+00
  9009	1.801900e+02	0.000000e+00
  9010	1.802100e+02	0.000000e+00
  9011	1.802300e+02	0.000000e+00
  9012	1.802500e+02	0.000000e+00
  9013	1.802700e+02	0.000000e+00
  9014	1.802900e+02	0.000000e+00
  9015	1.803100e+02	0.000000e+00
  9016	1.803300e+02	0.000000e+00
  9017	1.803500e+02	0.000000e+00
  9018	1.803700e+02	0.000000e+00
  9019	1.803900e+02	0.000000e+00
  9020	1.804100e+02	0.000000e+00
  9021	1.804300e+02	0.000000e+00
  9022	1.804500e+02	0.000000e+00
  9023	1.804700e+02	0.000000e+00
  9024	1.804900e+02	0.000000e+00
  9025	1.805100e+02	0.000000e+00
  9026	1.805300e+02	0.000000e+00
  9027	1.805500e+02	0.000000e+00
  9028	1.805700e+02	0.000000e+00
  9029	1.805900e+02	0.000000e+00
  9030	1.806100e+02	0.000000e+00
  9031	1.806300e+02	0.000000e+00
  9032	1.806500e+02	0.000000e+00
  9033	1.806700e+02	0.000000e+00
  9034	1.806900e+02	0.000000e+00
  9035	1.807100e+02	0.000000e+00
  9036	1.807300e+02	0.000000e+00
  9037	1.807500e+02	0.000000e+00
  9038	1.807700e+02	0.000000e+00
  9039	1.807900e+02	0.000000e+00
  9040	1.808100e+02	0.000000e+00
  9041	1.808300e+02	0.000000e+00
  9042	1.808500e+02	0.000000e+00
  9043	1.808700e+02	0.000000e+00
  9044	1.808900e+02	0.000000e+00
  9045	1.809100e+02	0.000000e+00
  9046	1.809300e+02	0.000000e+00
  9047	1.809500e+02	0.000000e+00
  9048	1.809700e+02	0.000000e+00
  9049	1.809900e+02	0.000000e+00
  9050	1.810100e+02	0.000000e+00
  9051	1.810300e+02	0.000000e+00
  9052	1.810500e+02	0.000000e+00
  9053	1.810700e+02	0.000000e+00
  9054	1.810900e+02	0.000000e+00
  9055	1.811100e+02	0.000000e+00
  9056	1.811300e+02	0.000000e+00
  9057	1.811500e+02	0.000000e+00
  9058	1.811700e+02	0.000000e+00
  9059	1.811900e+02	0.000000e+00
  9060	1.812100e+02	0.000000e+00
  9061	1.812300e+02	0.000000e+00
  9062	1.812500e+02	0.000000e+00
  9063	1.812700e+02	0.000000e+00
  9064	1.812900e+02	0.000000e+00
  9065	1.813100e+02	0.000000e+00
  9066	1.813300e+02	0.000000e+00
  9067	1.813500e+02	0.000000e+00
  9068	1.813700e+02	0.000000e+00
  9069	1.813900e+02	0.000000e+00
  9070	1.814100e+02	0.000000e+00
  9071	1.814300e+02	0.000000e+00
  9072	1.814500e+02	0.000000e+00
  9073	1.814700e+02	0.000000e+00
  9074	1.814900e+02	0.000000e+00
  9075	1.815100e+02	0.000000e+00
  9076	1.815300e+02	0.000000e+00
  9077	1.815500e+02	0.000000e+00
  9078	1.815700e+02	0.000000e+00
  9079	1.815900e+02	0.000000e+00
  9080	1.816100e+02	0.000000e+00
  9081	1.816300e+02	0.000000e+00
  9082	1.816500e+02	0.000000e+00
  9083	1.816700e+02	0.000000e+00
  9084	1.816900e+02	0.000000e+00
  9085	1.817100e+02	0.000000e+00
  9086	1.817300e+02	0.000000e+00
  9087	1.817500e+02	0.000000e+00
  9088	1.817700e+02	0.000000e+00
  9089	1.817900e+02	0.000000e+00
  9090	1.818100e+02	0.000000e+00
  9091	1.818300e+02	0.000000e+00
  9092	1.818500e+02	0.000000e+00
  9093	1.818700e+02	0.000000e+00
  9094	1.818900e+02	0.000000e+00
  9095	1.819100e+02	0.000000e+00
  9096	1.819300e+02	0.000000e+00
  9097	1.819500e+02	0.000000e+00
  9098	1.819700e+02	0.000000e+00
  9099	1.819900e+02	0.000000e+00
  9100	1.820100e+02	0.000000e+00
  9101	1.820300e+02	0.000000e+00
  9102	1.820500e+02	0.000000e+00
  9103	1.820700e+02	0.000000e+00
  9104	1.820900e+02	0.000000e+00
  9105	1.821100e+02	0.000000e+00
  9106	1.821300e+02	0.000000e+00
  9107	1.821500e+02	0.000000e+00
  9108	1.821700e+02	0.000000e+00
  9109	1.821900e+02	0.000000e+00
  9110	1.822100e+02	0.000000e+00
  9111	1.822300e+02	0.000000e+00
  9112	1.822500e+02	0.000000e+00
  9113	1.822700e+02	0.000000e+00
  9114	1.822900e+02	0.000000e+00
  9115	1.823100e+02	0.000000e+00
  9116	1.823300e+02	0.000000e+00
  9117	1.823500e+02	0.000000e+00
  9118	1.823700e+02	0.000000e+00
  9119	1.823900e+02	0.000000e+00
  9120	1.824100e+02	0.000000e+00
  9121	1.824300e+02	0.000000e+00
  9122	1.824500e+02	0.000000e+00
  9123	1.824700e+02	0.000000e+00
  9124	1.824900e+02	0.000000e+00
  9125	1.825100e+02	0.000000e+00
  9126	1.825300e+02	0.000000e+00
  9127	1.825500e+02	0.000000e+00
  9128	1.825700e+02	0.000000e+00
  9129	1.825900e+02	0.000000e+00
  9130	1.826100e+02	0.000000e+00
  9131	1.826300e+02	0.000000e+00
  9132	1.826500e+02	0.000000e+00
  9133	1.826700e+02	0.000000e+00
  9134	1.826900e+02	0.000000e+00
  9135	1.827100e+02	0.000000e+00
  9136	1.827300e+02	0.000000e+00
  9137	1.827500e+02	0.000000e+00
  9138	1.827700e+02	0.000000e+00
  9139	1.827900e+02	0.000000e+00
  9140	1.828100e+02	0.000000e+00
  9141	1.828300e+02	0.000000e+00
  9142	1.828500e+02	0.000000e+00
  9143	1.828700e+02	0.000000e+00
  9144	1.828900e+02	0.000000e+00
  9145	1.829100e+02	0.000000e+00
  9146	1.829300e+02	0.000000e+00
  9147	1.829500e+02	0.000000e+00
  9148	1.829700e+02	0.000000e+00
  9149	1.829900e+02	0.000000e+00
  9150	1.830100e+02	0.000000e+00
  9151	1.830300e+02	0.000000e+00
  9152	1.830500e+02	0.000000e+00
  9153	1.830700e+02	0.000000e+00
  9154	1.830900e+02	0.000000e+00
  9155	1.831100e+02	0.000000e+00
  9156	1.831300e+02	0.000000e+00
  9157	1.831500e+02	0.000000e+00
  9158	1.831700e+02	0.000000e+00
  9159	1.831900e+02	0.000000e+00
  9160	1.832100e+02	0.000000e+00
  9161	1.832300e+02	0.000000e+00
  9162	1.832500e+02	0.000000e+00
  9163	1.832700e+02	0.000000e+00
  9164	1.832900e+02	0.000000e+00
  9165	1.833100e+02	0.000000e+00
  9166	1.833300e+02	0.000000e+00
  9167	1.833500e+02	0.000000e+00
  9168	1.833700e+02	0.000000e+00
  9169	1.833900e+02	0.000000e+00
  9170	1.834100e+02	0.000000e+00
  9171	1.834300e+02	0.000000e+00
  9172	1.834500e+02	0.000000e+00
  9173	1.834700e+02	0.000000e+00
  9174	1.834900e+02	0.000000e+00
  9175	1.835100e+02	0.000000e+00
  9176	1.835300e+02	0.000000e+00
  9177	1.835500e+02	0.000000e+00
  9178	1.835700e+02	0.000000e+00
  9179	1.835900e+02	0.000000e+00
  9180	1.836100e+02	0.000000e+00
  9181	1.836300e+02	0.000000e+00
  9182	1.836500e+02	0.000000e+00
  9183	1.836700e+02	0.000000e+00
  9184	1.836900e+02	0.000000e+00
  9185	1.837100e+02	0.000000e+00
  9186	1.837300e+02	0.000000e+00
  9187	1.837500e+02	0.000000e+00
  9188	1.837700e+02	0.000000e+00
  9189	1.837900e+02	0.000000e+00
  9190	1.838100e+02	0.000000e+00
  9191	1.838300e+02	0.000000e+00
  9192	1.838500e+02	0.000000e+00
  9193	1.838700e+02	0.000000e+00
  9194	1.838900e+02	0.000000e+00
  9195	1.839100e+02	0.000000e+00
  9196	1.839300e+02	0.000000e+00
  9197	1.839500e+02	0.000000e+00
  9198	1.839700e+02	0.000000e+00
  9199	1.839900e+02	0.000000e+00
  9200	1.840100e+02	0.000000e+00
  9201	1.840300e+02	0.000000e+00
  9202	1.840500e+02	0.000000e+00
  9203	1.840700e+02	0.000000e+00
  9204	1.840900e+02	0.000000e+00
  9205	1.841100e+02	0.000000e+00
  9206	1.841300e+02	0.000000e+00
  9207	1.841500e+02	0.000000e+00
  9208	1.841700e+02	0.000000e+00
  9209	1.841900e+02	0.000000e+00
  9210	1.842100e+02	0.000000e+00
  9211	1.842300e+02	0.000000e+00
  9212	1.842500e+02	0.000000e+00
  9213	1.842700e+02	0.000000e+00
  9214	1.842900e+02	0.000000e+00
  9215	1.843100e+02	0.000000e+00
  9216	1.843300e+02	0.000000e+00
  9217	1.843500e+02	0.000000e+00
  9218	1.843700e+02	0.000000e+00
  9219	1.843900e+02	0.000000e+00
  9220	1.844100e+02	0.000000e+00
  9221	1.844300e+02	0.000000e+00
  9222	1.844500e+02	0.000000e+00
  9223	1.844700e+02	0.000000e+00
  9224	1.844900e+02	0.000000e+00
  9225	1.845100e+02	0.000000e+00
  9226	1.845300e+02	0.000000e+00
  9227	1.845500e+02	0.000000e+00
  9228	1.845700e+02	0.000000e+00
  9229	1.845900e+02	0.000000e+00
  9230	1.846100e+02	0.000000e+00
  9231	1.846300e+02	0.000000e+00
  9232	1.846500e+02	0.000000e+00
  9233	1.846700e+02	0.000000e+00
  9234	1.846900e+02	0.000000e+00
  9235	1.847100e+02	0.000000e+00
  9236	1.847300e+02	0.000000e+00
  9237	1.847500e+02	0.000000e+00
  9238	1.847700e+02	0.000000e+00
  9239	1.847900e+02	0.000000e+00
  9240	1.848100e+02	0.000000e+00
  9241	1.848300e+02	0.000000e+00
  9242	1.848500e+02	0.000000e+00
  9243	1.848700e+02	0.000000e+00
  9244	1.848900e+02	0.000000e+00
  9245	1.849100e+02	0.000000e+00
  9246	1.849300e+02	0.000000e+00
  9247	1.849500e+02	0.000000e+00
  9248	1.849700e+02	0.000000e+00
  9249	1.849900e+02	0.000000e+00
  9250	1.850100e+02	0.000000e+00
  9251	1.850300e+02	0.000000e+00
  9252	1.850500e+02	0.000000e+00
  9253	1.850700e+02	0.000000e+00
  9254	1.850900e+02	0.000000e+00
  9255	1.851100e+02	0.000000e+00
  9256	1.851300e+02	0.000000e+00
  9257	1.851500e+02	0.000000e+00
  9258	1.851700e+02	0.000000e+00
  9259	1.851900e+02	0.000000e+00
  9260	1.852100e+02	0.000000e+00
  9261	1.852300e+02	0.000000e+00
  9262	1.852500e+02	0.000000e+00
  9263	1.852700e+02	0.000000e+00
  9264	1.852900e+02	0.000000e+00
  9265	1.853100e+02	0.000000e+00
  9266	1.853300e+02	0.000000e+00
  9267	1.853500e+02	0.000000e+00
  9268	1.853700e+02	0.000000e+00
  9269	1.853900e+02	0.000000e+00
  9270	1.854100e+02	0.000000e+00
  9271	1.854300e+02	0.000000e+00
  9272	1.854500e+02	0.000000e+00
  9273	1.854700e+02	0.000000e+00
  9274	1.854900e+02	0.000000e+00
  9275	1.855100e+02	0.000000e+00
  9276	1.855300e+02	0.000000e+00
  9277	1.855500e+02	0.000000e+00
  9278	1.855700e+02	0.000000e+00
  9279	1.855900e+02	0.000000e+00
  9280	1.856100e+02	0.000000e+00
  9281	1.856300e+02	0.000000e+00
  9282	1.856500e+02	0.000000e+00
  9283	1.856700e+02	0.000000e+00
  9284	1.856900e+02	0.000000e+00
  9285	1.857100e+02	0.000000e+00
  9286	1.857300e+02	0.000000e+00
  9287	1.857500e+02	0.000000e+00
  9288	1.857700e+02	0.000000e+00
  9289	1.857900e+02	0.000000e+00
  9290	1.858100e+02	0.000000e+00
  9291	1.858300e+02	0.000000e+00
  9292	1.858500e+02	0.000000e+00
  9293	1.858700e+02	0.000000e+00
  9294	1.858900e+02	0.000000e+00
  9295	1.859100e+02	0.000000e+00
  9296	1.859300e+02	0.000000e+00
  9297	1.859500e+02	0.000000e+00
  9298	1.859700e+02	0.000000e+00
  9299	1.859900e+02	0.000000e+00
  9300	1.860100e+02	0.000000e+00
  9301	1.860300e+02	0.000000e+00
  9302	1.860500e+02	0.000000e+00
  9303	1.860700e+02	0.000000e+00
  9304	1.860900e+02	0.000000e+00
  9305	1.861100e+02	0.000000e+00
  9306	1.861300e+02	0.000000e+00
  9307	1.861500e+02	0.000000e+00
  9308	1.861700e+02	0.000000e+00
  9309	1.861900e+02	0.000000e+00
  9310	1.862100e+02	0.000000e+00
  9311	1.862300e+02	0.000000e+00
  9312	1.862500e+02	0.000000e+00
  9313	1.862700e+02	0.000000e+00
  9314	1.862900e+02	0.000000e+00
  9315	1.863100e+02	0.000000e+00
  9316	1.863300e+02	0.000000e+00
  9317	1.863500e+02	0.000000e+00
  9318	1.863700e+02	0.000000e+00
  9319	1.863900e+02	0.000000e+00
  9320	1.864100e+02	0.000000e+00
  9321	1.864300e+02	0.000000e+00
  9322	1.864500e+02	0.000000e+00
  9323	1.864700e+02	0.000000e+00
  9324	1.864900e+02	0.000000e+00
  9325	1.865100e+02	0.000000e+00
  9326	1.865300e+02	0.000000e+00
  9327	1.865500e+02	0.000000e+00
  9328	1.865700e+02	0.000000e+00
  9329	1.865900e+02	0.000000e+00
  9330	1.866100e+02	0.000000e+00
  9331	1.866300e+02	0.000000e+00
  9332	1.866500e+02	0.000000e+00
  9333	1.866700e+02	0.000000e+00
  9334	1.866900e+02	0.000000e+00
  9335	1.867100e+02	0.000000e+00
  9336	1.867300e+02	0.000000e+00
  9337	1.867500e+02	0.000000e+00
  9338	1.867700e+02	0.000000e+00
  9339	1.867900e+02	0.000000e+00
  9340	1.868100e+02	0.000000e+00
  9341	1.868300e+02	0.000000e+00
  9342	1.868500e+02	0.000000e+00
  9343	1.868700e+02	0.000000e+00
  9344	1.868900e+02	0.000000e+00
  9345	1.869100e+02	0.000000e+00
  9346	1.869300e+02	0.000000e+00
  9347	1.869500e+02	0.000000e+00
  9348	1.869700e+02	0.000000e+00
  9349	1.869900e+02	0.000000e+00
  9350	1.870100e+02	0.000000e+00
  9351	1.870300e+02	0.000000e+00
  9352	1.870500e+02	0.000000e+00
  9353	1.870700e+02	0.000000e+00
  9354	1.870900e+02	0.000000e+00
  9355	1.871100e+02	0.000000e+00
  9356	1.871300e+02	0.000000e+00
  9357	1.871500e+02	0.000000e+00
  9358	1.871700e+02	0.000000e+00
  9359	1.871900e+02	0.000000e+00
  9360	1.872100e+02	0.000000e+00
  9361	1.872300e+02	0.000000e+00
  9362	1.872500e+02	0.000000e+00
  9363	1.872700e+02	0.000000e+00
  9364	1.872900e+02	0.000000e+00
  9365	1.873100e+02	0.000000e+00
  9366	1.873300e+02	0.000000e+00
  9367	1.873500e+02	0.000000e+00
  9368	1.873700e+02	0.000000e+00
  9369	1.873900e+02	0.000000e+00
  9370	1.874100e+02	0.000000e+00
  9371	1.874300e+02	0.000000e+00
  9372	1.874500e+02	0.000000e+00
  9373	1.874700e+02	0.000000e+00
  9374	1.874900e+02	0.000000e+00
  9375	1.875100e+02	0.000000e+00
  9376	1.875300e+02	0.000000e+00
  9377	1.875500e+02	0.000000e+00
  9378	1.875700e+02	0.000000e+00
  9379	1.875900e+02	0.000000e+00
  9380	1.876100e+02	0.000000e+00
  9381	1.876300e+02	0.000000e+00
  9382	1.876500e+02	0.000000e+00
  9383	1.876700e+02	0.000000e+00
  9384	1.876900e+02	0.000000e+00
  9385	1.877100e+02	0.000000e+00
  9386	1.877300e+02	0.000000e+00
  9387	1.877500e+02	0.000000e+00
  9388	1.877700e+02	0.000000e+00
  9389	1.877900e+02	0.000000e+00
  9390	1.878100e+02	0.000000e+00
  9391	1.878300e+02	0.000000e+00
  9392	1.878500e+02	0.000000e+00
  9393	1.878700e+02	0.000000e+00
  9394	1.878900e+02	0.000000e+00
  9395	1.879100e+02	0.000000e+00
  9396	1.879300e+02	0.000000e+00
  9397	1.879500e+02	0.000000e+00
  9398	1.879700e+02	0.000000e+00
  9399	1.879900e+02	0.000000e+00
  9400	1.880100e+02	0.000000e+00
  9401	1.880300e+02	0.000000e+00
  9402	1.880500e+02	0.000000e+00
  9403	1.880700e+02	0.000000e+00
  9404	1.880900e+02	0.000000e+00
  9405	1.881100e+02	0.000000e+00
  9406	1.881300e+02	0.000000e+00
  9407	1.881500e+02	0.000000e+00
  9408	1.881700e+02	0.000000e+00
  9409	1.881900e+02	0.000000e+00
  9410	1.882100e+02	0.000000e+00
  9411	1.882300e+02	0.000000e+00
  9412	1.882500e+02	0.000000e+00
  9413	1.882700e+02	0.000000e+00
  9414	1.882900e+02	0.000000e+00
  9415	1.883100e+02	0.000000e+00
  9416	1.883300e+02	0.000000e+00
  9417	1.883500e+02	0.000000e+00
  9418	1.883700e+02	0.000000e+00
  9419	1.883900e+02	0.000000e+00
  9420	1.884100e+02	0.000000e+00
  9421	1.884300e+02	0.000000e+00
  9422	1.884500e+02	0.000000e+00
  9423	1.884700e+02	0.000000e+00
  9424	1.884900e+02	0.000000e+00
  9425	1.885100e+02	0.000000e+00
  9426	1.885300e+02	0.000000e+00
  9427	1.885500e+02	0.000000e+00
  9428	1.885700e+02	0.000000e+00
  9429	1.885900e+02	0.000000e+00
  9430	1.886100e+02	0.000000e+00
  9431	1.886300e+02	0.000000e+00
  9432	1.886500e+02	0.000000e+00
  9433	1.886700e+02	0.000000e+00
  9434	1.886900e+02	0.000000e+00
  9435	1.887100e+02	0.000000e+00
  9436	1.887300e+02	0.000000e+00
  9437	1.887500e+02	0.000000e+00
  9438	1.887700e+02	0.000000e+00
  9439	1.887900e+02	0.000000e+00
  9440	1.888100e+02	0.000000e+00
  9441	1.888300e+02	0.000000e+00
  9442	1.888500e+02	0.000000e+00
  9443	1.888700e+02	0.000000e+00
  9444	1.888900e+02	0.000000e+00
  9445	1.889100e+02	0.000000e+00
  9446	1.889300e+02	0.000000e+00
  9447	1.889500e+02	0.000000e+00
  9448	1.889700e+02	0.000000e+00
  9449	1.889900e+02	0.000000e+00
  9450	1.890100e+02	0.000000e+00
  9451	1.890300e+02	0.000000e+00
  9452	1.890500e+02	0.000000e+00
  9453	1.890700e+02	0.000000e+00
  9454	1.890900e+02	0.000000e+00
  9455	1.891100e+02	0.000000e+00
  9456	1.891300e+02	0.000000e+00
  9457	1.891500e+02	0.000000e+00
  9458	1.891700e+02	0.000000e+00
  9459	1.891900e+02	0.000000e+00
  9460	1.892100e+02	0.000000e+00
  9461	1.892300e+02	0.000000e+00
  9462	1.892500e+02	0.000000e+00
  9463	1.892700e+02	0.000000e+00
  9464	1.892900e+02	0.000000e+00
  9465	1.893100e+02	0.000000e+00
  9466	1.893300e+02	0.000000e+00
  9467	1.893500e+02	0.000000e+00
  9468	1.893700e+02	0.000000e+00
  9469	1.893900e+02	0.000000e+00
  9470	1.894100e+02	0.000000e+00
  9471	1.894300e+02	0.000000e+00
  9472	1.894500e+02	0.000000e+00
  9473	1.894700e+02	0.000000e+00
  9474	1.894900e+02	0.000000e+00
  9475	1.895100e+02	0.000000e+00
  9476	1.895300e+02	0.000000e+00
  9477	1.895500e+02	0.000000e+00
  9478	1.895700e+02	0.000000e+00
  9479	1.895900e+02	0.000000e+00
  9480	1.896100e+02	0.000000e+00
  9481	1.896300e+02	0.000000e+00
  9482	1.896500e+02	0.000000e+00
  9483	1.896700e+02	0.000000e+00
  9484	1.896900e+02	0.000000e+00
  9485	1.897100e+02	0.000000e+00
  9486	1.897300e+02	0.000000e+00
  9487	1.897500e+02	0.000000e+00
  9488	1.897700e+02	0.000000e+00
  9489	1.897900e+02	0.000000e+00
  9490	1.898100e+02	0.000000e+00
  9491	1.898300e+02	0.000000e+00
  9492	1.898500e+02	0.000000e+00
  9493	1.898700e+02	0.000000e+00
  9494	1.898900e+02	0.000000e+00
  9495	1.899100e+02	0.000000e+00
  9496	1.899300e+02	0.000000e+00
  9497	1.899500e+02	0.000000e+00
  9498	1.899700e+02	0.000000e+00
  9499	1.899900e+02	0.000000e+00
  9500	1.900100e+02	0.000000e+00
  9501	1.900300e+02	0.000000e+00
  9502	1.900500e+02	0.000000e+00
  9503	1.900700e+02	0.000000e+00
  9504	1.900900e+02	0.000000e+00
  9505	1.901100e+02	0.000000e+00
  9506	1.901300e+02	0.000000e+00
  9507	1.901500e+02	0.000000e+00
  9508	1.901700e+02	0.000000e+00
  9509	1.901900e+02	0.000000e+00
  9510	1.902100e+02	0.000000e+00
  9511	1.902300e+02	0.000000e+00
  9512	1.902500e+02	0.000000e+00
  9513	1.902700e+02	0.000000e+00
  9514	1.902900e+02	0.000000e+00
  9515	1.903100e+02	0.000000e+00
  9516	1.903300e+02	0.000000e+00
  9517	1.903500e+02	0.000000e+00
  9518	1.903700e+02	0.000000e+00
  9519	1.903900e+02	0.000000e+00
  9520	1.904100e+02	0.000000e+00
  9521	1.904300e+02	0.000000e+00
  9522	1.904500e+02	0.000000e+00
  9523	1.904700e+02	0.000000e+00
  9524	1.904900e+02	0.000000e+00
  9525	1.905100e+02	0.000000e+00
  9526	1.905300e+02	0.000000e+00
  9527	1.905500e+02	0.000000e+00
  9528	1.905700e+02	0.000000e+00
  9529	1.905900e+02	0.000000e+00
  9530	1.906100e+02	0.000000e+00
  9531	1.906300e+02	0.000000e+00
  9532	1.906500e+02	0.000000e+00
  9533	1.906700e+02	0.000000e+00
  9534	1.906900e+02	0.000000e+00
  9535	1.907100e+02	0.000000e+00
  9536	1.907300e+02	0.000000e+00
  9537	1.907500e+02	0.000000e+00
  9538	1.907700e+02	0.000000e+00
  9539	1.907900e+02	0.000000e+00
  9540	1.908100e+02	0.000000e+00
  9541	1.908300e+02	0.000000e+00
  9542	1.908500e+02	0.000000e+00
  9543	1.908700e+02	0.000000e+00
  9544	1.908900e+02	0.000000e+00
  9545	1.909100e+02	0.000000e+00
  9546	1.909300e+02	0.000000e+00
  9547	1.909500e+02	0.000000e+00
  9548	1.909700e+02	0.000000e+00
  9549	1.909900e+02	0.000000e+00
  9550	1.910100e+02	0.000000e+00
  9551	1.910300e+02	0.000000e+00
  9552	1.910500e+02	0.000000e+00
  9553	1.910700e+02	0.000000e+00
  9554	1.910900e+02	0.000000e+00
  9555	1.911100e+02	0.000000e+00
  9556	1.911300e+02	0.000000e+00
  9557	1.911500e+02	0.000000e+00
  9558	1.911700e+02	0.000000e+00
  9559	1.911900e+02	0.000000e+00
  9560	1.912100e+02	0.000000e+00
  9561	1.912300e+02	0.000000e+00
  9562	1.912500e+02	0.000000e+00
  9563	1.912700e+02	0.000000e+00
  9564	1.912900e+02	0.000000e+00
  9565	1.913100e+02	0.000000e+00
  9566	1.913300e+02	0.000000e+00
  9567	1.913500e+02	0.000000e+00
  9568	1.913700e+02	0.000000e+00
  9569	1.913900e+02	0.000000e+00
  9570	1.914100e+02	0.000000e+00
  9571	1.914300e+02	0.000000e+00
  9572	1.914500e+02	0.000000e+00
  9573	1.914700e+02	0.000000e+00
  9574	1.914900e+02	0.000000e+00
  9575	1.915100e+02	0.000000e+00
  9576	1.915300e+02	0.000000e+00
  9577	1.915500e+02	0.000000e+00
  9578	1.915700e+02	0.000000e+00
  9579	1.915900e+02	0.000000e+00
  9580	1.916100e+02	0.000000e+00
  9581	1.916300e+02	0.000000e+00
  9582	1.916500e+02	0.000000e+00
  9583	1.916700e+02	0.000000e+00
  9584	1.916900e+02	0.000000e+00
  9585	1.917100e+02	0.000000e+00
  9586	1.917300e+02	0.000000e+00
  9587	1.917500e+02	0.000000e+00
  9588	1.917700e+02	0.000000e+00
  9589	1.917900e+02	0.000000e+00
  9590	1.918100e+02	0.000000e+00
  9591	1.918300e+02	0.000000e+00
  9592	1.918500e+02	0.000000e+00
  9593	1.918700e+02	0.000000e+00
  9594	1.918900e+02	0.000000e+00
  9595	1.919100e+02	0.000000e+00
  9596	1.919300e+02	0.000000e+00
  9597	1.919500e+02	0.000000e+00
  9598	1.919700e+02	0.000000e+00
  9599	1.919900e+02	0.000000e+00
  9600	1.920100e+02	0.000000e+00
  9601	1.920300e+02	0.000000e+00
  9602	1.920500e+02	0.000000e+00
  9603	1.920700e+02	0.000000e+00
  9604	1.920900e+02	0.000000e+00
  9605	1.921100e+02	0.000000e+00
  9606	1.921300e+02	0.000000e+00
  9607	1.921500e+02	0.000000e+00
  9608	1.921700e+02	0.000000e+00
  9609	1.921900e+02	0.000000e+00
  9610	1.922100e+02	0.000000e+00
  9611	1.922300e+02	0.000000e+00
  9612	1.922500e+02	0.000000e+00
  9613	1.922700e+02	0.000000e+00
  9614	1.922900e+02	0.000000e+00
  9615	1.923100e+02	0.000000e+00
  9616	1.923300e+02	0.000000e+00
  9617	1.923500e+02	0.000000e+00
  9618	1.923700e+02	0.000000e+00
  9619	1.923900e+02	0.000000e+00
  9620	1.924100e+02	0.000000e+00
  9621	1.924300e+02	0.000000e+00
  9622	1.924500e+02	0.000000e+00
  9623	1.924700e+02	0.000000e+00
  9624	1.924900e+02	0.000000e+00
  9625	1.925100e+02	0.000000e+00
  9626	1.925300e+02	0.000000e+00
  9627	1.925500e+02	0.000000e+00
  9628	1.925700e+02	0.000000e+00
  9629	1.925900e+02	0.000000e+00
  9630	1.926100e+02	0.000000e+00
  9631	1.926300e+02	0.000000e+00
  9632	1.926500e+02	0.000000e+00
  9633	1.926700e+02	0.000000e+00
  9634	1.926900e+02	0.000000e+00
  9635	1.927100e+02	0.000000e+00
  9636	1.927300e+02	0.000000e+00
  9637	1.927500e+02	0.000000e+00
  9638	1.927700e+02	0.000000e+00
  9639	1.927900e+02	0.000000e+00
  9640	1.928100e+02	0.000000e+00
  9641	1.928300e+02	0.000000e+00
  9642	1.928500e+02	0.000000e+00
  9643	1.928700e+02	0.000000e+00
  9644	1.928900e+02	0.000000e+00
  9645	1.929100e+02	0.000000e+00
  9646	1.929300e+02	0.000000e+00
  9647	1.929500e+02	0.000000e+00
  9648	1.929700e+02	0.000000e+00
  9649	1.929900e+02	0.000000e+00
  9650	1.930100e+02	0.000000e+00
  9651	1.930300e+02	0.000000e+00
  9652	1.930500e+02	0.000000e+00
  9653	1.930700e+02	0.000000e+00
  9654	1.930900e+02	0.000000e+00
  9655	1.931100e+02	0.000000e+00
  9656	1.931300e+02	0.000000e+00
  9657	1.931500e+02	0.000000e+00
  9658	1.931700e+02	0.000000e+00
  9659	1.931900e+02	0.000000e+00
  9660	1.932100e+02	0.000000e+00
  9661	1.932300e+02	0.000000e+00
  9662	1.932500e+02	0.000000e+00
  9663	1.932700e+02	0.000000e+00
  9664	1.932900e+02	0.000000e+00
  9665	1.933100e+02	0.000000e+00
  9666	1.933300e+02	0.000000e+00
  9667	1.933500e+02	0.000000e+00
  9668	1.933700e+02	0.000000e+00
  9669	1.933900e+02	0.000000e+00
  9670	1.934100e+02	0.000000e+00
  9671	1.934300e+02	0.000000e+00
  9672	1.934500e+02	0.000000e+00
  9673	1.934700e+02	0.000000e+00
  9674	1.934900e+02	0.000000e+00
  9675	1.935100e+02	0.000000e+00
  9676	1.935300e+02	0.000000e+00
  9677	1.935500e+02	0.000000e+00
  9678	1.935700e+02	0.000000e+00
  9679	1.935900e+02	0.000000e+00
  9680	1.936100e+02	0.000000e+00
  9681	1.936300e+02	0.000000e+00
  9682	1.936500e+02	0.000000e+00
  9683	1.936700e+02	0.000000e+00
  9684	1.936900e+02	0.000000e+00
  9685	1.937100e+02	0.000000e+00
  9686	1.937300e+02	0.000000e+00
  9687	1.937500e+02	0.000000e+00
  9688	1.937700e+02	0.000000e+00
  9689	1.937900e+02	0.000000e+00
  9690	1.938100e+02	0.000000e+00
  9691	1.938300e+02	0.000000e+00
  9692	1.938500e+02	0.000000e+00
  9693	1.938700e+02	0.000000e+00
  9694	1.938900e+02	0.000000e+00
  9695	1.939100e+02	0.000000e+00
  9696	1.939300e+02	0.000000e+00
  9697	1.939500e+02	0.000000e+00
  9698	1.939700e+02	0.000000e+00
  9699	1.939900e+02	0.000000e+00
  9700	1.940100e+02	0.000000e+00
  9701	1.940300e+02	0.000000e+00
  9702	1.940500e+02	0.000000e+00
  9703	1.940700e+02	0.000000e+00
  9704	1.940900e+02	0.000000e+00
  9705	1.941100e+02	0.000000e+00
  9706	1.941300e+02	0.000000e+00
  9707	1.941500e+02	0.000000e+00
  9708	1.941700e+02	0.000000e+00
  9709	1.941900e+02	0.000000e+00
  9710	1.942100e+02	0.000000e+00
  9711	1.942300e+02	0.000000e+00
  9712	1.942500e+02	0.000000e+00
  9713	1.942700e+02	0.000000e+00
  9714	1.942900e+02	0.000000e+00
  9715	1.943100e+02	0.000000e+00
  9716	1.943300e+02	0.000000e+00
  9717	1.943500e+02	0.000000e+00
  9718	1.943700e+02	0.000000e+00
  9719	1.943900e+02	0.000000e+00
  9720	1.944100e+02	0.000000e+00
  9721	1.944300e+02	0.000000e+00
  9722	1.944500e+02	0.000000e+00
  9723	1.944700e+02	0.000000e+00
  9724	1.944900e+02	0.000000e+00
  9725	1.945100e+02	0.000000e+00
  9726	1.945300e+02	0.000000e+00
  9727	1.945500e+02	0.000000e+00
  9728	1.945700e+02	0.000000e+00
  9729	1.945900e+02	0.000000e+00
  9730	1.946100e+02	0.000000e+00
  9731	1.946300e+02	0.000000e+00
  9732	1.946500e+02	0.000000e+00
  9733	1.946700e+02	0.000000e+00
  9734	1.946900e+02	0.000000e+00
  9735	1.947100e+02	0.000000e+00
  9736	1.947300e+02	0.000000e+00
  9737	1.947500e+02	0.000000e+00
  9738	1.947700e+02	0.000000e+00
  9739	1.947900e+02	0.000000e+00
  9740	1.948100e+02	0.000000e+00
  9741	1.948300e+02	0.000000e+00
  9742	1.948500e+02	0.000000e+00
  9743	1.948700e+02	0.000000e+00
  9744	1.948900e+02	0.000000e+00
  9745	1.949100e+02	0.000000e+00
  9746	1.949300e+02	0.000000e+00
  9747	1.949500e+02	0.000000e+00
  9748	1.949700e+02	0.000000e+00
  9749	1.949900e+02	0.000000e+00
  9750	1.950100e+02	0.000000e+00
  9751	1.950300e+02	0.000000e+00
  9752	1.950500e+02	0.000000e+00
  9753	1.950700e+02	0.000000e+00
  9754	1.950900e+02	0.000000e+00
  9755	1.951100e+02	0.000000e+00
  9756	1.951300e+02	0.000000e+00
  9757	1.951500e+02	0.000000e+00
  9758	1.951700e+02	0.000000e+00
  9759	1.951900e+02	0.000000e+00
  9760	1.952100e+02	0.000000e+00
  9761	1.952300e+02	0.000000e+00
  9762	1.952500e+02	0.000000e+00
  9763	1.952700e+02	0.000000e+00
  9764	1.952900e+02	0.000000e+00
  9765	1.953100e+02	0.000000e+00
  9766	1.953300e+02	0.000000e+00
  9767	1.953500e+02	0.000000e+00
  9768	1.953700e+02	0.000000e+00
  9769	1.953900e+02	0.000000e+00
  9770	1.954100e+02	0.000000e+00
  9771	1.954300e+02	0.000000e+00
  9772	1.954500e+02	0.000000e+00
  9773	1.954700e+02	0.000000e+00
  9774	1.954900e+02	0.000000e+00
  9775	1.955100e+02	0.000000e+00
  9776	1.955300e+02	0.000000e+00
  9777	1.955500e+02	0.000000e+00
  9778	1.955700e+02	0.000000e+00
  9779	1.955900e+02	0.000000e+00
  9780	1.956100e+02	0.000000e+00
  9781	1.956300e+02	0.000000e+00
  9782	1.956500e+02	0.000000e+00
  9783	1.956700e+02	0.000000e+00
  9784	1.956900e+02	0.000000e+00
  9785	1.957100e+02	0.000000e+00
  9786	1.957300e+02	0.000000e+00
  9787	1.957500e+02	0.000000e+00
  9788	1.957700e+02	0.000000e+00
  9789	1.957900e+02	0.000000e+00
  9790	1.958100e+02	0.000000e+00
  9791	1.958300e+02	0.000000e+00
  9792	1.958500e+02	0.000000e+00
  9793	1.958700e+02	0.000000e+00
  9794	1.958900e+02	0.000000e+00
  9795	1.959100e+02	0.000000e+00
  9796	1.959300e+02	0.000000e+00
  9797	1.959500e+02	0.000000e+00
  9798	1.959700e+02	0.000000e+00
  9799	1.959900e+02	0.000000e+00
  9800	1.960100e+02	0.000000e+00
  9801	1.960300e+02	0.000000e+00
  9802	1.960500e+02	0.000000e+00
  9803	1.960700e+02	0.000000e+00
  9804	1.960900e+02	0.000000e+00
  9805	1.961100e+02	0.000000e+00
  9806	1.961300e+02	0.000000e+00
  9807	1.961500e+02	0.000000e+00
  9808	1.961700e+02	0.000000e+00
  9809	1.961900e+02	0.000000e+00
  9810	1.962100e+02	0.000000e+00
  9811	1.962300e+02	0.000000e+00
  9812	1.962500e+02	0.000000e+00
  9813	1.962700e+02	0.000000e+00
  9814	1.962900e+02	0.000000e+00
  9815	1.963100e+02	0.000000e+00
  9816	1.963300e+02	0.000000e+00
  9817	1.963500e+02	0.000000e+00
  9818	1.963700e+02	0.000000e+00
  9819	1.963900e+02	0.000000e+00
  9820	1.964100e+02	0.000000e+00
  9821	1.964300e+02	0.000000e+00
  9822	1.964500e+02	0.000000e+00
  9823	1.964700e+02	0.000000e+00
  9824	1.964900e+02	0.000000e+00
  9825	1.965100e+02	0.000000e+00
  9826	1.965300e+02	0.000000e+00
  9827	1.965500e+02	0.000000e+00
  9828	1.965700e+02	0.000000e+00
  9829	1.965900e+02	0.000000e+00
  9830	1.966100e+02	0.000000e+00
  9831	1.966300e+02	0.000000e+00
  9832	1.966500e+02	0.000000e+00
  9833	1.966700e+02	0.000000e+00
  9834	1.966900e+02	0.000000e+00
  9835	1.967100e+02	0.000000e+00
  9836	1.967300e+02	0.000000e+00
  9837	1.967500e+02	0.000000e+00
  9838	1.967700e+02	0.000000e+00
  9839	1.967900e+02	0.000000e+00
  9840	1.968100e+02	0.000000e+00
  9841	1.968300e+02	0.000000e+00
  9842	1.968500e+02	0.000000e+00
  9843	1.968700e+02	0.000000e+00
  9844	1.968900e+02	0.000000e+00
  9845	1.969100e+02	0.000000e+00
  9846	1.969300e+02	0.000000e+00
  9847	1.969500e+02	0.000000e+00
  9848	1.969700e+02	0.000000e+00
  9849	1.969900e+02	0.000000e+00
  9850	1.970100e+02	0.000000e+00
  9851	1.970300e+02	0.000000e+00
  9852	1.970500e+02	0.000000e+00
  9853	1.970700e+02	0.000000e+00
  9854	1.970900e+02	0.000000e+00
  9855	1.971100e+02	0.000000e+00
  9856	1.971300e+02	0.000000e+00
  9857	1.971500e+02	0.000000e+00
  9858	1.971700e+02	0.000000e+00
  9859	1.971900e+02	0.000000e+00
  9860	1.972100e+02	0.000000e+00
  9861	1.972300e+02	0.000000e+00
  9862	1.972500e+02	0.000000e+00
  9863	1.972700e+02	0.000000e+00
  9864	1.972900e+02	0.000000e+00
  9865	1.973100e+02	0.000000e+00
  9866	1.973300e+02	0.000000e+00
  9867	1.973500e+02	0.000000e+00
  9868	1.973700e+02	0.000000e+00
  9869	1.973900e+02	0.000000e+00
  9870	1.974100e+02	0.000000e+00
  9871	1.974300e+02	0.000000e+00
  9872	1.974500e+02	0.000000e+00
  9873	1.974700e+02	0.000000e+00
  9874	1.974900e+02	0.000000e+00
  9875	1.975100e+02	0.000000e+00
  9876	1.975300e+02	0.000000e+00
  9877	1.975500e+02	0.000000e+00
  9878	1.975700e+02	0.000000e+00
  9879	1.975900e+02	0.000000e+00
  9880	1.976100e+02	0.000000e+00
  9881	1.976300e+02	0.000000e+00
  9882	1.976500e+02	0.000000e+00
  9883	1.976700e+02	0.000000e+00
  9884	1.976900e+02	0.000000e+00
  9885	1.977100e+02	0.000000e+00
  9886	1.977300e+02	0.000000e+00
  9887	1.977500e+02	0.000000e+00
  9888	1.977700e+02	0.000000e+00
  9889	1.977900e+02	0.000000e+00
  9890	1.978100e+02	0.000000e+00
  9891	1.978300e+02	0.000000e+00
  9892	1.978500e+02	0.000000e+00
  9893	1.978700e+02	0.000000e+00
  9894	1.978900e+02	0.000000e+00
  9895	1.979100e+02	0.000000e+00
  9896	1.979300e+02	0.000000e+00
  9897	1.979500e+02	0.000000e+00
  9898	1.979700e+02	0.000000e+00
  9899	1.979900e+02	0.000000e+00
  9900	1.980100e+02	0.000000e+00
  9901	1.980300e+02	0.000000e+00
  9902	1.980500e+02	0.000000e+00
  9903	1.980700e+02	0.000000e+00
  9904	1.980900e+02	0.000000e+00
  9905	1.981100e+02	0.000000e+00
  9906	1.981300e+02	0.000000e+00
  9907	1.981500e+02	0.000000e+00
  9908	1.981700e+02	0.000000e+00
  9909	1.981900e+02	0.000000e+00
  9910	1.982100e+02	0.000000e+00
  9911	1.982300e+02	0.000000e+00
  9912	1.982500e+02	0.000000e+00
  9913	1.982700e+02	0.000000e+00
  9914	1.982900e+02	0.000000e+00
  9915	1.983100e+02	0.000000e+00
  9916	1.983300e+02	0.000000e+00
  9917	1.983500e+02	0.000000e+00
  9918	1.983700e+02	0.000000e+00
  9919	1.983900e+02	0.000000e+00
  9920	1.984100e+02	0.000000e+00
  9921	1.984300e+02	0.000000e+00
  9922	1.984500e+02	0.000000e+00
  9923	1.984700e+02	0.000000e+00
  9924	1.984900e+02	0.000000e+00
  9925	1.985100e+02	0.000000e+00
  9926	1.985300e+02	0.000000e+00
  9927	1.985500e+02	0.000000e+00
  9928	1.985700e+02	0.000000e+00
  9929	1.985900e+02	0.000000e+00
  9930	1.986100e+02	0.000000e+00
  9931	1.986300e+02	0.000000e+00
  9932	1.986500e+02	0.000000e+00
  9933	1.986700e+02	0.000000e+00
  9934	1.986900e+02	0.000000e+00
  9935	1.987100e+02	0.000000e+00
  9936	1.987300e+02	0.000000e+00
  9937	1.987500e+02	0.000000e+00
  9938	1.987700e+02	0.000000e+00
  9939	1.987900e+02	0.000000e+00
  9940	1.988100e+02	0.000000e+00
  9941	1.988300e+02	0.000000e+00
  9942	1.988500e+02	0.000000e+00
  9943	1.988700e+02	0.000000e+00
  9944	1.988900e+02	0.000000e+00
  9945	1.989100e+02	0.000000e+00
  9946	1.989300e+02	0.000000e+00
  9947	1.989500e+02	0.000000e+00
  9948	1.989700e+02	0.000000e+00
  9949	1.989900e+02	0.000000e+00
  9950	1.990100e+02	0.000000e+00
  9951	1.990300e+02	0.000000e+00
  9952	1.990500e+02	0.000000e+00
  9953	1.990700e+02	0.000000e+00
  9954	1.990900e+02	0.000000e+00
  9955	1.991100e+02	0.000000e+00
  9956	1.991300e+02	0.000000e+00
  9957	1.991500e+02	0.000000e+00
  9958	1.991700e+02	0.000000e+00
  9959	1.991900e+02	0.000000e+00
  9960	1.992100e+02	0.000000e+00
  9961	1.992300e+02	0.000000e+00
  9962	1.992500e+02	0.000000e+00
  9963	1.992700e+02	0.000000e+00
  9964	1.992900e+02	0.000000e+00
  9965	1.993100e+02	0.000000e+00
  9966	1.993300e+02	0.000000e+00
  9967	1.993500e+02	0.000000e+00
  9968	1.993700e+02	0.000000e+00
  9969	1.993900e+02	0.000000e+00
  9970	1.994100e+02	0.000000e+00
  9971	1.994300e+02	0.000000e+00
  9972	1.994500e+02	0.000000e+00
  9973	1.994700e+02	0.000000e+00
  9974	1.994900e+02	0.000000e+00
  9975	1.995100e+02	0.000000e+00
  9976	1.995300e+02	0.000000e+00
  9977	1.995500e+02	0.000000e+00
  9978	1.995700e+02	0.000000e+00
  9979	1.995900e+02	0.000000e+00
  9980	1.996100e+02	0.000000e+00
  9981	1.996300e+02	0.000000e+00
  9982	1.996500e+02	0.000000e+00
  9983	1.996700e+02	0.000000e+00
  9984	1.996900e+02	0.000000e+00
  9985	1.997100e+02	0.000000e+00
  9986	1.997300e+02	0.000000e+00
  9987	1.997500e+02	0.000000e+00
  9988	1.997700e+02	0.000000e+00
  9989	1.997900e+02	0.000000e+00
  9990	1.998100e+02	0.000000e+00
  9991	1.998300e+02	0.000000e+00
  9992	1.998500e+02	0.000000e+00
  9993	1.998700e+02	0.000000e+00
  9994	1.998900e+02	0.000000e+00
  9995	1.999100e+02	0.000000e+00
  9996	1.999300e+02	0.000000e+00
  9997	1.999500e+02	0.000000e+00
  9998	1.999700e+02	0.000000e+00
  9999	1.999900e+02	0.000000e+00

  1D histogram 12: energy spectrum of secondary e-
 
 	     X 		     Y
  0	5.000000e-02	0.000000e+00
  1	1.500000e-01	0.000000e+00
  2	2.500000e-01	0.000000e+00
  3	3.500000e-01	0.000000e+00
  4	4.500000e-01	0.000000e+00
  5	5.500000e-01	0.000000e+00
  6	6.500000e-01	0.000000e+00
  7	7.500000e-01	0.000000e+00
  8	8.500000e-01	0.000000e+00
  9	9.500000e-01	1.956510e+05
  10	1.050000e+00	1.766146e+06
  11	1.150000e+00	1.474626e+06
  12	1.250000e+00	1.248014e+06
  13	1.350000e+00	1.068261e+06
  14	1.450000e+00	9.257520e+05
  15	1.550000e+00	8.093680e+05
  16	1.650000e+00	7.147310e+05
  17	1.750000e+00	6.347780e+05
  18	1.850000e+00	5.679660e+05
  19	1.950000e+00	5.111130e+05
  20	2.050000e+00	4.637010e+05
  21	2.150000e+00	4.206660e+05
  22	2.250000e+00	3.836910e+05
  23	2.350000e+00	3.521120e+05
  24	2.450000e+00	3.243230e+05
  25	2.550000e+00	2.982330e+05
  26	2.650000e+00	2.772150e+05
  27	2.750000e+00	2.568520e+05
  28	2.850000e+00	2.390260e+05
  29	2.950000e+00	2.233750e+05
  30	3.050000e+00	2.093820e+05
  31	3.150000e+00	1.967380e+05
  32	3.250000e+00	1.840820e+05
  33	3.350000e+00	1.727400e+05
  34	3.450000e+00	1.631350e+05
  35	3.550000e+00	1.535710e+05
  36	3.650000e+00	1.456350e+05
  37	3.750000e+00	1.380990e+05
  38	3.850000e+00	1.315230e+05
  39	3.950000e+00	1.246680e+05
  40	4.050000e+00	1.187170e+05
  41	4.150000e+00	1.127030e+05
  42	4.250000e+00	1.073180e+05
  43	4.350000e+00	1.022360e+05
  44	4.450000e+00	9.805200e+04
  45	4.550000e+00	9.364400e+04
  46	4.650000e+00	8.972700e+04
  47	4.750000e+00	8.553500e+04
  48	4.850000e+00	8.257300e+04
  49	4.950000e+00	7.876300e+04
  50	5.050000e+00	7.582100e+04
  51	5.150000e+00	7.267300e+04
  52	5.250000e+00	7.024200e+04
  53	5.350000e+00	6.772700e+04
  54	5.450000e+00	6.526900e+04
  55	5.550000e+00	6.299700e+04
  56	5.650000e+00	6.076400e+04
  57	5.750000e+00	5.806200e+04
  58	5.850000e+00	5.662200e+04
  59	5.950000e+00	5.460100e+04
  60	6.050000e+00	5.281100e+04
  61	6.150000e+00	5.152400e+04
  62	6.250000e+00	4.950900e+04
  63	6.350000e+00	4.775400e+04
  64	6.450000e+00	4.646700e+04
  65	6.550000e+00	4.533600e+04
  66	6.650000e+00	4.412600e+04
  67	6.750000e+00	4.255000e+04
  68	6.850000e+00	4.108600e+04
  69	6.950000e+00	3.986300e+04
  70	7.050000e+00	3.931300e+04
  71	7.150000e+00	3.814800e+04
  72	7.250000e+00	3.709200e+04
  73	7.350000e+00	3.595800e+04
  74	7.450000e+00	3.429200e+04
  75	7.550000e+00	3.365700e+04
  76	7.650000e+00	3.283200e+04
  77	7.750000e+00	3.208400e+04
  78	7.850000e+00	3.150500e+04
  79	7.950000e+00	3.030200e+04
  80	8.050000e+00	2.996400e+04
  81	8.150000e+00	2.930500e+04
  82	8.250000e+00	2.821200e+04
  83	8.350000e+00	2.784600e+04
  84	8.450000e+00	2.678900e+04
  85	8.550000e+00	2.635300e+04
  86	8.650000e+00	2.615000e+04
  87	8.750000e+00	2.502200e+04
  88	8.850000e+00	2.468900e+04
  89	8.950000e+00	2.411600e+04
  90	9.050000e+00	2.345200e+04
  91	9.150000e+00	2.315500e+04
  92	9.250000e+00	2.270600e+04
  93	9.350000e+00	2.215300e+04
  94	9.450000e+00	2.200800e+04
  95	9.550000e+00	2.127700e+04
  96	9.650000e+00	2.088100e+04
  97	9.750000e+00	2.055600e+04
  98	9.850000e+00	1.971100e+04
  99	9.950000e+00	1.943100e+04
  100	1.005000e+01	1.956000e+04
  101	1.015000e+01	1.872700e+04
  102	1.025000e+01	1.845900e+04
  103	1.035000e+01	1.790700e+04
  104	1.045000e+01	1.793800e+04
  105	1.055000e+01	1.756700e+04
  106	1.065000e+01	1.715200e+04
  107	1.075000e+01	1.674100e+04
  108	1.085000e+01	1.645100e+04
  109	1.095000e+01	1.599300e+04
  110	1.105000e+01	1.578800e+04
  111	1.115000e+01	1.560000e+04
  112	1.125000e+01	1.539500e+04
  113	1.135000e+01	1.489000e+04
  114	1.145000e+01	1.476900e+04
  115	1.155000e+01	1.446800e+04
  116	1.165000e+01	1.426900e+04
  117	1.175000e+01	1.400700e+04
  118	1.185000e+01	1.366400e+04
  119	1.195000e+01	1.379600e+04
  120	1.205000e+01	1.325800e+04
  121	1.215000e+01	1.318600e+04
  122	1.225000e+01	1.271700e+04
  123	1.235000e+01	1.251400e+04
  124	1.245000e+01	1.228500e+04
  125	1.255000e+01	1.227600e+04
  126	1.265000e+01	1.204100e+04
  127	1.275000e+01	1.206600e+04
  128	1.285000e+01	1.163100e+04
  129	1.295000e+01	1.145900e+04
  130	1.305000e+01	1.127800e+04
  131	1.315000e+01	1.135600e+04
  132	1.325000e+01	1.086800e+04
  133	1.335000e+01	1.089600e+04
  134	1.345000e+01	1.059300e+04
  135	1.355000e+01	1.040900e+04
  136	1.365000e+01	1.026900e+04
  137	1.375000e+01	1.023500e+04
  138	1.385000e+01	1.019800e+04
  139	1.395000e+01	9.985000e+03
  140	1.405000e+01	9.762000e+03
  141	1.415000e+01	9.647000e+03
  142	1.425000e+01	9.446000e+03
  143	1.435000e+01	9.293000e+03
  144	1.445000e+01	9.185000e+03
  145	1.455000e+01	9.135000e+03
  146	1.465000e+01	8.850000e+03
  147	1.475000e+01	8.740000e+03
  148	1.485000e+01	8.791000e+03
  149	1.495000e+01	8.697000e+03
  150	1.505000e+01	8.320000e+03
  151	1.515000e+01	8.309000e+03
  152	1.525000e+01	8.176000e+03
  153	1.535000e+01	8.222000e+03
  154	1.545000e+01	7.892000e+03
  155	1.555000e+01	7.980000e+03
  156	1.565000e+01	7.800000e+03
  157	1.575000e+01	7.800000e+03
  158	1.585000e+01	7.647000e+03
  159	1.595000e+01	7.507000e+03
  160	1.605000e+01	7.555000e+03
  161	1.615000e+01	7.393000e+03
  162	1.625000e+01	7.307000e+03
  163	1.635000e+01	7.154000e+03
  164	1.645000e+01	7.079000e+03
  165	1.655000e+01	6.901000e+03
  166	1.665000e+01	6.873000e+03
  167	1.675000e+01	6.750000e+03
  168	1.685000e+01	6.882000e+03
  169	1.695000e+01	6.702000e+03
  170	1.705000e+01	6.635000e+03
  171	1.715000e+01	6.624000e+03
  172	1.725000e+01	6.395000e+03
  173	1.735000e+01	6.393000e+03
  174	1.745000e+01	6.109000e+03
  175	1.755000e+01	6.166000e+03
  176	1.765000e+01	6.026000e+03
  177	1.775000e+01	6.143000e+03
  178	1.785000e+01	6.155000e+03
  179	1.795000e+01	5.928000e+03
  180	1.805000e+01	5.780000e+03
  181	1.815000e+01	5.863000e+03
  182	1.825000e+01	5.707000e+03
  183	1.835000e+01	5.547000e+03
  184	1.845000e+01	5.592000e+03
  185	1.855000e+01	5.588000e+03
  186	1.865000e+01	5.407000e+03
  187	1.875000e+01	5.327000e+03
  188	1.885000e+01	5.486000e+03
  189	1.895000e+01	5.290000e+03
  190	1.905000e+01	5.301000e+03
  191	1.915000e+01	5.183000e+03
  192	1.925000e+01	5.267000e+03
  193	1.935000e+01	5.045000e+03
  194	1.945000e+01	5.096000e+03
  195	1.955000e+01	5.001000e+03
  196	1.965000e+01	4.944000e+03
  197	1.975000e+01	4.912000e+03
  198	1.985000e+01	4.943000e+03
  199	1.995000e+01	4.804000e+03
